2026-06-01 18:19:39,040:WARNING:
'cuml' is a soft dependency and not included in the pycaret installation. Please run: `pip install cuml` to install.
2026-06-01 18:19:39,040:WARNING:
'cuml' is a soft dependency and not included in the pycaret installation. Please run: `pip install cuml` to install.
2026-06-01 18:19:39,040:WARNING:
'cuml' is a soft dependency and not included in the pycaret installation. Please run: `pip install cuml` to install.
2026-06-01 18:19:39,040:WARNING:
'cuml' is a soft dependency and not included in the pycaret installation. Please run: `pip install cuml` to install.
2026-06-01 18:22:22,866:WARNING:c:\Users\PC\AppData\Local\Programs\Python\Python311\Lib\site-packages\numpy\lib\nanfunctions.py:1215: RuntimeWarning: Mean of empty slice
  return np.nanmean(a, axis, out=out, keepdims=keepdims)

2026-06-01 18:22:22,868:WARNING:c:\Users\PC\AppData\Local\Programs\Python\Python311\Lib\site-packages\numpy\lib\nanfunctions.py:1215: RuntimeWarning: Mean of empty slice
  return np.nanmean(a, axis, out=out, keepdims=keepdims)

2026-06-01 18:22:22,868:WARNING:c:\Users\PC\AppData\Local\Programs\Python\Python311\Lib\site-packages\numpy\lib\nanfunctions.py:1215: RuntimeWarning: Mean of empty slice
  return np.nanmean(a, axis, out=out, keepdims=keepdims)

2026-06-01 18:22:22,870:WARNING:c:\Users\PC\AppData\Local\Programs\Python\Python311\Lib\site-packages\numpy\lib\nanfunctions.py:1215: RuntimeWarning: Mean of empty slice
  return np.nanmean(a, axis, out=out, keepdims=keepdims)

2026-06-01 18:22:22,872:WARNING:c:\Users\PC\AppData\Local\Programs\Python\Python311\Lib\site-packages\numpy\lib\nanfunctions.py:1215: RuntimeWarning: Mean of empty slice
  return np.nanmean(a, axis, out=out, keepdims=keepdims)

2026-06-01 18:22:22,873:WARNING:c:\Users\PC\AppData\Local\Programs\Python\Python311\Lib\site-packages\numpy\lib\nanfunctions.py:1215: RuntimeWarning: Mean of empty slice
  return np.nanmean(a, axis, out=out, keepdims=keepdims)

2026-06-01 18:22:22,873:WARNING:c:\Users\PC\AppData\Local\Programs\Python\Python311\Lib\site-packages\numpy\lib\nanfunctions.py:1215: RuntimeWarning: Mean of empty slice
  return np.nanmean(a, axis, out=out, keepdims=keepdims)

2026-06-01 18:22:22,873:WARNING:c:\Users\PC\AppData\Local\Programs\Python\Python311\Lib\site-packages\numpy\lib\nanfunctions.py:1215: RuntimeWarning: Mean of empty slice
  return np.nanmean(a, axis, out=out, keepdims=keepdims)

2026-06-01 18:22:22,874:WARNING:c:\Users\PC\AppData\Local\Programs\Python\Python311\Lib\site-packages\numpy\lib\nanfunctions.py:1215: RuntimeWarning: Mean of empty slice
  return np.nanmean(a, axis, out=out, keepdims=keepdims)

2026-06-01 18:22:22,874:WARNING:c:\Users\PC\AppData\Local\Programs\Python\Python311\Lib\site-packages\numpy\lib\nanfunctions.py:1215: RuntimeWarning: Mean of empty slice
  return np.nanmean(a, axis, out=out, keepdims=keepdims)

2026-06-01 18:22:22,876:WARNING:c:\Users\PC\AppData\Local\Programs\Python\Python311\Lib\site-packages\numpy\lib\nanfunctions.py:1215: RuntimeWarning: Mean of empty slice
  return np.nanmean(a, axis, out=out, keepdims=keepdims)

2026-06-01 18:22:22,877:WARNING:c:\Users\PC\AppData\Local\Programs\Python\Python311\Lib\site-packages\numpy\lib\nanfunctions.py:1215: RuntimeWarning: Mean of empty slice
  return np.nanmean(a, axis, out=out, keepdims=keepdims)

2026-06-01 18:22:22,878:WARNING:c:\Users\PC\AppData\Local\Programs\Python\Python311\Lib\site-packages\numpy\lib\nanfunctions.py:1215: RuntimeWarning: Mean of empty slice
  return np.nanmean(a, axis, out=out, keepdims=keepdims)

2026-06-01 18:22:22,878:WARNING:c:\Users\PC\AppData\Local\Programs\Python\Python311\Lib\site-packages\numpy\lib\nanfunctions.py:1215: RuntimeWarning: Mean of empty slice
  return np.nanmean(a, axis, out=out, keepdims=keepdims)

2026-06-01 18:22:22,879:WARNING:c:\Users\PC\AppData\Local\Programs\Python\Python311\Lib\site-packages\numpy\lib\nanfunctions.py:1215: RuntimeWarning: Mean of empty slice
  return np.nanmean(a, axis, out=out, keepdims=keepdims)

2026-06-01 18:22:22,879:WARNING:c:\Users\PC\AppData\Local\Programs\Python\Python311\Lib\site-packages\numpy\lib\nanfunctions.py:1215: RuntimeWarning: Mean of empty slice
  return np.nanmean(a, axis, out=out, keepdims=keepdims)

2026-06-01 18:22:22,898:WARNING:c:\Users\PC\AppData\Local\Programs\Python\Python311\Lib\site-packages\numpy\lib\nanfunctions.py:1215: RuntimeWarning: Mean of empty slice
  return np.nanmean(a, axis, out=out, keepdims=keepdims)

2026-06-01 18:22:22,899:WARNING:c:\Users\PC\AppData\Local\Programs\Python\Python311\Lib\site-packages\numpy\lib\nanfunctions.py:1215: RuntimeWarning: Mean of empty slice
  return np.nanmean(a, axis, out=out, keepdims=keepdims)

2026-06-01 18:22:22,899:WARNING:c:\Users\PC\AppData\Local\Programs\Python\Python311\Lib\site-packages\numpy\lib\nanfunctions.py:1215: RuntimeWarning: Mean of empty slice
  return np.nanmean(a, axis, out=out, keepdims=keepdims)

2026-06-01 18:22:22,899:WARNING:c:\Users\PC\AppData\Local\Programs\Python\Python311\Lib\site-packages\numpy\lib\nanfunctions.py:1215: RuntimeWarning: Mean of empty slice
  return np.nanmean(a, axis, out=out, keepdims=keepdims)

2026-06-01 18:22:22,901:WARNING:c:\Users\PC\AppData\Local\Programs\Python\Python311\Lib\site-packages\numpy\lib\nanfunctions.py:1215: RuntimeWarning: Mean of empty slice
  return np.nanmean(a, axis, out=out, keepdims=keepdims)

2026-06-01 18:22:22,902:WARNING:c:\Users\PC\AppData\Local\Programs\Python\Python311\Lib\site-packages\numpy\lib\nanfunctions.py:1215: RuntimeWarning: Mean of empty slice
  return np.nanmean(a, axis, out=out, keepdims=keepdims)

2026-06-01 18:22:22,902:WARNING:c:\Users\PC\AppData\Local\Programs\Python\Python311\Lib\site-packages\numpy\lib\nanfunctions.py:1215: RuntimeWarning: Mean of empty slice
  return np.nanmean(a, axis, out=out, keepdims=keepdims)

2026-06-01 18:22:22,904:WARNING:c:\Users\PC\AppData\Local\Programs\Python\Python311\Lib\site-packages\numpy\lib\nanfunctions.py:1215: RuntimeWarning: Mean of empty slice
  return np.nanmean(a, axis, out=out, keepdims=keepdims)

2026-06-01 18:22:22,904:WARNING:c:\Users\PC\AppData\Local\Programs\Python\Python311\Lib\site-packages\numpy\lib\nanfunctions.py:1215: RuntimeWarning: Mean of empty slice
  return np.nanmean(a, axis, out=out, keepdims=keepdims)

2026-06-01 18:22:22,904:WARNING:c:\Users\PC\AppData\Local\Programs\Python\Python311\Lib\site-packages\numpy\lib\nanfunctions.py:1215: RuntimeWarning: Mean of empty slice
  return np.nanmean(a, axis, out=out, keepdims=keepdims)

2026-06-01 18:22:22,904:WARNING:c:\Users\PC\AppData\Local\Programs\Python\Python311\Lib\site-packages\numpy\lib\nanfunctions.py:1215: RuntimeWarning: Mean of empty slice
  return np.nanmean(a, axis, out=out, keepdims=keepdims)

2026-06-01 18:22:22,905:WARNING:c:\Users\PC\AppData\Local\Programs\Python\Python311\Lib\site-packages\numpy\lib\nanfunctions.py:1215: RuntimeWarning: Mean of empty slice
  return np.nanmean(a, axis, out=out, keepdims=keepdims)

2026-06-01 18:22:22,906:WARNING:c:\Users\PC\AppData\Local\Programs\Python\Python311\Lib\site-packages\numpy\lib\nanfunctions.py:1215: RuntimeWarning: Mean of empty slice
  return np.nanmean(a, axis, out=out, keepdims=keepdims)

2026-06-01 18:22:22,907:WARNING:c:\Users\PC\AppData\Local\Programs\Python\Python311\Lib\site-packages\numpy\lib\nanfunctions.py:1215: RuntimeWarning: Mean of empty slice
  return np.nanmean(a, axis, out=out, keepdims=keepdims)

2026-06-01 18:22:22,908:WARNING:c:\Users\PC\AppData\Local\Programs\Python\Python311\Lib\site-packages\numpy\lib\nanfunctions.py:1215: RuntimeWarning: Mean of empty slice
  return np.nanmean(a, axis, out=out, keepdims=keepdims)

2026-06-01 18:22:22,909:WARNING:c:\Users\PC\AppData\Local\Programs\Python\Python311\Lib\site-packages\numpy\lib\nanfunctions.py:1215: RuntimeWarning: Mean of empty slice
  return np.nanmean(a, axis, out=out, keepdims=keepdims)

2026-06-01 18:22:22,909:WARNING:c:\Users\PC\AppData\Local\Programs\Python\Python311\Lib\site-packages\numpy\lib\nanfunctions.py:1215: RuntimeWarning: Mean of empty slice
  return np.nanmean(a, axis, out=out, keepdims=keepdims)

2026-06-01 18:22:22,910:WARNING:c:\Users\PC\AppData\Local\Programs\Python\Python311\Lib\site-packages\numpy\lib\nanfunctions.py:1215: RuntimeWarning: Mean of empty slice
  return np.nanmean(a, axis, out=out, keepdims=keepdims)

2026-06-01 18:22:22,910:WARNING:c:\Users\PC\AppData\Local\Programs\Python\Python311\Lib\site-packages\numpy\lib\nanfunctions.py:1215: RuntimeWarning: Mean of empty slice
  return np.nanmean(a, axis, out=out, keepdims=keepdims)

2026-06-01 18:22:22,929:WARNING:c:\Users\PC\AppData\Local\Programs\Python\Python311\Lib\site-packages\numpy\lib\nanfunctions.py:1215: RuntimeWarning: Mean of empty slice
  return np.nanmean(a, axis, out=out, keepdims=keepdims)

2026-06-01 18:22:22,935:WARNING:c:\Users\PC\AppData\Local\Programs\Python\Python311\Lib\site-packages\numpy\lib\nanfunctions.py:1215: RuntimeWarning: Mean of empty slice
  return np.nanmean(a, axis, out=out, keepdims=keepdims)

2026-06-01 18:22:23,083:WARNING:c:\Users\PC\AppData\Local\Programs\Python\Python311\Lib\site-packages\numpy\lib\nanfunctions.py:1215: RuntimeWarning: Mean of empty slice
  return np.nanmean(a, axis, out=out, keepdims=keepdims)

2026-06-01 18:22:23,083:WARNING:c:\Users\PC\AppData\Local\Programs\Python\Python311\Lib\site-packages\numpy\lib\nanfunctions.py:1215: RuntimeWarning: Mean of empty slice
  return np.nanmean(a, axis, out=out, keepdims=keepdims)

2026-06-01 18:22:23,084:WARNING:c:\Users\PC\AppData\Local\Programs\Python\Python311\Lib\site-packages\numpy\lib\nanfunctions.py:1215: RuntimeWarning: Mean of empty slice
  return np.nanmean(a, axis, out=out, keepdims=keepdims)

2026-06-01 18:22:23,086:WARNING:c:\Users\PC\AppData\Local\Programs\Python\Python311\Lib\site-packages\numpy\lib\nanfunctions.py:1215: RuntimeWarning: Mean of empty slice
  return np.nanmean(a, axis, out=out, keepdims=keepdims)

2026-06-01 18:22:23,115:WARNING:c:\Users\PC\AppData\Local\Programs\Python\Python311\Lib\site-packages\numpy\lib\nanfunctions.py:1215: RuntimeWarning: Mean of empty slice
  return np.nanmean(a, axis, out=out, keepdims=keepdims)

2026-06-01 18:22:23,115:WARNING:c:\Users\PC\AppData\Local\Programs\Python\Python311\Lib\site-packages\numpy\lib\nanfunctions.py:1215: RuntimeWarning: Mean of empty slice
  return np.nanmean(a, axis, out=out, keepdims=keepdims)

2026-06-01 18:22:23,116:WARNING:c:\Users\PC\AppData\Local\Programs\Python\Python311\Lib\site-packages\numpy\lib\nanfunctions.py:1215: RuntimeWarning: Mean of empty slice
  return np.nanmean(a, axis, out=out, keepdims=keepdims)

2026-06-01 18:22:23,118:WARNING:c:\Users\PC\AppData\Local\Programs\Python\Python311\Lib\site-packages\numpy\lib\nanfunctions.py:1215: RuntimeWarning: Mean of empty slice
  return np.nanmean(a, axis, out=out, keepdims=keepdims)

2026-06-01 18:22:23,138:WARNING:c:\Users\PC\AppData\Local\Programs\Python\Python311\Lib\site-packages\numpy\lib\nanfunctions.py:1215: RuntimeWarning: Mean of empty slice
  return np.nanmean(a, axis, out=out, keepdims=keepdims)

2026-06-01 18:22:23,139:WARNING:c:\Users\PC\AppData\Local\Programs\Python\Python311\Lib\site-packages\numpy\lib\nanfunctions.py:1215: RuntimeWarning: Mean of empty slice
  return np.nanmean(a, axis, out=out, keepdims=keepdims)

2026-06-01 18:22:23,141:WARNING:c:\Users\PC\AppData\Local\Programs\Python\Python311\Lib\site-packages\numpy\lib\nanfunctions.py:1215: RuntimeWarning: Mean of empty slice
  return np.nanmean(a, axis, out=out, keepdims=keepdims)

2026-06-01 18:22:23,142:WARNING:c:\Users\PC\AppData\Local\Programs\Python\Python311\Lib\site-packages\numpy\lib\nanfunctions.py:1215: RuntimeWarning: Mean of empty slice
  return np.nanmean(a, axis, out=out, keepdims=keepdims)

2026-06-01 18:22:23,144:WARNING:c:\Users\PC\AppData\Local\Programs\Python\Python311\Lib\site-packages\numpy\lib\nanfunctions.py:1215: RuntimeWarning: Mean of empty slice
  return np.nanmean(a, axis, out=out, keepdims=keepdims)

2026-06-01 18:22:23,144:WARNING:c:\Users\PC\AppData\Local\Programs\Python\Python311\Lib\site-packages\numpy\lib\nanfunctions.py:1215: RuntimeWarning: Mean of empty slice
  return np.nanmean(a, axis, out=out, keepdims=keepdims)

2026-06-01 18:22:23,145:WARNING:c:\Users\PC\AppData\Local\Programs\Python\Python311\Lib\site-packages\numpy\lib\nanfunctions.py:1215: RuntimeWarning: Mean of empty slice
  return np.nanmean(a, axis, out=out, keepdims=keepdims)

2026-06-01 18:22:23,146:WARNING:c:\Users\PC\AppData\Local\Programs\Python\Python311\Lib\site-packages\numpy\lib\nanfunctions.py:1215: RuntimeWarning: Mean of empty slice
  return np.nanmean(a, axis, out=out, keepdims=keepdims)

2026-06-01 18:22:23,147:WARNING:c:\Users\PC\AppData\Local\Programs\Python\Python311\Lib\site-packages\numpy\lib\nanfunctions.py:1215: RuntimeWarning: Mean of empty slice
  return np.nanmean(a, axis, out=out, keepdims=keepdims)

2026-06-01 18:22:23,148:WARNING:c:\Users\PC\AppData\Local\Programs\Python\Python311\Lib\site-packages\numpy\lib\nanfunctions.py:1215: RuntimeWarning: Mean of empty slice
  return np.nanmean(a, axis, out=out, keepdims=keepdims)

2026-06-01 18:22:23,149:WARNING:c:\Users\PC\AppData\Local\Programs\Python\Python311\Lib\site-packages\numpy\lib\nanfunctions.py:1215: RuntimeWarning: Mean of empty slice
  return np.nanmean(a, axis, out=out, keepdims=keepdims)

2026-06-01 18:22:23,150:WARNING:c:\Users\PC\AppData\Local\Programs\Python\Python311\Lib\site-packages\numpy\lib\nanfunctions.py:1215: RuntimeWarning: Mean of empty slice
  return np.nanmean(a, axis, out=out, keepdims=keepdims)

2026-06-01 18:22:23,168:WARNING:c:\Users\PC\AppData\Local\Programs\Python\Python311\Lib\site-packages\numpy\lib\nanfunctions.py:1215: RuntimeWarning: Mean of empty slice
  return np.nanmean(a, axis, out=out, keepdims=keepdims)

2026-06-01 18:22:23,169:WARNING:c:\Users\PC\AppData\Local\Programs\Python\Python311\Lib\site-packages\numpy\lib\nanfunctions.py:1215: RuntimeWarning: Mean of empty slice
  return np.nanmean(a, axis, out=out, keepdims=keepdims)

2026-06-01 18:22:23,171:WARNING:c:\Users\PC\AppData\Local\Programs\Python\Python311\Lib\site-packages\numpy\lib\nanfunctions.py:1215: RuntimeWarning: Mean of empty slice
  return np.nanmean(a, axis, out=out, keepdims=keepdims)

2026-06-01 18:22:23,172:WARNING:c:\Users\PC\AppData\Local\Programs\Python\Python311\Lib\site-packages\numpy\lib\nanfunctions.py:1215: RuntimeWarning: Mean of empty slice
  return np.nanmean(a, axis, out=out, keepdims=keepdims)

2026-06-01 18:22:23,174:WARNING:c:\Users\PC\AppData\Local\Programs\Python\Python311\Lib\site-packages\numpy\lib\nanfunctions.py:1215: RuntimeWarning: Mean of empty slice
  return np.nanmean(a, axis, out=out, keepdims=keepdims)

2026-06-01 18:22:23,174:WARNING:c:\Users\PC\AppData\Local\Programs\Python\Python311\Lib\site-packages\numpy\lib\nanfunctions.py:1215: RuntimeWarning: Mean of empty slice
  return np.nanmean(a, axis, out=out, keepdims=keepdims)

2026-06-01 18:22:23,175:WARNING:c:\Users\PC\AppData\Local\Programs\Python\Python311\Lib\site-packages\numpy\lib\nanfunctions.py:1215: RuntimeWarning: Mean of empty slice
  return np.nanmean(a, axis, out=out, keepdims=keepdims)

2026-06-01 18:22:23,176:WARNING:c:\Users\PC\AppData\Local\Programs\Python\Python311\Lib\site-packages\numpy\lib\nanfunctions.py:1215: RuntimeWarning: Mean of empty slice
  return np.nanmean(a, axis, out=out, keepdims=keepdims)

2026-06-01 18:22:23,177:WARNING:c:\Users\PC\AppData\Local\Programs\Python\Python311\Lib\site-packages\numpy\lib\nanfunctions.py:1215: RuntimeWarning: Mean of empty slice
  return np.nanmean(a, axis, out=out, keepdims=keepdims)

2026-06-01 18:22:23,178:WARNING:c:\Users\PC\AppData\Local\Programs\Python\Python311\Lib\site-packages\numpy\lib\nanfunctions.py:1215: RuntimeWarning: Mean of empty slice
  return np.nanmean(a, axis, out=out, keepdims=keepdims)

2026-06-01 18:22:23,179:WARNING:c:\Users\PC\AppData\Local\Programs\Python\Python311\Lib\site-packages\numpy\lib\nanfunctions.py:1215: RuntimeWarning: Mean of empty slice
  return np.nanmean(a, axis, out=out, keepdims=keepdims)

2026-06-01 18:22:23,180:WARNING:c:\Users\PC\AppData\Local\Programs\Python\Python311\Lib\site-packages\numpy\lib\nanfunctions.py:1215: RuntimeWarning: Mean of empty slice
  return np.nanmean(a, axis, out=out, keepdims=keepdims)

2026-06-01 18:22:23,317:WARNING:c:\Users\PC\AppData\Local\Programs\Python\Python311\Lib\site-packages\numpy\lib\nanfunctions.py:1215: RuntimeWarning: Mean of empty slice
  return np.nanmean(a, axis, out=out, keepdims=keepdims)

2026-06-01 18:22:23,317:WARNING:c:\Users\PC\AppData\Local\Programs\Python\Python311\Lib\site-packages\numpy\lib\nanfunctions.py:1215: RuntimeWarning: Mean of empty slice
  return np.nanmean(a, axis, out=out, keepdims=keepdims)

2026-06-01 18:22:23,318:WARNING:c:\Users\PC\AppData\Local\Programs\Python\Python311\Lib\site-packages\numpy\lib\nanfunctions.py:1215: RuntimeWarning: Mean of empty slice
  return np.nanmean(a, axis, out=out, keepdims=keepdims)

2026-06-01 18:22:23,320:WARNING:c:\Users\PC\AppData\Local\Programs\Python\Python311\Lib\site-packages\numpy\lib\nanfunctions.py:1215: RuntimeWarning: Mean of empty slice
  return np.nanmean(a, axis, out=out, keepdims=keepdims)

2026-06-01 18:24:36,777:WARNING:c:\Users\PC\AppData\Local\Programs\Python\Python311\Lib\site-packages\sklearn\linear_model\_logistic.py:469: ConvergenceWarning: lbfgs failed to converge (status=1):
STOP: TOTAL NO. of ITERATIONS REACHED LIMIT.

Increase the number of iterations (max_iter) or scale the data as shown in:
    https://scikit-learn.org/stable/modules/preprocessing.html
Please also refer to the documentation for alternative solver options:
    https://scikit-learn.org/stable/modules/linear_model.html#logistic-regression
  n_iter_i = _check_optimize_result(

2026-06-01 18:25:20,388:WARNING:c:\Users\PC\AppData\Local\Programs\Python\Python311\Lib\site-packages\sklearn\linear_model\_logistic.py:469: ConvergenceWarning: lbfgs failed to converge (status=1):
STOP: TOTAL NO. of ITERATIONS REACHED LIMIT.

Increase the number of iterations (max_iter) or scale the data as shown in:
    https://scikit-learn.org/stable/modules/preprocessing.html
Please also refer to the documentation for alternative solver options:
    https://scikit-learn.org/stable/modules/linear_model.html#logistic-regression
  n_iter_i = _check_optimize_result(

2026-06-01 18:27:26,349:WARNING:c:\Users\PC\AppData\Local\Programs\Python\Python311\Lib\site-packages\sklearn\linear_model\_logistic.py:469: ConvergenceWarning: lbfgs failed to converge (status=1):
STOP: TOTAL NO. of ITERATIONS REACHED LIMIT.

Increase the number of iterations (max_iter) or scale the data as shown in:
    https://scikit-learn.org/stable/modules/preprocessing.html
Please also refer to the documentation for alternative solver options:
    https://scikit-learn.org/stable/modules/linear_model.html#logistic-regression
  n_iter_i = _check_optimize_result(

2026-06-01 18:30:47,579:WARNING:c:\Users\PC\AppData\Local\Programs\Python\Python311\Lib\site-packages\sklearn\linear_model\_logistic.py:469: ConvergenceWarning: lbfgs failed to converge (status=1):
STOP: TOTAL NO. of ITERATIONS REACHED LIMIT.

Increase the number of iterations (max_iter) or scale the data as shown in:
    https://scikit-learn.org/stable/modules/preprocessing.html
Please also refer to the documentation for alternative solver options:
    https://scikit-learn.org/stable/modules/linear_model.html#logistic-regression
  n_iter_i = _check_optimize_result(

2026-06-01 19:05:11,038:WARNING:c:\Users\PC\AppData\Local\Programs\Python\Python311\Lib\site-packages\sklearn\utils\_array_api.py:290: RuntimeWarning: invalid value encountered in cast
  return x.astype(dtype, copy=copy, casting=casting)

2026-06-01 19:05:57,412:WARNING:c:\Users\PC\AppData\Local\Programs\Python\Python311\Lib\site-packages\sklearn\utils\_array_api.py:290: RuntimeWarning: invalid value encountered in cast
  return x.astype(dtype, copy=copy, casting=casting)

2026-06-01 19:23:38,113:WARNING:
'cuml' is a soft dependency and not included in the pycaret installation. Please run: `pip install cuml` to install.
2026-06-01 19:23:38,113:WARNING:
'cuml' is a soft dependency and not included in the pycaret installation. Please run: `pip install cuml` to install.
2026-06-01 19:23:38,113:WARNING:
'cuml' is a soft dependency and not included in the pycaret installation. Please run: `pip install cuml` to install.
2026-06-01 19:23:38,113:WARNING:
'cuml' is a soft dependency and not included in the pycaret installation. Please run: `pip install cuml` to install.
2026-06-01 19:25:01,446:WARNING:c:\Users\PC\AppData\Local\Programs\Python\Python311\Lib\site-packages\numpy\lib\nanfunctions.py:1215: RuntimeWarning: Mean of empty slice
  return np.nanmean(a, axis, out=out, keepdims=keepdims)

2026-06-01 19:25:01,447:WARNING:c:\Users\PC\AppData\Local\Programs\Python\Python311\Lib\site-packages\numpy\lib\nanfunctions.py:1215: RuntimeWarning: Mean of empty slice
  return np.nanmean(a, axis, out=out, keepdims=keepdims)

2026-06-01 19:25:01,447:WARNING:c:\Users\PC\AppData\Local\Programs\Python\Python311\Lib\site-packages\numpy\lib\nanfunctions.py:1215: RuntimeWarning: Mean of empty slice
  return np.nanmean(a, axis, out=out, keepdims=keepdims)

2026-06-01 19:25:01,450:WARNING:c:\Users\PC\AppData\Local\Programs\Python\Python311\Lib\site-packages\numpy\lib\nanfunctions.py:1215: RuntimeWarning: Mean of empty slice
  return np.nanmean(a, axis, out=out, keepdims=keepdims)

2026-06-01 19:25:01,452:WARNING:c:\Users\PC\AppData\Local\Programs\Python\Python311\Lib\site-packages\numpy\lib\nanfunctions.py:1215: RuntimeWarning: Mean of empty slice
  return np.nanmean(a, axis, out=out, keepdims=keepdims)

2026-06-01 19:25:01,452:WARNING:c:\Users\PC\AppData\Local\Programs\Python\Python311\Lib\site-packages\numpy\lib\nanfunctions.py:1215: RuntimeWarning: Mean of empty slice
  return np.nanmean(a, axis, out=out, keepdims=keepdims)

2026-06-01 19:25:01,452:WARNING:c:\Users\PC\AppData\Local\Programs\Python\Python311\Lib\site-packages\numpy\lib\nanfunctions.py:1215: RuntimeWarning: Mean of empty slice
  return np.nanmean(a, axis, out=out, keepdims=keepdims)

2026-06-01 19:25:01,453:WARNING:c:\Users\PC\AppData\Local\Programs\Python\Python311\Lib\site-packages\numpy\lib\nanfunctions.py:1215: RuntimeWarning: Mean of empty slice
  return np.nanmean(a, axis, out=out, keepdims=keepdims)

2026-06-01 19:25:01,453:WARNING:c:\Users\PC\AppData\Local\Programs\Python\Python311\Lib\site-packages\numpy\lib\nanfunctions.py:1215: RuntimeWarning: Mean of empty slice
  return np.nanmean(a, axis, out=out, keepdims=keepdims)

2026-06-01 19:25:01,454:WARNING:c:\Users\PC\AppData\Local\Programs\Python\Python311\Lib\site-packages\numpy\lib\nanfunctions.py:1215: RuntimeWarning: Mean of empty slice
  return np.nanmean(a, axis, out=out, keepdims=keepdims)

2026-06-01 19:25:01,455:WARNING:c:\Users\PC\AppData\Local\Programs\Python\Python311\Lib\site-packages\numpy\lib\nanfunctions.py:1215: RuntimeWarning: Mean of empty slice
  return np.nanmean(a, axis, out=out, keepdims=keepdims)

2026-06-01 19:25:01,456:WARNING:c:\Users\PC\AppData\Local\Programs\Python\Python311\Lib\site-packages\numpy\lib\nanfunctions.py:1215: RuntimeWarning: Mean of empty slice
  return np.nanmean(a, axis, out=out, keepdims=keepdims)

2026-06-01 19:25:01,457:WARNING:c:\Users\PC\AppData\Local\Programs\Python\Python311\Lib\site-packages\numpy\lib\nanfunctions.py:1215: RuntimeWarning: Mean of empty slice
  return np.nanmean(a, axis, out=out, keepdims=keepdims)

2026-06-01 19:25:01,457:WARNING:c:\Users\PC\AppData\Local\Programs\Python\Python311\Lib\site-packages\numpy\lib\nanfunctions.py:1215: RuntimeWarning: Mean of empty slice
  return np.nanmean(a, axis, out=out, keepdims=keepdims)

2026-06-01 19:25:01,458:WARNING:c:\Users\PC\AppData\Local\Programs\Python\Python311\Lib\site-packages\numpy\lib\nanfunctions.py:1215: RuntimeWarning: Mean of empty slice
  return np.nanmean(a, axis, out=out, keepdims=keepdims)

2026-06-01 19:25:01,458:WARNING:c:\Users\PC\AppData\Local\Programs\Python\Python311\Lib\site-packages\numpy\lib\nanfunctions.py:1215: RuntimeWarning: Mean of empty slice
  return np.nanmean(a, axis, out=out, keepdims=keepdims)

2026-06-01 19:25:01,477:WARNING:c:\Users\PC\AppData\Local\Programs\Python\Python311\Lib\site-packages\numpy\lib\nanfunctions.py:1215: RuntimeWarning: Mean of empty slice
  return np.nanmean(a, axis, out=out, keepdims=keepdims)

2026-06-01 19:25:01,477:WARNING:c:\Users\PC\AppData\Local\Programs\Python\Python311\Lib\site-packages\numpy\lib\nanfunctions.py:1215: RuntimeWarning: Mean of empty slice
  return np.nanmean(a, axis, out=out, keepdims=keepdims)

2026-06-01 19:25:01,478:WARNING:c:\Users\PC\AppData\Local\Programs\Python\Python311\Lib\site-packages\numpy\lib\nanfunctions.py:1215: RuntimeWarning: Mean of empty slice
  return np.nanmean(a, axis, out=out, keepdims=keepdims)

2026-06-01 19:25:01,478:WARNING:c:\Users\PC\AppData\Local\Programs\Python\Python311\Lib\site-packages\numpy\lib\nanfunctions.py:1215: RuntimeWarning: Mean of empty slice
  return np.nanmean(a, axis, out=out, keepdims=keepdims)

2026-06-01 19:25:01,480:WARNING:c:\Users\PC\AppData\Local\Programs\Python\Python311\Lib\site-packages\numpy\lib\nanfunctions.py:1215: RuntimeWarning: Mean of empty slice
  return np.nanmean(a, axis, out=out, keepdims=keepdims)

2026-06-01 19:25:01,480:WARNING:c:\Users\PC\AppData\Local\Programs\Python\Python311\Lib\site-packages\numpy\lib\nanfunctions.py:1215: RuntimeWarning: Mean of empty slice
  return np.nanmean(a, axis, out=out, keepdims=keepdims)

2026-06-01 19:25:01,481:WARNING:c:\Users\PC\AppData\Local\Programs\Python\Python311\Lib\site-packages\numpy\lib\nanfunctions.py:1215: RuntimeWarning: Mean of empty slice
  return np.nanmean(a, axis, out=out, keepdims=keepdims)

2026-06-01 19:25:01,483:WARNING:c:\Users\PC\AppData\Local\Programs\Python\Python311\Lib\site-packages\numpy\lib\nanfunctions.py:1215: RuntimeWarning: Mean of empty slice
  return np.nanmean(a, axis, out=out, keepdims=keepdims)

2026-06-01 19:25:01,483:WARNING:c:\Users\PC\AppData\Local\Programs\Python\Python311\Lib\site-packages\numpy\lib\nanfunctions.py:1215: RuntimeWarning: Mean of empty slice
  return np.nanmean(a, axis, out=out, keepdims=keepdims)

2026-06-01 19:25:01,484:WARNING:c:\Users\PC\AppData\Local\Programs\Python\Python311\Lib\site-packages\numpy\lib\nanfunctions.py:1215: RuntimeWarning: Mean of empty slice
  return np.nanmean(a, axis, out=out, keepdims=keepdims)

2026-06-01 19:25:01,484:WARNING:c:\Users\PC\AppData\Local\Programs\Python\Python311\Lib\site-packages\numpy\lib\nanfunctions.py:1215: RuntimeWarning: Mean of empty slice
  return np.nanmean(a, axis, out=out, keepdims=keepdims)

2026-06-01 19:25:01,485:WARNING:c:\Users\PC\AppData\Local\Programs\Python\Python311\Lib\site-packages\numpy\lib\nanfunctions.py:1215: RuntimeWarning: Mean of empty slice
  return np.nanmean(a, axis, out=out, keepdims=keepdims)

2026-06-01 19:25:01,486:WARNING:c:\Users\PC\AppData\Local\Programs\Python\Python311\Lib\site-packages\numpy\lib\nanfunctions.py:1215: RuntimeWarning: Mean of empty slice
  return np.nanmean(a, axis, out=out, keepdims=keepdims)

2026-06-01 19:25:01,486:WARNING:c:\Users\PC\AppData\Local\Programs\Python\Python311\Lib\site-packages\numpy\lib\nanfunctions.py:1215: RuntimeWarning: Mean of empty slice
  return np.nanmean(a, axis, out=out, keepdims=keepdims)

2026-06-01 19:25:01,488:WARNING:c:\Users\PC\AppData\Local\Programs\Python\Python311\Lib\site-packages\numpy\lib\nanfunctions.py:1215: RuntimeWarning: Mean of empty slice
  return np.nanmean(a, axis, out=out, keepdims=keepdims)

2026-06-01 19:25:01,488:WARNING:c:\Users\PC\AppData\Local\Programs\Python\Python311\Lib\site-packages\numpy\lib\nanfunctions.py:1215: RuntimeWarning: Mean of empty slice
  return np.nanmean(a, axis, out=out, keepdims=keepdims)

2026-06-01 19:25:01,488:WARNING:c:\Users\PC\AppData\Local\Programs\Python\Python311\Lib\site-packages\numpy\lib\nanfunctions.py:1215: RuntimeWarning: Mean of empty slice
  return np.nanmean(a, axis, out=out, keepdims=keepdims)

2026-06-01 19:25:01,489:WARNING:c:\Users\PC\AppData\Local\Programs\Python\Python311\Lib\site-packages\numpy\lib\nanfunctions.py:1215: RuntimeWarning: Mean of empty slice
  return np.nanmean(a, axis, out=out, keepdims=keepdims)

2026-06-01 19:25:01,489:WARNING:c:\Users\PC\AppData\Local\Programs\Python\Python311\Lib\site-packages\numpy\lib\nanfunctions.py:1215: RuntimeWarning: Mean of empty slice
  return np.nanmean(a, axis, out=out, keepdims=keepdims)

2026-06-01 19:25:01,509:WARNING:c:\Users\PC\AppData\Local\Programs\Python\Python311\Lib\site-packages\numpy\lib\nanfunctions.py:1215: RuntimeWarning: Mean of empty slice
  return np.nanmean(a, axis, out=out, keepdims=keepdims)

2026-06-01 19:25:01,514:WARNING:c:\Users\PC\AppData\Local\Programs\Python\Python311\Lib\site-packages\numpy\lib\nanfunctions.py:1215: RuntimeWarning: Mean of empty slice
  return np.nanmean(a, axis, out=out, keepdims=keepdims)

2026-06-01 19:25:01,658:WARNING:c:\Users\PC\AppData\Local\Programs\Python\Python311\Lib\site-packages\numpy\lib\nanfunctions.py:1215: RuntimeWarning: Mean of empty slice
  return np.nanmean(a, axis, out=out, keepdims=keepdims)

2026-06-01 19:25:01,659:WARNING:c:\Users\PC\AppData\Local\Programs\Python\Python311\Lib\site-packages\numpy\lib\nanfunctions.py:1215: RuntimeWarning: Mean of empty slice
  return np.nanmean(a, axis, out=out, keepdims=keepdims)

2026-06-01 19:25:01,660:WARNING:c:\Users\PC\AppData\Local\Programs\Python\Python311\Lib\site-packages\numpy\lib\nanfunctions.py:1215: RuntimeWarning: Mean of empty slice
  return np.nanmean(a, axis, out=out, keepdims=keepdims)

2026-06-01 19:25:01,662:WARNING:c:\Users\PC\AppData\Local\Programs\Python\Python311\Lib\site-packages\numpy\lib\nanfunctions.py:1215: RuntimeWarning: Mean of empty slice
  return np.nanmean(a, axis, out=out, keepdims=keepdims)

2026-06-01 19:25:01,689:WARNING:c:\Users\PC\AppData\Local\Programs\Python\Python311\Lib\site-packages\numpy\lib\nanfunctions.py:1215: RuntimeWarning: Mean of empty slice
  return np.nanmean(a, axis, out=out, keepdims=keepdims)

2026-06-01 19:25:01,689:WARNING:c:\Users\PC\AppData\Local\Programs\Python\Python311\Lib\site-packages\numpy\lib\nanfunctions.py:1215: RuntimeWarning: Mean of empty slice
  return np.nanmean(a, axis, out=out, keepdims=keepdims)

2026-06-01 19:25:01,690:WARNING:c:\Users\PC\AppData\Local\Programs\Python\Python311\Lib\site-packages\numpy\lib\nanfunctions.py:1215: RuntimeWarning: Mean of empty slice
  return np.nanmean(a, axis, out=out, keepdims=keepdims)

2026-06-01 19:25:01,692:WARNING:c:\Users\PC\AppData\Local\Programs\Python\Python311\Lib\site-packages\numpy\lib\nanfunctions.py:1215: RuntimeWarning: Mean of empty slice
  return np.nanmean(a, axis, out=out, keepdims=keepdims)

2026-06-01 19:25:01,712:WARNING:c:\Users\PC\AppData\Local\Programs\Python\Python311\Lib\site-packages\numpy\lib\nanfunctions.py:1215: RuntimeWarning: Mean of empty slice
  return np.nanmean(a, axis, out=out, keepdims=keepdims)

2026-06-01 19:25:01,713:WARNING:c:\Users\PC\AppData\Local\Programs\Python\Python311\Lib\site-packages\numpy\lib\nanfunctions.py:1215: RuntimeWarning: Mean of empty slice
  return np.nanmean(a, axis, out=out, keepdims=keepdims)

2026-06-01 19:25:01,715:WARNING:c:\Users\PC\AppData\Local\Programs\Python\Python311\Lib\site-packages\numpy\lib\nanfunctions.py:1215: RuntimeWarning: Mean of empty slice
  return np.nanmean(a, axis, out=out, keepdims=keepdims)

2026-06-01 19:25:01,715:WARNING:c:\Users\PC\AppData\Local\Programs\Python\Python311\Lib\site-packages\numpy\lib\nanfunctions.py:1215: RuntimeWarning: Mean of empty slice
  return np.nanmean(a, axis, out=out, keepdims=keepdims)

2026-06-01 19:25:01,717:WARNING:c:\Users\PC\AppData\Local\Programs\Python\Python311\Lib\site-packages\numpy\lib\nanfunctions.py:1215: RuntimeWarning: Mean of empty slice
  return np.nanmean(a, axis, out=out, keepdims=keepdims)

2026-06-01 19:25:01,718:WARNING:c:\Users\PC\AppData\Local\Programs\Python\Python311\Lib\site-packages\numpy\lib\nanfunctions.py:1215: RuntimeWarning: Mean of empty slice
  return np.nanmean(a, axis, out=out, keepdims=keepdims)

2026-06-01 19:25:01,718:WARNING:c:\Users\PC\AppData\Local\Programs\Python\Python311\Lib\site-packages\numpy\lib\nanfunctions.py:1215: RuntimeWarning: Mean of empty slice
  return np.nanmean(a, axis, out=out, keepdims=keepdims)

2026-06-01 19:25:01,719:WARNING:c:\Users\PC\AppData\Local\Programs\Python\Python311\Lib\site-packages\numpy\lib\nanfunctions.py:1215: RuntimeWarning: Mean of empty slice
  return np.nanmean(a, axis, out=out, keepdims=keepdims)

2026-06-01 19:25:01,720:WARNING:c:\Users\PC\AppData\Local\Programs\Python\Python311\Lib\site-packages\numpy\lib\nanfunctions.py:1215: RuntimeWarning: Mean of empty slice
  return np.nanmean(a, axis, out=out, keepdims=keepdims)

2026-06-01 19:25:01,721:WARNING:c:\Users\PC\AppData\Local\Programs\Python\Python311\Lib\site-packages\numpy\lib\nanfunctions.py:1215: RuntimeWarning: Mean of empty slice
  return np.nanmean(a, axis, out=out, keepdims=keepdims)

2026-06-01 19:25:01,722:WARNING:c:\Users\PC\AppData\Local\Programs\Python\Python311\Lib\site-packages\numpy\lib\nanfunctions.py:1215: RuntimeWarning: Mean of empty slice
  return np.nanmean(a, axis, out=out, keepdims=keepdims)

2026-06-01 19:25:01,723:WARNING:c:\Users\PC\AppData\Local\Programs\Python\Python311\Lib\site-packages\numpy\lib\nanfunctions.py:1215: RuntimeWarning: Mean of empty slice
  return np.nanmean(a, axis, out=out, keepdims=keepdims)

2026-06-01 19:25:01,742:WARNING:c:\Users\PC\AppData\Local\Programs\Python\Python311\Lib\site-packages\numpy\lib\nanfunctions.py:1215: RuntimeWarning: Mean of empty slice
  return np.nanmean(a, axis, out=out, keepdims=keepdims)

2026-06-01 19:25:01,744:WARNING:c:\Users\PC\AppData\Local\Programs\Python\Python311\Lib\site-packages\numpy\lib\nanfunctions.py:1215: RuntimeWarning: Mean of empty slice
  return np.nanmean(a, axis, out=out, keepdims=keepdims)

2026-06-01 19:25:01,746:WARNING:c:\Users\PC\AppData\Local\Programs\Python\Python311\Lib\site-packages\numpy\lib\nanfunctions.py:1215: RuntimeWarning: Mean of empty slice
  return np.nanmean(a, axis, out=out, keepdims=keepdims)

2026-06-01 19:25:01,746:WARNING:c:\Users\PC\AppData\Local\Programs\Python\Python311\Lib\site-packages\numpy\lib\nanfunctions.py:1215: RuntimeWarning: Mean of empty slice
  return np.nanmean(a, axis, out=out, keepdims=keepdims)

2026-06-01 19:25:01,749:WARNING:c:\Users\PC\AppData\Local\Programs\Python\Python311\Lib\site-packages\numpy\lib\nanfunctions.py:1215: RuntimeWarning: Mean of empty slice
  return np.nanmean(a, axis, out=out, keepdims=keepdims)

2026-06-01 19:25:01,750:WARNING:c:\Users\PC\AppData\Local\Programs\Python\Python311\Lib\site-packages\numpy\lib\nanfunctions.py:1215: RuntimeWarning: Mean of empty slice
  return np.nanmean(a, axis, out=out, keepdims=keepdims)

2026-06-01 19:25:01,750:WARNING:c:\Users\PC\AppData\Local\Programs\Python\Python311\Lib\site-packages\numpy\lib\nanfunctions.py:1215: RuntimeWarning: Mean of empty slice
  return np.nanmean(a, axis, out=out, keepdims=keepdims)

2026-06-01 19:25:01,751:WARNING:c:\Users\PC\AppData\Local\Programs\Python\Python311\Lib\site-packages\numpy\lib\nanfunctions.py:1215: RuntimeWarning: Mean of empty slice
  return np.nanmean(a, axis, out=out, keepdims=keepdims)

2026-06-01 19:25:01,753:WARNING:c:\Users\PC\AppData\Local\Programs\Python\Python311\Lib\site-packages\numpy\lib\nanfunctions.py:1215: RuntimeWarning: Mean of empty slice
  return np.nanmean(a, axis, out=out, keepdims=keepdims)

2026-06-01 19:25:01,754:WARNING:c:\Users\PC\AppData\Local\Programs\Python\Python311\Lib\site-packages\numpy\lib\nanfunctions.py:1215: RuntimeWarning: Mean of empty slice
  return np.nanmean(a, axis, out=out, keepdims=keepdims)

2026-06-01 19:25:01,755:WARNING:c:\Users\PC\AppData\Local\Programs\Python\Python311\Lib\site-packages\numpy\lib\nanfunctions.py:1215: RuntimeWarning: Mean of empty slice
  return np.nanmean(a, axis, out=out, keepdims=keepdims)

2026-06-01 19:25:01,756:WARNING:c:\Users\PC\AppData\Local\Programs\Python\Python311\Lib\site-packages\numpy\lib\nanfunctions.py:1215: RuntimeWarning: Mean of empty slice
  return np.nanmean(a, axis, out=out, keepdims=keepdims)

2026-06-01 19:25:01,902:WARNING:c:\Users\PC\AppData\Local\Programs\Python\Python311\Lib\site-packages\numpy\lib\nanfunctions.py:1215: RuntimeWarning: Mean of empty slice
  return np.nanmean(a, axis, out=out, keepdims=keepdims)

2026-06-01 19:25:01,902:WARNING:c:\Users\PC\AppData\Local\Programs\Python\Python311\Lib\site-packages\numpy\lib\nanfunctions.py:1215: RuntimeWarning: Mean of empty slice
  return np.nanmean(a, axis, out=out, keepdims=keepdims)

2026-06-01 19:25:01,904:WARNING:c:\Users\PC\AppData\Local\Programs\Python\Python311\Lib\site-packages\numpy\lib\nanfunctions.py:1215: RuntimeWarning: Mean of empty slice
  return np.nanmean(a, axis, out=out, keepdims=keepdims)

2026-06-01 19:25:01,905:WARNING:c:\Users\PC\AppData\Local\Programs\Python\Python311\Lib\site-packages\numpy\lib\nanfunctions.py:1215: RuntimeWarning: Mean of empty slice
  return np.nanmean(a, axis, out=out, keepdims=keepdims)

2026-06-01 19:27:00,785:WARNING:c:\Users\PC\AppData\Local\Programs\Python\Python311\Lib\site-packages\sklearn\linear_model\_logistic.py:469: ConvergenceWarning: lbfgs failed to converge (status=1):
STOP: TOTAL NO. of ITERATIONS REACHED LIMIT.

Increase the number of iterations (max_iter) or scale the data as shown in:
    https://scikit-learn.org/stable/modules/preprocessing.html
Please also refer to the documentation for alternative solver options:
    https://scikit-learn.org/stable/modules/linear_model.html#logistic-regression
  n_iter_i = _check_optimize_result(

2026-06-01 19:27:41,060:WARNING:c:\Users\PC\AppData\Local\Programs\Python\Python311\Lib\site-packages\sklearn\linear_model\_logistic.py:469: ConvergenceWarning: lbfgs failed to converge (status=1):
STOP: TOTAL NO. of ITERATIONS REACHED LIMIT.

Increase the number of iterations (max_iter) or scale the data as shown in:
    https://scikit-learn.org/stable/modules/preprocessing.html
Please also refer to the documentation for alternative solver options:
    https://scikit-learn.org/stable/modules/linear_model.html#logistic-regression
  n_iter_i = _check_optimize_result(

2026-06-01 19:29:36,551:WARNING:c:\Users\PC\AppData\Local\Programs\Python\Python311\Lib\site-packages\sklearn\linear_model\_logistic.py:469: ConvergenceWarning: lbfgs failed to converge (status=1):
STOP: TOTAL NO. of ITERATIONS REACHED LIMIT.

Increase the number of iterations (max_iter) or scale the data as shown in:
    https://scikit-learn.org/stable/modules/preprocessing.html
Please also refer to the documentation for alternative solver options:
    https://scikit-learn.org/stable/modules/linear_model.html#logistic-regression
  n_iter_i = _check_optimize_result(

2026-06-01 19:33:17,091:WARNING:c:\Users\PC\AppData\Local\Programs\Python\Python311\Lib\site-packages\sklearn\linear_model\_logistic.py:469: ConvergenceWarning: lbfgs failed to converge (status=1):
STOP: TOTAL NO. of ITERATIONS REACHED LIMIT.

Increase the number of iterations (max_iter) or scale the data as shown in:
    https://scikit-learn.org/stable/modules/preprocessing.html
Please also refer to the documentation for alternative solver options:
    https://scikit-learn.org/stable/modules/linear_model.html#logistic-regression
  n_iter_i = _check_optimize_result(

2026-06-01 19:41:28,002:INFO:PyCaret ClassificationExperiment
2026-06-01 19:41:28,002:INFO:Logging name: clf-default-name
2026-06-01 19:41:28,002:INFO:ML Usecase: MLUsecase.CLASSIFICATION
2026-06-01 19:41:28,002:INFO:version 3.3.2
2026-06-01 19:41:28,002:INFO:Initializing setup()
2026-06-01 19:41:28,002:INFO:self.USI: 2cf8
2026-06-01 19:41:28,002:INFO:self._variable_keys: {'data', 'html_param', 'n_jobs_param', 'pipeline', 'log_plots_param', 'y', 'gpu_param', 'gpu_n_jobs_param', 'fold_groups_param', 'memory', 'X', 'y_train', 'y_test', 'USI', 'target_param', '_available_plots', 'X_test', '_ml_usecase', 'exp_id', 'is_multiclass', 'exp_name_log', 'seed', 'X_train', 'fold_generator', 'fold_shuffle_param', 'logging_param', 'fix_imbalance', 'idx'}
2026-06-01 19:41:28,002:INFO:Checking environment
2026-06-01 19:41:28,002:INFO:python_version: 3.11.9
2026-06-01 19:41:28,002:INFO:python_build: ('tags/v3.11.9:de54cf5', 'Apr  2 2024 10:12:12')
2026-06-01 19:41:28,002:INFO:machine: AMD64
2026-06-01 19:41:28,002:INFO:platform: Windows-10-10.0.19045-SP0
2026-06-01 19:41:28,007:INFO:Memory: svmem(total=17103945728, available=4329857024, percent=74.7, used=12774088704, free=4329857024)
2026-06-01 19:41:28,008:INFO:Physical Core: 10
2026-06-01 19:41:28,008:INFO:Logical Core: 20
2026-06-01 19:41:28,008:INFO:Checking libraries
2026-06-01 19:41:28,008:INFO:System:
2026-06-01 19:41:28,008:INFO:    python: 3.11.9 (tags/v3.11.9:de54cf5, Apr  2 2024, 10:12:12) [MSC v.1938 64 bit (AMD64)]
2026-06-01 19:41:28,008:INFO:executable: c:\Users\PC\AppData\Local\Programs\Python\Python311\python.exe
2026-06-01 19:41:28,008:INFO:   machine: Windows-10-10.0.19045-SP0
2026-06-01 19:41:28,008:INFO:PyCaret required dependencies:
2026-06-01 19:41:28,084:INFO:                 pip: 24.0
2026-06-01 19:41:28,084:INFO:          setuptools: 65.5.0
2026-06-01 19:41:28,084:INFO:             pycaret: 3.3.2
2026-06-01 19:41:28,084:INFO:             IPython: 9.14.0
2026-06-01 19:41:28,084:INFO:          ipywidgets: 8.1.8
2026-06-01 19:41:28,084:INFO:                tqdm: 4.67.3
2026-06-01 19:41:28,084:INFO:               numpy: 1.26.4
2026-06-01 19:41:28,084:INFO:              pandas: 2.1.4
2026-06-01 19:41:28,084:INFO:              jinja2: 3.1.6
2026-06-01 19:41:28,084:INFO:               scipy: 1.11.4
2026-06-01 19:41:28,084:INFO:              joblib: 1.3.2
2026-06-01 19:41:28,084:INFO:             sklearn: 1.4.2
2026-06-01 19:41:28,084:INFO:                pyod: 3.4.0
2026-06-01 19:41:28,084:INFO:            imblearn: 0.14.1
2026-06-01 19:41:28,084:INFO:   category_encoders: 2.7.0
2026-06-01 19:41:28,084:INFO:            lightgbm: 4.6.0
2026-06-01 19:41:28,084:INFO:               numba: 0.65.1
2026-06-01 19:41:28,084:INFO:            requests: 2.34.2
2026-06-01 19:41:28,084:INFO:          matplotlib: 3.7.5
2026-06-01 19:41:28,084:INFO:          scikitplot: 0.3.7
2026-06-01 19:41:28,084:INFO:         yellowbrick: 1.5
2026-06-01 19:41:28,084:INFO:              plotly: 6.7.0
2026-06-01 19:41:28,084:INFO:    plotly-resampler: Not installed
2026-06-01 19:41:28,084:INFO:             kaleido: 1.3.0
2026-06-01 19:41:28,085:INFO:           schemdraw: 0.15
2026-06-01 19:41:28,085:INFO:         statsmodels: 0.14.6
2026-06-01 19:41:28,085:INFO:              sktime: 0.26.0
2026-06-01 19:41:28,085:INFO:               tbats: 1.1.3
2026-06-01 19:41:28,085:INFO:            pmdarima: 2.0.4
2026-06-01 19:41:28,085:INFO:              psutil: 7.2.2
2026-06-01 19:41:28,085:INFO:          markupsafe: 3.0.3
2026-06-01 19:41:28,085:INFO:             pickle5: Not installed
2026-06-01 19:41:28,085:INFO:         cloudpickle: 3.1.2
2026-06-01 19:41:28,085:INFO:         deprecation: 2.1.0
2026-06-01 19:41:28,085:INFO:              xxhash: 3.7.0
2026-06-01 19:41:28,085:INFO:           wurlitzer: Not installed
2026-06-01 19:41:28,085:INFO:PyCaret optional dependencies:
2026-06-01 19:41:28,094:INFO:                shap: Not installed
2026-06-01 19:41:28,094:INFO:           interpret: Not installed
2026-06-01 19:41:28,094:INFO:                umap: Not installed
2026-06-01 19:41:28,094:INFO:     ydata_profiling: Not installed
2026-06-01 19:41:28,094:INFO:  explainerdashboard: Not installed
2026-06-01 19:41:28,094:INFO:             autoviz: Not installed
2026-06-01 19:41:28,094:INFO:           fairlearn: Not installed
2026-06-01 19:41:28,094:INFO:          deepchecks: Not installed
2026-06-01 19:41:28,094:INFO:             xgboost: Not installed
2026-06-01 19:41:28,094:INFO:            catboost: Not installed
2026-06-01 19:41:28,094:INFO:              kmodes: Not installed
2026-06-01 19:41:28,094:INFO:             mlxtend: Not installed
2026-06-01 19:41:28,094:INFO:       statsforecast: Not installed
2026-06-01 19:41:28,094:INFO:        tune_sklearn: Not installed
2026-06-01 19:41:28,094:INFO:                 ray: Not installed
2026-06-01 19:41:28,095:INFO:            hyperopt: Not installed
2026-06-01 19:41:28,095:INFO:              optuna: Not installed
2026-06-01 19:41:28,095:INFO:               skopt: Not installed
2026-06-01 19:41:28,095:INFO:              mlflow: Not installed
2026-06-01 19:41:28,095:INFO:              gradio: Not installed
2026-06-01 19:41:28,095:INFO:             fastapi: Not installed
2026-06-01 19:41:28,095:INFO:             uvicorn: Not installed
2026-06-01 19:41:28,095:INFO:              m2cgen: Not installed
2026-06-01 19:41:28,095:INFO:           evidently: Not installed
2026-06-01 19:41:28,095:INFO:               fugue: Not installed
2026-06-01 19:41:28,095:INFO:           streamlit: Not installed
2026-06-01 19:41:28,095:INFO:             prophet: Not installed
2026-06-01 19:41:28,095:INFO:None
2026-06-01 19:41:28,095:INFO:Set up data.
2026-06-01 19:41:28,156:INFO:Set up folding strategy.
2026-06-01 19:41:28,156:INFO:Set up train/test split.
2026-06-01 19:41:28,315:INFO:Set up index.
2026-06-01 19:41:28,320:INFO:Assigning column types.
2026-06-01 19:41:28,504:INFO:Engine successfully changes for model 'lr' to 'sklearn'.
2026-06-01 19:41:28,538:INFO:Engine for model 'knn' has not been set explicitly, hence returning None.
2026-06-01 19:41:28,548:INFO:Engine for model 'rbfsvm' has not been set explicitly, hence returning None.
2026-06-01 19:41:28,587:WARNING:
'xgboost' is a soft dependency and not included in the pycaret installation. Please run: `pip install xgboost` to install.
Alternately, you can install this by running `pip install pycaret[models]`
2026-06-01 19:41:28,588:WARNING:
'catboost' is a soft dependency and not included in the pycaret installation. Please run: `pip install catboost` to install.
Alternately, you can install this by running `pip install pycaret[models]`
2026-06-01 19:41:28,620:INFO:Engine for model 'knn' has not been set explicitly, hence returning None.
2026-06-01 19:41:28,621:INFO:Engine for model 'rbfsvm' has not been set explicitly, hence returning None.
2026-06-01 19:41:28,642:WARNING:
'xgboost' is a soft dependency and not included in the pycaret installation. Please run: `pip install xgboost` to install.
Alternately, you can install this by running `pip install pycaret[models]`
2026-06-01 19:41:28,642:WARNING:
'catboost' is a soft dependency and not included in the pycaret installation. Please run: `pip install catboost` to install.
Alternately, you can install this by running `pip install pycaret[models]`
2026-06-01 19:41:28,642:INFO:Engine successfully changes for model 'knn' to 'sklearn'.
2026-06-01 19:41:28,676:INFO:Engine for model 'rbfsvm' has not been set explicitly, hence returning None.
2026-06-01 19:41:28,696:WARNING:
'xgboost' is a soft dependency and not included in the pycaret installation. Please run: `pip install xgboost` to install.
Alternately, you can install this by running `pip install pycaret[models]`
2026-06-01 19:41:28,696:WARNING:
'catboost' is a soft dependency and not included in the pycaret installation. Please run: `pip install catboost` to install.
Alternately, you can install this by running `pip install pycaret[models]`
2026-06-01 19:41:28,729:INFO:Engine for model 'rbfsvm' has not been set explicitly, hence returning None.
2026-06-01 19:41:28,750:WARNING:
'xgboost' is a soft dependency and not included in the pycaret installation. Please run: `pip install xgboost` to install.
Alternately, you can install this by running `pip install pycaret[models]`
2026-06-01 19:41:28,750:WARNING:
'catboost' is a soft dependency and not included in the pycaret installation. Please run: `pip install catboost` to install.
Alternately, you can install this by running `pip install pycaret[models]`
2026-06-01 19:41:28,750:INFO:Engine successfully changes for model 'rbfsvm' to 'sklearn'.
2026-06-01 19:41:28,804:WARNING:
'xgboost' is a soft dependency and not included in the pycaret installation. Please run: `pip install xgboost` to install.
Alternately, you can install this by running `pip install pycaret[models]`
2026-06-01 19:41:28,805:WARNING:
'catboost' is a soft dependency and not included in the pycaret installation. Please run: `pip install catboost` to install.
Alternately, you can install this by running `pip install pycaret[models]`
2026-06-01 19:41:28,858:WARNING:
'xgboost' is a soft dependency and not included in the pycaret installation. Please run: `pip install xgboost` to install.
Alternately, you can install this by running `pip install pycaret[models]`
2026-06-01 19:41:28,859:WARNING:
'catboost' is a soft dependency and not included in the pycaret installation. Please run: `pip install catboost` to install.
Alternately, you can install this by running `pip install pycaret[models]`
2026-06-01 19:41:29,028:INFO:Finished creating preprocessing pipeline.
2026-06-01 19:41:29,036:INFO:Pipeline: Pipeline(memory=FastMemory(location=C:\Users\PC\AppData\Local\Temp\joblib),
         steps=[('placeholder', None)], verbose=False)
2026-06-01 19:41:29,036:INFO:Creating final display dataframe.
2026-06-01 19:41:29,696:INFO:Setup _display_container:                    Description          Value
0                   Session id             42
1                       Target   RainTomorrow
2                  Target type         Binary
3          Original data shape  (113722, 117)
4       Transformed data shape  (113722, 117)
5  Transformed train set shape   (79605, 117)
6   Transformed test set shape   (34117, 117)
7             Numeric features             19
2026-06-01 19:41:29,767:WARNING:
'xgboost' is a soft dependency and not included in the pycaret installation. Please run: `pip install xgboost` to install.
Alternately, you can install this by running `pip install pycaret[models]`
2026-06-01 19:41:29,768:WARNING:
'catboost' is a soft dependency and not included in the pycaret installation. Please run: `pip install catboost` to install.
Alternately, you can install this by running `pip install pycaret[models]`
2026-06-01 19:41:29,829:WARNING:
'xgboost' is a soft dependency and not included in the pycaret installation. Please run: `pip install xgboost` to install.
Alternately, you can install this by running `pip install pycaret[models]`
2026-06-01 19:41:29,829:WARNING:
'catboost' is a soft dependency and not included in the pycaret installation. Please run: `pip install catboost` to install.
Alternately, you can install this by running `pip install pycaret[models]`
2026-06-01 19:41:29,831:INFO:setup() successfully completed in 1.83s...............
2026-06-01 19:41:29,831:INFO:Initializing compare_models()
2026-06-01 19:41:29,831:INFO:compare_models(self=<pycaret.classification.oop.ClassificationExperiment object at 0x000001A869AF0DD0>, include=None, exclude=None, fold=None, round=4, cross_validation=True, sort=Recall, n_select=1, budget_time=None, turbo=True, errors=ignore, fit_kwargs=None, groups=None, experiment_custom_tags=None, probability_threshold=None, verbose=True, parallel=None, caller_params={'self': <pycaret.classification.oop.ClassificationExperiment object at 0x000001A869AF0DD0>, 'include': None, 'exclude': None, 'fold': None, 'round': 4, 'cross_validation': True, 'sort': 'Recall', 'n_select': 1, 'budget_time': None, 'turbo': True, 'errors': 'ignore', 'fit_kwargs': None, 'groups': None, 'experiment_custom_tags': None, 'probability_threshold': None, 'engine': None, 'verbose': True, 'parallel': None, '__class__': <class 'pycaret.classification.oop.ClassificationExperiment'>})
2026-06-01 19:41:29,831:INFO:Checking exceptions
2026-06-01 19:41:29,959:INFO:Preparing display monitor
2026-06-01 19:41:29,977:INFO:Initializing Logistic Regression
2026-06-01 19:41:29,977:INFO:Total runtime is 0.0 minutes
2026-06-01 19:41:29,980:INFO:SubProcess create_model() called ==================================
2026-06-01 19:41:29,981:INFO:Initializing create_model()
2026-06-01 19:41:29,981:INFO:create_model(self=<pycaret.classification.oop.ClassificationExperiment object at 0x000001A869AF0DD0>, estimator=lr, fold=StratifiedKFold(n_splits=10, random_state=None, shuffle=False), round=4, cross_validation=True, predict=True, fit_kwargs={}, groups=None, refit=False, probability_threshold=None, experiment_custom_tags=None, verbose=False, system=False, add_to_model_list=True, metrics=None, display=<pycaret.internal.display.display.CommonDisplay object at 0x000001A8001AE850>, model_only=True, return_train_score=False, error_score=0.0, kwargs={})
2026-06-01 19:41:29,982:INFO:Checking exceptions
2026-06-01 19:41:29,982:INFO:Importing libraries
2026-06-01 19:41:29,982:INFO:Copying training dataset
2026-06-01 19:41:30,201:INFO:Defining folds
2026-06-01 19:41:30,201:INFO:Declaring metric variables
2026-06-01 19:41:30,204:INFO:Importing untrained model
2026-06-01 19:41:30,208:INFO:Logistic Regression Imported successfully
2026-06-01 19:41:30,214:INFO:Starting cross validation
2026-06-01 19:41:30,214:INFO:Cross validating with StratifiedKFold(n_splits=10, random_state=None, shuffle=False), n_jobs=-1
2026-06-01 19:41:33,000:WARNING:create_model() for lr raised an exception or returned all 0.0, trying without fit_kwargs:
2026-06-01 19:41:33,004:WARNING:joblib.externals.loky.process_executor._RemoteTraceback: 
"""
Traceback (most recent call last):
  File "c:\Users\PC\AppData\Local\Programs\Python\Python311\Lib\site-packages\joblib\externals\loky\process_executor.py", line 426, in _process_worker
    call_item = call_queue.get(block=True, timeout=timeout)
                ^^^^^^^^^^^^^^^^^^^^^^^^^^^^^^^^^^^^^^^^^^^
  File "c:\Users\PC\AppData\Local\Programs\Python\Python311\Lib\multiprocessing\queues.py", line 122, in get
    return _ForkingPickler.loads(res)
           ^^^^^^^^^^^^^^^^^^^^^^^^^^
  File "c:\Users\PC\AppData\Local\Programs\Python\Python311\Lib\site-packages\sklearn\__init__.py", line 87, in <module>
    from .base import clone
  File "c:\Users\PC\AppData\Local\Programs\Python\Python311\Lib\site-packages\sklearn\base.py", line 19, in <module>
    from .utils import _IS_32BIT
  File "c:\Users\PC\AppData\Local\Programs\Python\Python311\Lib\site-packages\sklearn\utils\__init__.py", line 22, in <module>
    from ._estimator_html_repr import estimator_html_repr
  File "c:\Users\PC\AppData\Local\Programs\Python\Python311\Lib\site-packages\sklearn\utils\_estimator_html_repr.py", line 10, in <module>
    from .fixes import parse_version
  File "c:\Users\PC\AppData\Local\Programs\Python\Python311\Lib\site-packages\sklearn\utils\fixes.py", line 17, in <module>
    import scipy.stats
  File "c:\Users\PC\AppData\Local\Programs\Python\Python311\Lib\site-packages\scipy\stats\__init__.py", line 615, in <module>
    from ._kde import gaussian_kde
  File "c:\Users\PC\AppData\Local\Programs\Python\Python311\Lib\site-packages\scipy\stats\_kde.py", line 33, in <module>
    from . import _mvn
ImportError: DLL load failed while importing _mvn: El archivo de paginación es demasiado pequeño para completar la operación.
"""

The above exception was the direct cause of the following exception:

Traceback (most recent call last):
  File "c:\Users\PC\AppData\Local\Programs\Python\Python311\Lib\site-packages\pycaret\internal\pycaret_experiment\supervised_experiment.py", line 794, in compare_models
    model, model_fit_time = self._create_model(**create_model_args)
                            ^^^^^^^^^^^^^^^^^^^^^^^^^^^^^^^^^^^^^^^
  File "c:\Users\PC\AppData\Local\Programs\Python\Python311\Lib\site-packages\pycaret\internal\pycaret_experiment\supervised_experiment.py", line 1533, in _create_model
    model, model_fit_time, model_results, _ = self._create_model_with_cv(
                                              ^^^^^^^^^^^^^^^^^^^^^^^^^^^
  File "c:\Users\PC\AppData\Local\Programs\Python\Python311\Lib\site-packages\pycaret\internal\pycaret_experiment\supervised_experiment.py", line 1126, in _create_model_with_cv
    scores = cross_validate(
             ^^^^^^^^^^^^^^^
  File "c:\Users\PC\AppData\Local\Programs\Python\Python311\Lib\site-packages\sklearn\utils\_param_validation.py", line 213, in wrapper
    return func(*args, **kwargs)
           ^^^^^^^^^^^^^^^^^^^^^
  File "c:\Users\PC\AppData\Local\Programs\Python\Python311\Lib\site-packages\sklearn\model_selection\_validation.py", line 430, in cross_validate
    results = parallel(
              ^^^^^^^^^
  File "c:\Users\PC\AppData\Local\Programs\Python\Python311\Lib\site-packages\sklearn\utils\parallel.py", line 67, in __call__
    return super().__call__(iterable_with_config)
           ^^^^^^^^^^^^^^^^^^^^^^^^^^^^^^^^^^^^^^
  File "c:\Users\PC\AppData\Local\Programs\Python\Python311\Lib\site-packages\joblib\parallel.py", line 1952, in __call__
    return output if self.return_generator else list(output)
                                                ^^^^^^^^^^^^
  File "c:\Users\PC\AppData\Local\Programs\Python\Python311\Lib\site-packages\joblib\parallel.py", line 1595, in _get_outputs
    yield from self._retrieve()
  File "c:\Users\PC\AppData\Local\Programs\Python\Python311\Lib\site-packages\joblib\parallel.py", line 1699, in _retrieve
    self._raise_error_fast()
  File "c:\Users\PC\AppData\Local\Programs\Python\Python311\Lib\site-packages\joblib\parallel.py", line 1734, in _raise_error_fast
    error_job.get_result(self.timeout)
  File "c:\Users\PC\AppData\Local\Programs\Python\Python311\Lib\site-packages\joblib\parallel.py", line 736, in get_result
    return self._return_or_raise()
           ^^^^^^^^^^^^^^^^^^^^^^^
  File "c:\Users\PC\AppData\Local\Programs\Python\Python311\Lib\site-packages\joblib\parallel.py", line 754, in _return_or_raise
    raise self._result
joblib.externals.loky.process_executor.BrokenProcessPool: A task has failed to un-serialize. Please ensure that the arguments of the function are all picklable.

2026-06-01 19:41:33,004:INFO:Initializing create_model()
2026-06-01 19:41:33,004:INFO:create_model(self=<pycaret.classification.oop.ClassificationExperiment object at 0x000001A869AF0DD0>, estimator=lr, fold=StratifiedKFold(n_splits=10, random_state=None, shuffle=False), round=4, cross_validation=True, predict=True, fit_kwargs={}, groups=None, refit=False, probability_threshold=None, experiment_custom_tags=None, verbose=False, system=False, add_to_model_list=True, metrics=None, display=<pycaret.internal.display.display.CommonDisplay object at 0x000001A8001AE850>, model_only=True, return_train_score=False, error_score=0.0, kwargs={})
2026-06-01 19:41:33,004:INFO:Checking exceptions
2026-06-01 19:41:33,004:INFO:Importing libraries
2026-06-01 19:41:33,004:INFO:Copying training dataset
2026-06-01 19:41:33,210:INFO:Defining folds
2026-06-01 19:41:33,210:INFO:Declaring metric variables
2026-06-01 19:41:33,213:INFO:Importing untrained model
2026-06-01 19:41:33,215:INFO:Logistic Regression Imported successfully
2026-06-01 19:41:33,221:INFO:Starting cross validation
2026-06-01 19:41:33,221:INFO:Cross validating with StratifiedKFold(n_splits=10, random_state=None, shuffle=False), n_jobs=-1
2026-06-01 19:41:36,185:ERROR:create_model() for lr raised an exception or returned all 0.0:
2026-06-01 19:41:36,186:ERROR:joblib.externals.loky.process_executor._RemoteTraceback: 
"""
Traceback (most recent call last):
  File "c:\Users\PC\AppData\Local\Programs\Python\Python311\Lib\site-packages\joblib\externals\loky\process_executor.py", line 426, in _process_worker
    call_item = call_queue.get(block=True, timeout=timeout)
                ^^^^^^^^^^^^^^^^^^^^^^^^^^^^^^^^^^^^^^^^^^^
  File "c:\Users\PC\AppData\Local\Programs\Python\Python311\Lib\multiprocessing\queues.py", line 122, in get
    return _ForkingPickler.loads(res)
           ^^^^^^^^^^^^^^^^^^^^^^^^^^
  File "c:\Users\PC\AppData\Local\Programs\Python\Python311\Lib\site-packages\pycaret\internal\patches\sklearn.py", line 9, in <module>
    from pycaret.internal.pipeline import pipeline_predict_inverse_only
  File "c:\Users\PC\AppData\Local\Programs\Python\Python311\Lib\site-packages\pycaret\internal\pipeline.py", line 16, in <module>
    import imblearn.pipeline
  File "c:\Users\PC\AppData\Local\Programs\Python\Python311\Lib\site-packages\imblearn\__init__.py", line 54, in <module>
    from . import (
  File "c:\Users\PC\AppData\Local\Programs\Python\Python311\Lib\site-packages\imblearn\combine\__init__.py", line 5, in <module>
    from imblearn.combine._smote_enn import SMOTEENN
  File "c:\Users\PC\AppData\Local\Programs\Python\Python311\Lib\site-packages\imblearn\combine\_smote_enn.py", line 13, in <module>
    from imblearn.over_sampling import SMOTE
  File "c:\Users\PC\AppData\Local\Programs\Python\Python311\Lib\site-packages\imblearn\over_sampling\__init__.py", line 8, in <module>
    from imblearn.over_sampling._smote import (
  File "c:\Users\PC\AppData\Local\Programs\Python\Python311\Lib\site-packages\imblearn\over_sampling\_smote\__init__.py", line 2, in <module>
    from imblearn.over_sampling._smote.cluster import KMeansSMOTE
  File "c:\Users\PC\AppData\Local\Programs\Python\Python311\Lib\site-packages\imblearn\over_sampling\_smote\cluster.py", line 14, in <module>
    from sklearn.cluster import MiniBatchKMeans
  File "c:\Users\PC\AppData\Local\Programs\Python\Python311\Lib\site-packages\sklearn\cluster\__init__.py", line 17, in <module>
    from ._hdbscan.hdbscan import HDBSCAN
  File "c:\Users\PC\AppData\Local\Programs\Python\Python311\Lib\site-packages\sklearn\cluster\_hdbscan\hdbscan.py", line 50, in <module>
    from ._linkage import (
ImportError: DLL load failed while importing _linkage: El archivo de paginación es demasiado pequeño para completar la operación.
"""

The above exception was the direct cause of the following exception:

Traceback (most recent call last):
  File "c:\Users\PC\AppData\Local\Programs\Python\Python311\Lib\site-packages\pycaret\internal\pycaret_experiment\supervised_experiment.py", line 815, in compare_models
    model, model_fit_time = self._create_model(**create_model_args)
                            ^^^^^^^^^^^^^^^^^^^^^^^^^^^^^^^^^^^^^^^
  File "c:\Users\PC\AppData\Local\Programs\Python\Python311\Lib\site-packages\pycaret\internal\pycaret_experiment\supervised_experiment.py", line 1533, in _create_model
    model, model_fit_time, model_results, _ = self._create_model_with_cv(
                                              ^^^^^^^^^^^^^^^^^^^^^^^^^^^
  File "c:\Users\PC\AppData\Local\Programs\Python\Python311\Lib\site-packages\pycaret\internal\pycaret_experiment\supervised_experiment.py", line 1126, in _create_model_with_cv
    scores = cross_validate(
             ^^^^^^^^^^^^^^^
  File "c:\Users\PC\AppData\Local\Programs\Python\Python311\Lib\site-packages\sklearn\utils\_param_validation.py", line 213, in wrapper
    return func(*args, **kwargs)
           ^^^^^^^^^^^^^^^^^^^^^
  File "c:\Users\PC\AppData\Local\Programs\Python\Python311\Lib\site-packages\sklearn\model_selection\_validation.py", line 430, in cross_validate
    results = parallel(
              ^^^^^^^^^
  File "c:\Users\PC\AppData\Local\Programs\Python\Python311\Lib\site-packages\sklearn\utils\parallel.py", line 67, in __call__
    return super().__call__(iterable_with_config)
           ^^^^^^^^^^^^^^^^^^^^^^^^^^^^^^^^^^^^^^
  File "c:\Users\PC\AppData\Local\Programs\Python\Python311\Lib\site-packages\joblib\parallel.py", line 1952, in __call__
    return output if self.return_generator else list(output)
                                                ^^^^^^^^^^^^
  File "c:\Users\PC\AppData\Local\Programs\Python\Python311\Lib\site-packages\joblib\parallel.py", line 1595, in _get_outputs
    yield from self._retrieve()
  File "c:\Users\PC\AppData\Local\Programs\Python\Python311\Lib\site-packages\joblib\parallel.py", line 1699, in _retrieve
    self._raise_error_fast()
  File "c:\Users\PC\AppData\Local\Programs\Python\Python311\Lib\site-packages\joblib\parallel.py", line 1734, in _raise_error_fast
    error_job.get_result(self.timeout)
  File "c:\Users\PC\AppData\Local\Programs\Python\Python311\Lib\site-packages\joblib\parallel.py", line 736, in get_result
    return self._return_or_raise()
           ^^^^^^^^^^^^^^^^^^^^^^^
  File "c:\Users\PC\AppData\Local\Programs\Python\Python311\Lib\site-packages\joblib\parallel.py", line 754, in _return_or_raise
    raise self._result
joblib.externals.loky.process_executor.BrokenProcessPool: A task has failed to un-serialize. Please ensure that the arguments of the function are all picklable.

2026-06-01 19:41:36,186:INFO:Initializing K Neighbors Classifier
2026-06-01 19:41:36,186:INFO:Total runtime is 0.10349162817001342 minutes
2026-06-01 19:41:36,189:INFO:SubProcess create_model() called ==================================
2026-06-01 19:41:36,189:INFO:Initializing create_model()
2026-06-01 19:41:36,189:INFO:create_model(self=<pycaret.classification.oop.ClassificationExperiment object at 0x000001A869AF0DD0>, estimator=knn, fold=StratifiedKFold(n_splits=10, random_state=None, shuffle=False), round=4, cross_validation=True, predict=True, fit_kwargs={}, groups=None, refit=False, probability_threshold=None, experiment_custom_tags=None, verbose=False, system=False, add_to_model_list=True, metrics=None, display=<pycaret.internal.display.display.CommonDisplay object at 0x000001A8001AE850>, model_only=True, return_train_score=False, error_score=0.0, kwargs={})
2026-06-01 19:41:36,189:INFO:Checking exceptions
2026-06-01 19:41:36,189:INFO:Importing libraries
2026-06-01 19:41:36,189:INFO:Copying training dataset
2026-06-01 19:41:36,394:INFO:Defining folds
2026-06-01 19:41:36,394:INFO:Declaring metric variables
2026-06-01 19:41:36,397:INFO:Importing untrained model
2026-06-01 19:41:36,399:INFO:K Neighbors Classifier Imported successfully
2026-06-01 19:41:36,404:INFO:Starting cross validation
2026-06-01 19:41:36,405:INFO:Cross validating with StratifiedKFold(n_splits=10, random_state=None, shuffle=False), n_jobs=-1
2026-06-01 19:41:39,007:WARNING:create_model() for knn raised an exception or returned all 0.0, trying without fit_kwargs:
2026-06-01 19:41:39,008:WARNING:joblib.externals.loky.process_executor._RemoteTraceback: 
"""
Traceback (most recent call last):
  File "c:\Users\PC\AppData\Local\Programs\Python\Python311\Lib\site-packages\joblib\externals\loky\process_executor.py", line 426, in _process_worker
    call_item = call_queue.get(block=True, timeout=timeout)
                ^^^^^^^^^^^^^^^^^^^^^^^^^^^^^^^^^^^^^^^^^^^
  File "c:\Users\PC\AppData\Local\Programs\Python\Python311\Lib\multiprocessing\queues.py", line 122, in get
    return _ForkingPickler.loads(res)
           ^^^^^^^^^^^^^^^^^^^^^^^^^^
  File "c:\Users\PC\AppData\Local\Programs\Python\Python311\Lib\site-packages\sklearn\__init__.py", line 87, in <module>
    from .base import clone
  File "c:\Users\PC\AppData\Local\Programs\Python\Python311\Lib\site-packages\sklearn\base.py", line 19, in <module>
    from .utils import _IS_32BIT
  File "c:\Users\PC\AppData\Local\Programs\Python\Python311\Lib\site-packages\sklearn\utils\__init__.py", line 23, in <module>
    from ._param_validation import Integral, Interval, validate_params
  File "c:\Users\PC\AppData\Local\Programs\Python\Python311\Lib\site-packages\sklearn\utils\_param_validation.py", line 14, in <module>
    from .validation import _is_arraylike_not_scalar
  File "c:\Users\PC\AppData\Local\Programs\Python\Python311\Lib\site-packages\sklearn\utils\validation.py", line 31, in <module>
    from ._isfinite import FiniteStatus, cy_isfinite
ImportError: DLL load failed while importing _isfinite: El archivo de paginación es demasiado pequeño para completar la operación.
"""

The above exception was the direct cause of the following exception:

Traceback (most recent call last):
  File "c:\Users\PC\AppData\Local\Programs\Python\Python311\Lib\site-packages\pycaret\internal\pycaret_experiment\supervised_experiment.py", line 794, in compare_models
    model, model_fit_time = self._create_model(**create_model_args)
                            ^^^^^^^^^^^^^^^^^^^^^^^^^^^^^^^^^^^^^^^
  File "c:\Users\PC\AppData\Local\Programs\Python\Python311\Lib\site-packages\pycaret\internal\pycaret_experiment\supervised_experiment.py", line 1533, in _create_model
    model, model_fit_time, model_results, _ = self._create_model_with_cv(
                                              ^^^^^^^^^^^^^^^^^^^^^^^^^^^
  File "c:\Users\PC\AppData\Local\Programs\Python\Python311\Lib\site-packages\pycaret\internal\pycaret_experiment\supervised_experiment.py", line 1126, in _create_model_with_cv
    scores = cross_validate(
             ^^^^^^^^^^^^^^^
  File "c:\Users\PC\AppData\Local\Programs\Python\Python311\Lib\site-packages\sklearn\utils\_param_validation.py", line 213, in wrapper
    return func(*args, **kwargs)
           ^^^^^^^^^^^^^^^^^^^^^
  File "c:\Users\PC\AppData\Local\Programs\Python\Python311\Lib\site-packages\sklearn\model_selection\_validation.py", line 430, in cross_validate
    results = parallel(
              ^^^^^^^^^
  File "c:\Users\PC\AppData\Local\Programs\Python\Python311\Lib\site-packages\sklearn\utils\parallel.py", line 67, in __call__
    return super().__call__(iterable_with_config)
           ^^^^^^^^^^^^^^^^^^^^^^^^^^^^^^^^^^^^^^
  File "c:\Users\PC\AppData\Local\Programs\Python\Python311\Lib\site-packages\joblib\parallel.py", line 1952, in __call__
    return output if self.return_generator else list(output)
                                                ^^^^^^^^^^^^
  File "c:\Users\PC\AppData\Local\Programs\Python\Python311\Lib\site-packages\joblib\parallel.py", line 1595, in _get_outputs
    yield from self._retrieve()
  File "c:\Users\PC\AppData\Local\Programs\Python\Python311\Lib\site-packages\joblib\parallel.py", line 1699, in _retrieve
    self._raise_error_fast()
  File "c:\Users\PC\AppData\Local\Programs\Python\Python311\Lib\site-packages\joblib\parallel.py", line 1734, in _raise_error_fast
    error_job.get_result(self.timeout)
  File "c:\Users\PC\AppData\Local\Programs\Python\Python311\Lib\site-packages\joblib\parallel.py", line 736, in get_result
    return self._return_or_raise()
           ^^^^^^^^^^^^^^^^^^^^^^^
  File "c:\Users\PC\AppData\Local\Programs\Python\Python311\Lib\site-packages\joblib\parallel.py", line 754, in _return_or_raise
    raise self._result
joblib.externals.loky.process_executor.BrokenProcessPool: A task has failed to un-serialize. Please ensure that the arguments of the function are all picklable.

2026-06-01 19:41:39,009:INFO:Initializing create_model()
2026-06-01 19:41:39,009:INFO:create_model(self=<pycaret.classification.oop.ClassificationExperiment object at 0x000001A869AF0DD0>, estimator=knn, fold=StratifiedKFold(n_splits=10, random_state=None, shuffle=False), round=4, cross_validation=True, predict=True, fit_kwargs={}, groups=None, refit=False, probability_threshold=None, experiment_custom_tags=None, verbose=False, system=False, add_to_model_list=True, metrics=None, display=<pycaret.internal.display.display.CommonDisplay object at 0x000001A8001AE850>, model_only=True, return_train_score=False, error_score=0.0, kwargs={})
2026-06-01 19:41:39,009:INFO:Checking exceptions
2026-06-01 19:41:39,009:INFO:Importing libraries
2026-06-01 19:41:39,009:INFO:Copying training dataset
2026-06-01 19:41:39,210:INFO:Defining folds
2026-06-01 19:41:39,210:INFO:Declaring metric variables
2026-06-01 19:41:39,212:INFO:Importing untrained model
2026-06-01 19:41:39,216:INFO:K Neighbors Classifier Imported successfully
2026-06-01 19:41:39,220:INFO:Starting cross validation
2026-06-01 19:41:39,220:INFO:Cross validating with StratifiedKFold(n_splits=10, random_state=None, shuffle=False), n_jobs=-1
2026-06-01 19:41:41,688:ERROR:create_model() for knn raised an exception or returned all 0.0:
2026-06-01 19:41:41,689:ERROR:joblib.externals.loky.process_executor._RemoteTraceback: 
"""
Traceback (most recent call last):
  File "c:\Users\PC\AppData\Local\Programs\Python\Python311\Lib\site-packages\joblib\externals\loky\process_executor.py", line 426, in _process_worker
    call_item = call_queue.get(block=True, timeout=timeout)
                ^^^^^^^^^^^^^^^^^^^^^^^^^^^^^^^^^^^^^^^^^^^
  File "c:\Users\PC\AppData\Local\Programs\Python\Python311\Lib\multiprocessing\queues.py", line 122, in get
    return _ForkingPickler.loads(res)
           ^^^^^^^^^^^^^^^^^^^^^^^^^^
  File "c:\Users\PC\AppData\Local\Programs\Python\Python311\Lib\site-packages\pycaret\internal\patches\sklearn.py", line 5, in <module>
    from sklearn.metrics._scorer import _MultimetricScorer
  File "c:\Users\PC\AppData\Local\Programs\Python\Python311\Lib\site-packages\sklearn\metrics\__init__.py", line 7, in <module>
    from . import cluster
  File "c:\Users\PC\AppData\Local\Programs\Python\Python311\Lib\site-packages\sklearn\metrics\cluster\__init__.py", line 25, in <module>
    from ._unsupervised import (
  File "c:\Users\PC\AppData\Local\Programs\Python\Python311\Lib\site-packages\sklearn\metrics\cluster\_unsupervised.py", line 22, in <module>
    from ..pairwise import _VALID_METRICS, pairwise_distances, pairwise_distances_chunked
  File "c:\Users\PC\AppData\Local\Programs\Python\Python311\Lib\site-packages\sklearn\metrics\pairwise.py", line 43, in <module>
    from ._pairwise_distances_reduction import ArgKmin
  File "c:\Users\PC\AppData\Local\Programs\Python\Python311\Lib\site-packages\sklearn\metrics\_pairwise_distances_reduction\__init__.py", line 94, in <module>
    from ._dispatcher import (
  File "c:\Users\PC\AppData\Local\Programs\Python\Python311\Lib\site-packages\sklearn\metrics\_pairwise_distances_reduction\_dispatcher.py", line 13, in <module>
    from ._argkmin import (
  File "sklearn\\metrics\\_pairwise_distances_reduction\\_argkmin.pyx", line 1, in init sklearn.metrics._pairwise_distances_reduction._argkmin
  File "sklearn\\metrics\\_pairwise_distances_reduction\\_base.pyx", line 1, in init sklearn.metrics._pairwise_distances_reduction._base
ImportError: DLL load failed while importing _cython_blas: El archivo de paginación es demasiado pequeño para completar la operación.
"""

The above exception was the direct cause of the following exception:

Traceback (most recent call last):
  File "c:\Users\PC\AppData\Local\Programs\Python\Python311\Lib\site-packages\pycaret\internal\pycaret_experiment\supervised_experiment.py", line 815, in compare_models
    model, model_fit_time = self._create_model(**create_model_args)
                            ^^^^^^^^^^^^^^^^^^^^^^^^^^^^^^^^^^^^^^^
  File "c:\Users\PC\AppData\Local\Programs\Python\Python311\Lib\site-packages\pycaret\internal\pycaret_experiment\supervised_experiment.py", line 1533, in _create_model
    model, model_fit_time, model_results, _ = self._create_model_with_cv(
                                              ^^^^^^^^^^^^^^^^^^^^^^^^^^^
  File "c:\Users\PC\AppData\Local\Programs\Python\Python311\Lib\site-packages\pycaret\internal\pycaret_experiment\supervised_experiment.py", line 1126, in _create_model_with_cv
    scores = cross_validate(
             ^^^^^^^^^^^^^^^
  File "c:\Users\PC\AppData\Local\Programs\Python\Python311\Lib\site-packages\sklearn\utils\_param_validation.py", line 213, in wrapper
    return func(*args, **kwargs)
           ^^^^^^^^^^^^^^^^^^^^^
  File "c:\Users\PC\AppData\Local\Programs\Python\Python311\Lib\site-packages\sklearn\model_selection\_validation.py", line 430, in cross_validate
    results = parallel(
              ^^^^^^^^^
  File "c:\Users\PC\AppData\Local\Programs\Python\Python311\Lib\site-packages\sklearn\utils\parallel.py", line 67, in __call__
    return super().__call__(iterable_with_config)
           ^^^^^^^^^^^^^^^^^^^^^^^^^^^^^^^^^^^^^^
  File "c:\Users\PC\AppData\Local\Programs\Python\Python311\Lib\site-packages\joblib\parallel.py", line 1952, in __call__
    return output if self.return_generator else list(output)
                                                ^^^^^^^^^^^^
  File "c:\Users\PC\AppData\Local\Programs\Python\Python311\Lib\site-packages\joblib\parallel.py", line 1595, in _get_outputs
    yield from self._retrieve()
  File "c:\Users\PC\AppData\Local\Programs\Python\Python311\Lib\site-packages\joblib\parallel.py", line 1699, in _retrieve
    self._raise_error_fast()
  File "c:\Users\PC\AppData\Local\Programs\Python\Python311\Lib\site-packages\joblib\parallel.py", line 1734, in _raise_error_fast
    error_job.get_result(self.timeout)
  File "c:\Users\PC\AppData\Local\Programs\Python\Python311\Lib\site-packages\joblib\parallel.py", line 736, in get_result
    return self._return_or_raise()
           ^^^^^^^^^^^^^^^^^^^^^^^
  File "c:\Users\PC\AppData\Local\Programs\Python\Python311\Lib\site-packages\joblib\parallel.py", line 754, in _return_or_raise
    raise self._result
joblib.externals.loky.process_executor.BrokenProcessPool: A task has failed to un-serialize. Please ensure that the arguments of the function are all picklable.

2026-06-01 19:41:41,689:INFO:Initializing Naive Bayes
2026-06-01 19:41:41,689:INFO:Total runtime is 0.19520829121271768 minutes
2026-06-01 19:41:41,692:INFO:SubProcess create_model() called ==================================
2026-06-01 19:41:41,692:INFO:Initializing create_model()
2026-06-01 19:41:41,692:INFO:create_model(self=<pycaret.classification.oop.ClassificationExperiment object at 0x000001A869AF0DD0>, estimator=nb, fold=StratifiedKFold(n_splits=10, random_state=None, shuffle=False), round=4, cross_validation=True, predict=True, fit_kwargs={}, groups=None, refit=False, probability_threshold=None, experiment_custom_tags=None, verbose=False, system=False, add_to_model_list=True, metrics=None, display=<pycaret.internal.display.display.CommonDisplay object at 0x000001A8001AE850>, model_only=True, return_train_score=False, error_score=0.0, kwargs={})
2026-06-01 19:41:41,692:INFO:Checking exceptions
2026-06-01 19:41:41,692:INFO:Importing libraries
2026-06-01 19:41:41,692:INFO:Copying training dataset
2026-06-01 19:41:41,897:INFO:Defining folds
2026-06-01 19:41:41,897:INFO:Declaring metric variables
2026-06-01 19:41:41,899:INFO:Importing untrained model
2026-06-01 19:41:41,902:INFO:Naive Bayes Imported successfully
2026-06-01 19:41:41,908:INFO:Starting cross validation
2026-06-01 19:41:41,909:INFO:Cross validating with StratifiedKFold(n_splits=10, random_state=None, shuffle=False), n_jobs=-1
2026-06-01 19:41:44,537:WARNING:create_model() for nb raised an exception or returned all 0.0, trying without fit_kwargs:
2026-06-01 19:41:44,538:WARNING:joblib.externals.loky.process_executor._RemoteTraceback: 
"""
Traceback (most recent call last):
  File "c:\Users\PC\AppData\Local\Programs\Python\Python311\Lib\site-packages\joblib\externals\loky\process_executor.py", line 426, in _process_worker
    call_item = call_queue.get(block=True, timeout=timeout)
                ^^^^^^^^^^^^^^^^^^^^^^^^^^^^^^^^^^^^^^^^^^^
  File "c:\Users\PC\AppData\Local\Programs\Python\Python311\Lib\multiprocessing\queues.py", line 122, in get
    return _ForkingPickler.loads(res)
           ^^^^^^^^^^^^^^^^^^^^^^^^^^
  File "c:\Users\PC\AppData\Local\Programs\Python\Python311\Lib\site-packages\pycaret\internal\patches\sklearn.py", line 9, in <module>
    from pycaret.internal.pipeline import pipeline_predict_inverse_only
  File "c:\Users\PC\AppData\Local\Programs\Python\Python311\Lib\site-packages\pycaret\internal\pipeline.py", line 16, in <module>
    import imblearn.pipeline
  File "c:\Users\PC\AppData\Local\Programs\Python\Python311\Lib\site-packages\imblearn\__init__.py", line 54, in <module>
    from . import (
  File "c:\Users\PC\AppData\Local\Programs\Python\Python311\Lib\site-packages\imblearn\combine\__init__.py", line 5, in <module>
    from imblearn.combine._smote_enn import SMOTEENN
  File "c:\Users\PC\AppData\Local\Programs\Python\Python311\Lib\site-packages\imblearn\combine\_smote_enn.py", line 12, in <module>
    from imblearn.base import BaseSampler
  File "c:\Users\PC\AppData\Local\Programs\Python\Python311\Lib\site-packages\imblearn\base.py", line 14, in <module>
    from sklearn_compat.base import _fit_context
  File "c:\Users\PC\AppData\Local\Programs\Python\Python311\Lib\site-packages\sklearn_compat\base.py", line 1, in <module>
    from sklearn_compat._sklearn_compat import (
  File "c:\Users\PC\AppData\Local\Programs\Python\Python311\Lib\site-packages\sklearn_compat\_sklearn_compat.py", line 369, in <module>
    from sklearn.utils.estimator_checks import _construct_instance
  File "<frozen importlib._bootstrap>", line 1176, in _find_and_load
  File "<frozen importlib._bootstrap>", line 1147, in _find_and_load_unlocked
  File "<frozen importlib._bootstrap>", line 690, in _load_unlocked
  File "<frozen importlib._bootstrap_external>", line 936, in exec_module
  File "<frozen importlib._bootstrap_external>", line 1069, in get_code
  File "<frozen importlib._bootstrap_external>", line 729, in _compile_bytecode
MemoryError
"""

The above exception was the direct cause of the following exception:

Traceback (most recent call last):
  File "c:\Users\PC\AppData\Local\Programs\Python\Python311\Lib\site-packages\pycaret\internal\pycaret_experiment\supervised_experiment.py", line 794, in compare_models
    model, model_fit_time = self._create_model(**create_model_args)
                            ^^^^^^^^^^^^^^^^^^^^^^^^^^^^^^^^^^^^^^^
  File "c:\Users\PC\AppData\Local\Programs\Python\Python311\Lib\site-packages\pycaret\internal\pycaret_experiment\supervised_experiment.py", line 1533, in _create_model
    model, model_fit_time, model_results, _ = self._create_model_with_cv(
                                              ^^^^^^^^^^^^^^^^^^^^^^^^^^^
  File "c:\Users\PC\AppData\Local\Programs\Python\Python311\Lib\site-packages\pycaret\internal\pycaret_experiment\supervised_experiment.py", line 1126, in _create_model_with_cv
    scores = cross_validate(
             ^^^^^^^^^^^^^^^
  File "c:\Users\PC\AppData\Local\Programs\Python\Python311\Lib\site-packages\sklearn\utils\_param_validation.py", line 213, in wrapper
    return func(*args, **kwargs)
           ^^^^^^^^^^^^^^^^^^^^^
  File "c:\Users\PC\AppData\Local\Programs\Python\Python311\Lib\site-packages\sklearn\model_selection\_validation.py", line 430, in cross_validate
    results = parallel(
              ^^^^^^^^^
  File "c:\Users\PC\AppData\Local\Programs\Python\Python311\Lib\site-packages\sklearn\utils\parallel.py", line 67, in __call__
    return super().__call__(iterable_with_config)
           ^^^^^^^^^^^^^^^^^^^^^^^^^^^^^^^^^^^^^^
  File "c:\Users\PC\AppData\Local\Programs\Python\Python311\Lib\site-packages\joblib\parallel.py", line 1952, in __call__
    return output if self.return_generator else list(output)
                                                ^^^^^^^^^^^^
  File "c:\Users\PC\AppData\Local\Programs\Python\Python311\Lib\site-packages\joblib\parallel.py", line 1595, in _get_outputs
    yield from self._retrieve()
  File "c:\Users\PC\AppData\Local\Programs\Python\Python311\Lib\site-packages\joblib\parallel.py", line 1699, in _retrieve
    self._raise_error_fast()
  File "c:\Users\PC\AppData\Local\Programs\Python\Python311\Lib\site-packages\joblib\parallel.py", line 1734, in _raise_error_fast
    error_job.get_result(self.timeout)
  File "c:\Users\PC\AppData\Local\Programs\Python\Python311\Lib\site-packages\joblib\parallel.py", line 736, in get_result
    return self._return_or_raise()
           ^^^^^^^^^^^^^^^^^^^^^^^
  File "c:\Users\PC\AppData\Local\Programs\Python\Python311\Lib\site-packages\joblib\parallel.py", line 754, in _return_or_raise
    raise self._result
joblib.externals.loky.process_executor.BrokenProcessPool: A task has failed to un-serialize. Please ensure that the arguments of the function are all picklable.

2026-06-01 19:41:44,539:INFO:Initializing create_model()
2026-06-01 19:41:44,539:INFO:create_model(self=<pycaret.classification.oop.ClassificationExperiment object at 0x000001A869AF0DD0>, estimator=nb, fold=StratifiedKFold(n_splits=10, random_state=None, shuffle=False), round=4, cross_validation=True, predict=True, fit_kwargs={}, groups=None, refit=False, probability_threshold=None, experiment_custom_tags=None, verbose=False, system=False, add_to_model_list=True, metrics=None, display=<pycaret.internal.display.display.CommonDisplay object at 0x000001A8001AE850>, model_only=True, return_train_score=False, error_score=0.0, kwargs={})
2026-06-01 19:41:44,539:INFO:Checking exceptions
2026-06-01 19:41:44,539:INFO:Importing libraries
2026-06-01 19:41:44,539:INFO:Copying training dataset
2026-06-01 19:41:44,761:INFO:Defining folds
2026-06-01 19:41:44,761:INFO:Declaring metric variables
2026-06-01 19:41:44,763:INFO:Importing untrained model
2026-06-01 19:41:44,766:INFO:Naive Bayes Imported successfully
2026-06-01 19:41:44,772:INFO:Starting cross validation
2026-06-01 19:41:44,772:INFO:Cross validating with StratifiedKFold(n_splits=10, random_state=None, shuffle=False), n_jobs=-1
2026-06-01 19:41:47,255:ERROR:create_model() for nb raised an exception or returned all 0.0:
2026-06-01 19:41:47,256:ERROR:joblib.externals.loky.process_executor._RemoteTraceback: 
"""
Traceback (most recent call last):
  File "c:\Users\PC\AppData\Local\Programs\Python\Python311\Lib\site-packages\joblib\externals\loky\process_executor.py", line 426, in _process_worker
    call_item = call_queue.get(block=True, timeout=timeout)
                ^^^^^^^^^^^^^^^^^^^^^^^^^^^^^^^^^^^^^^^^^^^
  File "c:\Users\PC\AppData\Local\Programs\Python\Python311\Lib\multiprocessing\queues.py", line 122, in get
    return _ForkingPickler.loads(res)
           ^^^^^^^^^^^^^^^^^^^^^^^^^^
  File "c:\Users\PC\AppData\Local\Programs\Python\Python311\Lib\site-packages\sklearn\__init__.py", line 87, in <module>
    from .base import clone
  File "c:\Users\PC\AppData\Local\Programs\Python\Python311\Lib\site-packages\sklearn\base.py", line 19, in <module>
    from .utils import _IS_32BIT
  File "c:\Users\PC\AppData\Local\Programs\Python\Python311\Lib\site-packages\sklearn\utils\__init__.py", line 22, in <module>
  File "c:\Users\PC\AppData\Local\Programs\Python\Python311\Lib\site-packages\sklearn\utils\_estimator_html_repr.py", line 10, in <module>
    from .fixes import parse_version
  File "c:\Users\PC\AppData\Local\Programs\Python\Python311\Lib\site-packages\sklearn\utils\fixes.py", line 17, in <module>
    import scipy.stats
  File "c:\Users\PC\AppData\Local\Programs\Python\Python311\Lib\site-packages\scipy\stats\__init__.py", line 615, in <module>
    from ._kde import gaussian_kde
  File "c:\Users\PC\AppData\Local\Programs\Python\Python311\Lib\site-packages\scipy\stats\_kde.py", line 33, in <module>
    from . import _mvn
ImportError: DLL load failed while importing _mvn: El archivo de paginación es demasiado pequeño para completar la operación.
"""

The above exception was the direct cause of the following exception:

Traceback (most recent call last):
  File "c:\Users\PC\AppData\Local\Programs\Python\Python311\Lib\site-packages\pycaret\internal\pycaret_experiment\supervised_experiment.py", line 815, in compare_models
    model, model_fit_time = self._create_model(**create_model_args)
                            ^^^^^^^^^^^^^^^^^^^^^^^^^^^^^^^^^^^^^^^
  File "c:\Users\PC\AppData\Local\Programs\Python\Python311\Lib\site-packages\pycaret\internal\pycaret_experiment\supervised_experiment.py", line 1533, in _create_model
    model, model_fit_time, model_results, _ = self._create_model_with_cv(
                                              ^^^^^^^^^^^^^^^^^^^^^^^^^^^
  File "c:\Users\PC\AppData\Local\Programs\Python\Python311\Lib\site-packages\pycaret\internal\pycaret_experiment\supervised_experiment.py", line 1126, in _create_model_with_cv
    scores = cross_validate(
             ^^^^^^^^^^^^^^^
  File "c:\Users\PC\AppData\Local\Programs\Python\Python311\Lib\site-packages\sklearn\utils\_param_validation.py", line 213, in wrapper
    return func(*args, **kwargs)
           ^^^^^^^^^^^^^^^^^^^^^
  File "c:\Users\PC\AppData\Local\Programs\Python\Python311\Lib\site-packages\sklearn\model_selection\_validation.py", line 430, in cross_validate
    results = parallel(
              ^^^^^^^^^
  File "c:\Users\PC\AppData\Local\Programs\Python\Python311\Lib\site-packages\sklearn\utils\parallel.py", line 67, in __call__
    return super().__call__(iterable_with_config)
           ^^^^^^^^^^^^^^^^^^^^^^^^^^^^^^^^^^^^^^
  File "c:\Users\PC\AppData\Local\Programs\Python\Python311\Lib\site-packages\joblib\parallel.py", line 1952, in __call__
    return output if self.return_generator else list(output)
                                                ^^^^^^^^^^^^
  File "c:\Users\PC\AppData\Local\Programs\Python\Python311\Lib\site-packages\joblib\parallel.py", line 1595, in _get_outputs
    yield from self._retrieve()
  File "c:\Users\PC\AppData\Local\Programs\Python\Python311\Lib\site-packages\joblib\parallel.py", line 1699, in _retrieve
    self._raise_error_fast()
  File "c:\Users\PC\AppData\Local\Programs\Python\Python311\Lib\site-packages\joblib\parallel.py", line 1734, in _raise_error_fast
    error_job.get_result(self.timeout)
  File "c:\Users\PC\AppData\Local\Programs\Python\Python311\Lib\site-packages\joblib\parallel.py", line 736, in get_result
    return self._return_or_raise()
           ^^^^^^^^^^^^^^^^^^^^^^^
  File "c:\Users\PC\AppData\Local\Programs\Python\Python311\Lib\site-packages\joblib\parallel.py", line 754, in _return_or_raise
    raise self._result
joblib.externals.loky.process_executor.BrokenProcessPool: A task has failed to un-serialize. Please ensure that the arguments of the function are all picklable.

2026-06-01 19:41:47,256:INFO:Initializing Decision Tree Classifier
2026-06-01 19:41:47,257:INFO:Total runtime is 0.28799997170766195 minutes
2026-06-01 19:41:47,259:INFO:SubProcess create_model() called ==================================
2026-06-01 19:41:47,259:INFO:Initializing create_model()
2026-06-01 19:41:47,259:INFO:create_model(self=<pycaret.classification.oop.ClassificationExperiment object at 0x000001A869AF0DD0>, estimator=dt, fold=StratifiedKFold(n_splits=10, random_state=None, shuffle=False), round=4, cross_validation=True, predict=True, fit_kwargs={}, groups=None, refit=False, probability_threshold=None, experiment_custom_tags=None, verbose=False, system=False, add_to_model_list=True, metrics=None, display=<pycaret.internal.display.display.CommonDisplay object at 0x000001A8001AE850>, model_only=True, return_train_score=False, error_score=0.0, kwargs={})
2026-06-01 19:41:47,259:INFO:Checking exceptions
2026-06-01 19:41:47,259:INFO:Importing libraries
2026-06-01 19:41:47,260:INFO:Copying training dataset
2026-06-01 19:41:47,478:INFO:Defining folds
2026-06-01 19:41:47,478:INFO:Declaring metric variables
2026-06-01 19:41:47,481:INFO:Importing untrained model
2026-06-01 19:41:47,485:INFO:Decision Tree Classifier Imported successfully
2026-06-01 19:41:47,491:INFO:Starting cross validation
2026-06-01 19:41:47,492:INFO:Cross validating with StratifiedKFold(n_splits=10, random_state=None, shuffle=False), n_jobs=-1
2026-06-01 19:41:49,412:WARNING:Exception in thread ExecutorManagerThread:
2026-06-01 19:41:49,412:WARNING:Traceback (most recent call last):
2026-06-01 19:41:49,412:WARNING:  File "c:\Users\PC\AppData\Local\Programs\Python\Python311\Lib\threading.py", line 1045, in _bootstrap_inner
2026-06-01 19:41:49,424:WARNING:    self.run()
2026-06-01 19:41:49,424:WARNING:  File "c:\Users\PC\AppData\Local\Programs\Python\Python311\Lib\site-packages\joblib\externals\loky\process_executor.py", line 599, in run
2026-06-01 19:41:49,425:WARNING:    self.terminate_broken(bpe)
2026-06-01 19:41:49,425:WARNING:  File "c:\Users\PC\AppData\Local\Programs\Python\Python311\Lib\site-packages\joblib\externals\loky\process_executor.py", line 803, in terminate_broken
2026-06-01 19:41:49,426:WARNING:    self.kill_workers(reason="broken executor")
2026-06-01 19:41:49,426:WARNING:  File "c:\Users\PC\AppData\Local\Programs\Python\Python311\Lib\site-packages\joblib\externals\loky\process_executor.py", line 836, in kill_workers
2026-06-01 19:41:49,426:WARNING:    kill_process_tree(p)
2026-06-01 19:41:49,426:WARNING:  File "c:\Users\PC\AppData\Local\Programs\Python\Python311\Lib\site-packages\joblib\externals\loky\backend\utils.py", line 19, in kill_process_tree
2026-06-01 19:41:49,427:WARNING:    _kill_process_tree_with_psutil(process)
2026-06-01 19:41:49,427:WARNING:  File "c:\Users\PC\AppData\Local\Programs\Python\Python311\Lib\site-packages\joblib\externals\loky\backend\utils.py", line 35, in _kill_process_tree_with_psutil
2026-06-01 19:41:49,428:WARNING:    descendants = psutil.Process(process.pid).children(recursive=True)
2026-06-01 19:41:49,428:WARNING:                  ^^^^^^^^^^^^^^^^^^^^^^^^^^^^^^^^^^^^^^^^^^^^^^^^^^^^
2026-06-01 19:41:49,428:WARNING:  File "C:\Users\PC\AppData\Roaming\Python\Python311\site-packages\psutil\__init__.py", line 978, in children
2026-06-01 19:41:49,429:WARNING:    ppid_map = _ppid_map()
2026-06-01 19:41:49,429:WARNING:               ^^^^^^^^^^^
2026-06-01 19:41:49,429:WARNING:OSError: [WinError 1455] El archivo de paginación es demasiado pequeño para completar la operación
2026-06-01 19:41:49,431:WARNING:create_model() for dt raised an exception or returned all 0.0, trying without fit_kwargs:
2026-06-01 19:41:49,433:WARNING:joblib.externals.loky.process_executor._RemoteTraceback: 
"""
Traceback (most recent call last):
  File "c:\Users\PC\AppData\Local\Programs\Python\Python311\Lib\site-packages\joblib\externals\loky\process_executor.py", line 426, in _process_worker
    call_item = call_queue.get(block=True, timeout=timeout)
                ^^^^^^^^^^^^^^^^^^^^^^^^^^^^^^^^^^^^^^^^^^^
  File "c:\Users\PC\AppData\Local\Programs\Python\Python311\Lib\multiprocessing\queues.py", line 122, in get
    return _ForkingPickler.loads(res)
           ^^^^^^^^^^^^^^^^^^^^^^^^^^
  File "c:\Users\PC\AppData\Local\Programs\Python\Python311\Lib\site-packages\pycaret\internal\patches\sklearn.py", line 9, in <module>
    from pycaret.internal.pipeline import pipeline_predict_inverse_only
  File "c:\Users\PC\AppData\Local\Programs\Python\Python311\Lib\site-packages\pycaret\internal\pipeline.py", line 16, in <module>
    import imblearn.pipeline
  File "c:\Users\PC\AppData\Local\Programs\Python\Python311\Lib\site-packages\imblearn\__init__.py", line 54, in <module>
    from . import (
  File "c:\Users\PC\AppData\Local\Programs\Python\Python311\Lib\site-packages\imblearn\combine\__init__.py", line 5, in <module>
    from imblearn.combine._smote_enn import SMOTEENN
  File "c:\Users\PC\AppData\Local\Programs\Python\Python311\Lib\site-packages\imblearn\combine\_smote_enn.py", line 13, in <module>
    from imblearn.over_sampling import SMOTE
  File "c:\Users\PC\AppData\Local\Programs\Python\Python311\Lib\site-packages\imblearn\over_sampling\__init__.py", line 8, in <module>
    from imblearn.over_sampling._smote import (
  File "c:\Users\PC\AppData\Local\Programs\Python\Python311\Lib\site-packages\imblearn\over_sampling\_smote\__init__.py", line 2, in <module>
    from imblearn.over_sampling._smote.cluster import KMeansSMOTE
  File "c:\Users\PC\AppData\Local\Programs\Python\Python311\Lib\site-packages\imblearn\over_sampling\_smote\cluster.py", line 14, in <module>
    from sklearn.cluster import MiniBatchKMeans
  File "c:\Users\PC\AppData\Local\Programs\Python\Python311\Lib\site-packages\sklearn\cluster\__init__.py", line 7, in <module>
    from ._agglomerative import (
  File "<frozen importlib._bootstrap>", line 1176, in _find_and_load
  File "<frozen importlib._bootstrap>", line 1147, in _find_and_load_unlocked
  File "<frozen importlib._bootstrap>", line 690, in _load_unlocked
  File "<frozen importlib._bootstrap_external>", line 936, in exec_module
  File "<frozen importlib._bootstrap_external>", line 1069, in get_code
  File "<frozen importlib._bootstrap_external>", line 729, in _compile_bytecode
MemoryError
"""

The above exception was the direct cause of the following exception:

Traceback (most recent call last):
  File "c:\Users\PC\AppData\Local\Programs\Python\Python311\Lib\site-packages\pycaret\internal\pycaret_experiment\supervised_experiment.py", line 794, in compare_models
    model, model_fit_time = self._create_model(**create_model_args)
                            ^^^^^^^^^^^^^^^^^^^^^^^^^^^^^^^^^^^^^^^
  File "c:\Users\PC\AppData\Local\Programs\Python\Python311\Lib\site-packages\pycaret\internal\pycaret_experiment\supervised_experiment.py", line 1533, in _create_model
    model, model_fit_time, model_results, _ = self._create_model_with_cv(
                                              ^^^^^^^^^^^^^^^^^^^^^^^^^^^
  File "c:\Users\PC\AppData\Local\Programs\Python\Python311\Lib\site-packages\pycaret\internal\pycaret_experiment\supervised_experiment.py", line 1126, in _create_model_with_cv
    scores = cross_validate(
             ^^^^^^^^^^^^^^^
  File "c:\Users\PC\AppData\Local\Programs\Python\Python311\Lib\site-packages\sklearn\utils\_param_validation.py", line 213, in wrapper
    return func(*args, **kwargs)
           ^^^^^^^^^^^^^^^^^^^^^
  File "c:\Users\PC\AppData\Local\Programs\Python\Python311\Lib\site-packages\sklearn\model_selection\_validation.py", line 430, in cross_validate
    results = parallel(
              ^^^^^^^^^
  File "c:\Users\PC\AppData\Local\Programs\Python\Python311\Lib\site-packages\sklearn\utils\parallel.py", line 67, in __call__
    return super().__call__(iterable_with_config)
           ^^^^^^^^^^^^^^^^^^^^^^^^^^^^^^^^^^^^^^
  File "c:\Users\PC\AppData\Local\Programs\Python\Python311\Lib\site-packages\joblib\parallel.py", line 1952, in __call__
    return output if self.return_generator else list(output)
                                                ^^^^^^^^^^^^
  File "c:\Users\PC\AppData\Local\Programs\Python\Python311\Lib\site-packages\joblib\parallel.py", line 1595, in _get_outputs
    yield from self._retrieve()
  File "c:\Users\PC\AppData\Local\Programs\Python\Python311\Lib\site-packages\joblib\parallel.py", line 1699, in _retrieve
    self._raise_error_fast()
  File "c:\Users\PC\AppData\Local\Programs\Python\Python311\Lib\site-packages\joblib\parallel.py", line 1734, in _raise_error_fast
    error_job.get_result(self.timeout)
  File "c:\Users\PC\AppData\Local\Programs\Python\Python311\Lib\site-packages\joblib\parallel.py", line 736, in get_result
    return self._return_or_raise()
           ^^^^^^^^^^^^^^^^^^^^^^^
  File "c:\Users\PC\AppData\Local\Programs\Python\Python311\Lib\site-packages\joblib\parallel.py", line 754, in _return_or_raise
    raise self._result
joblib.externals.loky.process_executor.BrokenProcessPool: A task has failed to un-serialize. Please ensure that the arguments of the function are all picklable.

2026-06-01 19:41:49,433:INFO:Initializing create_model()
2026-06-01 19:41:49,433:INFO:create_model(self=<pycaret.classification.oop.ClassificationExperiment object at 0x000001A869AF0DD0>, estimator=dt, fold=StratifiedKFold(n_splits=10, random_state=None, shuffle=False), round=4, cross_validation=True, predict=True, fit_kwargs={}, groups=None, refit=False, probability_threshold=None, experiment_custom_tags=None, verbose=False, system=False, add_to_model_list=True, metrics=None, display=<pycaret.internal.display.display.CommonDisplay object at 0x000001A8001AE850>, model_only=True, return_train_score=False, error_score=0.0, kwargs={})
2026-06-01 19:41:49,433:INFO:Checking exceptions
2026-06-01 19:41:49,434:INFO:Importing libraries
2026-06-01 19:41:49,434:INFO:Copying training dataset
2026-06-01 19:41:49,491:ERROR:create_model() for dt raised an exception or returned all 0.0:
2026-06-01 19:41:49,497:ERROR:joblib.externals.loky.process_executor._RemoteTraceback: 
"""
Traceback (most recent call last):
  File "c:\Users\PC\AppData\Local\Programs\Python\Python311\Lib\site-packages\joblib\externals\loky\process_executor.py", line 426, in _process_worker
    call_item = call_queue.get(block=True, timeout=timeout)
                ^^^^^^^^^^^^^^^^^^^^^^^^^^^^^^^^^^^^^^^^^^^
  File "c:\Users\PC\AppData\Local\Programs\Python\Python311\Lib\multiprocessing\queues.py", line 122, in get
    return _ForkingPickler.loads(res)
           ^^^^^^^^^^^^^^^^^^^^^^^^^^
  File "c:\Users\PC\AppData\Local\Programs\Python\Python311\Lib\site-packages\pycaret\internal\patches\sklearn.py", line 9, in <module>
    from pycaret.internal.pipeline import pipeline_predict_inverse_only
  File "c:\Users\PC\AppData\Local\Programs\Python\Python311\Lib\site-packages\pycaret\internal\pipeline.py", line 16, in <module>
    import imblearn.pipeline
  File "c:\Users\PC\AppData\Local\Programs\Python\Python311\Lib\site-packages\imblearn\__init__.py", line 54, in <module>
    from . import (
  File "c:\Users\PC\AppData\Local\Programs\Python\Python311\Lib\site-packages\imblearn\combine\__init__.py", line 5, in <module>
    from imblearn.combine._smote_enn import SMOTEENN
  File "c:\Users\PC\AppData\Local\Programs\Python\Python311\Lib\site-packages\imblearn\combine\_smote_enn.py", line 13, in <module>
    from imblearn.over_sampling import SMOTE
  File "c:\Users\PC\AppData\Local\Programs\Python\Python311\Lib\site-packages\imblearn\over_sampling\__init__.py", line 8, in <module>
    from imblearn.over_sampling._smote import (
  File "c:\Users\PC\AppData\Local\Programs\Python\Python311\Lib\site-packages\imblearn\over_sampling\_smote\__init__.py", line 2, in <module>
    from imblearn.over_sampling._smote.cluster import KMeansSMOTE
  File "c:\Users\PC\AppData\Local\Programs\Python\Python311\Lib\site-packages\imblearn\over_sampling\_smote\cluster.py", line 14, in <module>
    from sklearn.cluster import MiniBatchKMeans
  File "c:\Users\PC\AppData\Local\Programs\Python\Python311\Lib\site-packages\sklearn\cluster\__init__.py", line 7, in <module>
    from ._agglomerative import (
  File "<frozen importlib._bootstrap>", line 1176, in _find_and_load
  File "<frozen importlib._bootstrap>", line 1147, in _find_and_load_unlocked
  File "<frozen importlib._bootstrap>", line 690, in _load_unlocked
  File "<frozen importlib._bootstrap_external>", line 936, in exec_module
  File "<frozen importlib._bootstrap_external>", line 1069, in get_code
  File "<frozen importlib._bootstrap_external>", line 729, in _compile_bytecode
MemoryError
"""

The above exception was the direct cause of the following exception:

Traceback (most recent call last):
  File "c:\Users\PC\AppData\Local\Programs\Python\Python311\Lib\site-packages\pycaret\internal\pycaret_experiment\supervised_experiment.py", line 794, in compare_models
    model, model_fit_time = self._create_model(**create_model_args)
                            ^^^^^^^^^^^^^^^^^^^^^^^^^^^^^^^^^^^^^^^
  File "c:\Users\PC\AppData\Local\Programs\Python\Python311\Lib\site-packages\pycaret\internal\pycaret_experiment\supervised_experiment.py", line 1533, in _create_model
    model, model_fit_time, model_results, _ = self._create_model_with_cv(
                                              ^^^^^^^^^^^^^^^^^^^^^^^^^^^
  File "c:\Users\PC\AppData\Local\Programs\Python\Python311\Lib\site-packages\pycaret\internal\pycaret_experiment\supervised_experiment.py", line 1126, in _create_model_with_cv
    scores = cross_validate(
             ^^^^^^^^^^^^^^^
  File "c:\Users\PC\AppData\Local\Programs\Python\Python311\Lib\site-packages\sklearn\utils\_param_validation.py", line 213, in wrapper
    return func(*args, **kwargs)
           ^^^^^^^^^^^^^^^^^^^^^
  File "c:\Users\PC\AppData\Local\Programs\Python\Python311\Lib\site-packages\sklearn\model_selection\_validation.py", line 430, in cross_validate
    results = parallel(
              ^^^^^^^^^
  File "c:\Users\PC\AppData\Local\Programs\Python\Python311\Lib\site-packages\sklearn\utils\parallel.py", line 67, in __call__
    return super().__call__(iterable_with_config)
           ^^^^^^^^^^^^^^^^^^^^^^^^^^^^^^^^^^^^^^
  File "c:\Users\PC\AppData\Local\Programs\Python\Python311\Lib\site-packages\joblib\parallel.py", line 1952, in __call__
    return output if self.return_generator else list(output)
                                                ^^^^^^^^^^^^
  File "c:\Users\PC\AppData\Local\Programs\Python\Python311\Lib\site-packages\joblib\parallel.py", line 1595, in _get_outputs
    yield from self._retrieve()
  File "c:\Users\PC\AppData\Local\Programs\Python\Python311\Lib\site-packages\joblib\parallel.py", line 1699, in _retrieve
    self._raise_error_fast()
  File "c:\Users\PC\AppData\Local\Programs\Python\Python311\Lib\site-packages\joblib\parallel.py", line 1734, in _raise_error_fast
    error_job.get_result(self.timeout)
  File "c:\Users\PC\AppData\Local\Programs\Python\Python311\Lib\site-packages\joblib\parallel.py", line 736, in get_result
    return self._return_or_raise()
           ^^^^^^^^^^^^^^^^^^^^^^^
  File "c:\Users\PC\AppData\Local\Programs\Python\Python311\Lib\site-packages\joblib\parallel.py", line 754, in _return_or_raise
    raise self._result
joblib.externals.loky.process_executor.BrokenProcessPool: A task has failed to un-serialize. Please ensure that the arguments of the function are all picklable.

During handling of the above exception, another exception occurred:

Traceback (most recent call last):
  File "c:\Users\PC\AppData\Local\Programs\Python\Python311\Lib\site-packages\pycaret\internal\pycaret_experiment\supervised_experiment.py", line 815, in compare_models
    model, model_fit_time = self._create_model(**create_model_args)
                            ^^^^^^^^^^^^^^^^^^^^^^^^^^^^^^^^^^^^^^^
  File "c:\Users\PC\AppData\Local\Programs\Python\Python311\Lib\site-packages\pycaret\internal\pycaret_experiment\supervised_experiment.py", line 1421, in _create_model
    data_X, data_y = self._create_model_get_train_X_y(
                     ^^^^^^^^^^^^^^^^^^^^^^^^^^^^^^^^^
  File "c:\Users\PC\AppData\Local\Programs\Python\Python311\Lib\site-packages\pycaret\internal\pycaret_experiment\non_ts_supervised_experiment.py", line 103, in _create_model_get_train_X_y
    if self.X_train is None:
       ^^^^^^^^^^^^
  File "c:\Users\PC\AppData\Local\Programs\Python\Python311\Lib\site-packages\pycaret\internal\pycaret_experiment\non_ts_supervised_experiment.py", line 25, in X_train
    return self.train.drop(self.target_param, axis=1)
           ^^^^^^^^^^
  File "c:\Users\PC\AppData\Local\Programs\Python\Python311\Lib\site-packages\pycaret\internal\pycaret_experiment\supervised_experiment.py", line 5806, in train
    return self.dataset.loc[self.idx[0], :]
           ~~~~~~~~~~~~~~~~^^^^^^^^^^^^^^^^
  File "c:\Users\PC\AppData\Local\Programs\Python\Python311\Lib\site-packages\pandas\core\indexing.py", line 1147, in __getitem__
    return self._getitem_tuple(key)
           ^^^^^^^^^^^^^^^^^^^^^^^^
  File "c:\Users\PC\AppData\Local\Programs\Python\Python311\Lib\site-packages\pandas\core\indexing.py", line 1339, in _getitem_tuple
    return self._getitem_tuple_same_dim(tup)
           ^^^^^^^^^^^^^^^^^^^^^^^^^^^^^^^^^
  File "c:\Users\PC\AppData\Local\Programs\Python\Python311\Lib\site-packages\pandas\core\indexing.py", line 994, in _getitem_tuple_same_dim
    retval = getattr(retval, self.name)._getitem_axis(key, axis=i)
             ^^^^^^^^^^^^^^^^^^^^^^^^^^^^^^^^^^^^^^^^^^^^^^^^^^^^^
  File "c:\Users\PC\AppData\Local\Programs\Python\Python311\Lib\site-packages\pandas\core\indexing.py", line 1382, in _getitem_axis
    return self._getitem_iterable(key, axis=axis)
           ^^^^^^^^^^^^^^^^^^^^^^^^^^^^^^^^^^^^^^
  File "c:\Users\PC\AppData\Local\Programs\Python\Python311\Lib\site-packages\pandas\core\indexing.py", line 1322, in _getitem_iterable
    keyarr, indexer = self._get_listlike_indexer(key, axis)
                      ^^^^^^^^^^^^^^^^^^^^^^^^^^^^^^^^^^^^^
  File "c:\Users\PC\AppData\Local\Programs\Python\Python311\Lib\site-packages\pandas\core\indexing.py", line 1520, in _get_listlike_indexer
    keyarr, indexer = ax._get_indexer_strict(key, axis_name)
                      ^^^^^^^^^^^^^^^^^^^^^^^^^^^^^^^^^^^^^^
  File "c:\Users\PC\AppData\Local\Programs\Python\Python311\Lib\site-packages\pandas\core\indexes\base.py", line 6111, in _get_indexer_strict
    keyarr = self.reindex(keyarr)[0]
             ^^^^^^^^^^^^^^^^^^^^
  File "c:\Users\PC\AppData\Local\Programs\Python\Python311\Lib\site-packages\pandas\core\indexes\base.py", line 4427, in reindex
    indexer = self.get_indexer(
              ^^^^^^^^^^^^^^^^^
  File "c:\Users\PC\AppData\Local\Programs\Python\Python311\Lib\site-packages\pandas\core\indexes\base.py", line 3943, in get_indexer
    return self._get_indexer(target, method, limit, tolerance)
           ^^^^^^^^^^^^^^^^^^^^^^^^^^^^^^^^^^^^^^^^^^^^^^^^^^^
  File "c:\Users\PC\AppData\Local\Programs\Python\Python311\Lib\site-packages\pandas\core\indexes\base.py", line 3970, in _get_indexer
    indexer = self._engine.get_indexer(tgt_values)
              ^^^^^^^^^^^^^^^^^^^^^^^^^^^^^^^^^^^^
  File "index.pyx", line 336, in pandas._libs.index.IndexEngine.get_indexer
  File "pandas\_libs\hashtable_class_helper.pxi", line 2730, in pandas._libs.hashtable.Int64HashTable.lookup
numpy.core._exceptions._ArrayMemoryError: Unable to allocate 622. KiB for an array with shape (79605,) and data type int64

2026-06-01 19:41:49,498:INFO:Initializing SVM - Linear Kernel
2026-06-01 19:41:49,498:INFO:Total runtime is 0.3253499786059062 minutes
2026-06-01 19:41:49,503:INFO:SubProcess create_model() called ==================================
2026-06-01 19:41:49,503:INFO:Initializing create_model()
2026-06-01 19:41:49,503:INFO:create_model(self=<pycaret.classification.oop.ClassificationExperiment object at 0x000001A869AF0DD0>, estimator=svm, fold=StratifiedKFold(n_splits=10, random_state=None, shuffle=False), round=4, cross_validation=True, predict=True, fit_kwargs={}, groups=None, refit=False, probability_threshold=None, experiment_custom_tags=None, verbose=False, system=False, add_to_model_list=True, metrics=None, display=<pycaret.internal.display.display.CommonDisplay object at 0x000001A8001AE850>, model_only=True, return_train_score=False, error_score=0.0, kwargs={})
2026-06-01 19:41:49,503:INFO:Checking exceptions
2026-06-01 19:41:49,503:INFO:Importing libraries
2026-06-01 19:41:49,503:INFO:Copying training dataset
2026-06-01 19:41:49,539:WARNING:create_model() for svm raised an exception or returned all 0.0, trying without fit_kwargs:
2026-06-01 19:41:49,547:WARNING:Traceback (most recent call last):
  File "c:\Users\PC\AppData\Local\Programs\Python\Python311\Lib\site-packages\pycaret\internal\pycaret_experiment\supervised_experiment.py", line 794, in compare_models
    model, model_fit_time = self._create_model(**create_model_args)
                            ^^^^^^^^^^^^^^^^^^^^^^^^^^^^^^^^^^^^^^^
  File "c:\Users\PC\AppData\Local\Programs\Python\Python311\Lib\site-packages\pycaret\internal\pycaret_experiment\supervised_experiment.py", line 1421, in _create_model
    data_X, data_y = self._create_model_get_train_X_y(
                     ^^^^^^^^^^^^^^^^^^^^^^^^^^^^^^^^^
  File "c:\Users\PC\AppData\Local\Programs\Python\Python311\Lib\site-packages\pycaret\internal\pycaret_experiment\non_ts_supervised_experiment.py", line 103, in _create_model_get_train_X_y
    if self.X_train is None:
       ^^^^^^^^^^^^
  File "c:\Users\PC\AppData\Local\Programs\Python\Python311\Lib\site-packages\pycaret\internal\pycaret_experiment\non_ts_supervised_experiment.py", line 25, in X_train
    return self.train.drop(self.target_param, axis=1)
           ^^^^^^^^^^
  File "c:\Users\PC\AppData\Local\Programs\Python\Python311\Lib\site-packages\pycaret\internal\pycaret_experiment\supervised_experiment.py", line 5806, in train
    return self.dataset.loc[self.idx[0], :]
           ~~~~~~~~~~~~~~~~^^^^^^^^^^^^^^^^
  File "c:\Users\PC\AppData\Local\Programs\Python\Python311\Lib\site-packages\pandas\core\indexing.py", line 1147, in __getitem__
    return self._getitem_tuple(key)
           ^^^^^^^^^^^^^^^^^^^^^^^^
  File "c:\Users\PC\AppData\Local\Programs\Python\Python311\Lib\site-packages\pandas\core\indexing.py", line 1339, in _getitem_tuple
    return self._getitem_tuple_same_dim(tup)
           ^^^^^^^^^^^^^^^^^^^^^^^^^^^^^^^^^
  File "c:\Users\PC\AppData\Local\Programs\Python\Python311\Lib\site-packages\pandas\core\indexing.py", line 994, in _getitem_tuple_same_dim
    retval = getattr(retval, self.name)._getitem_axis(key, axis=i)
             ^^^^^^^^^^^^^^^^^^^^^^^^^^^^^^^^^^^^^^^^^^^^^^^^^^^^^
  File "c:\Users\PC\AppData\Local\Programs\Python\Python311\Lib\site-packages\pandas\core\indexing.py", line 1382, in _getitem_axis
    return self._getitem_iterable(key, axis=axis)
           ^^^^^^^^^^^^^^^^^^^^^^^^^^^^^^^^^^^^^^
  File "c:\Users\PC\AppData\Local\Programs\Python\Python311\Lib\site-packages\pandas\core\indexing.py", line 1323, in _getitem_iterable
    return self.obj._reindex_with_indexers(
           ^^^^^^^^^^^^^^^^^^^^^^^^^^^^^^^^
  File "c:\Users\PC\AppData\Local\Programs\Python\Python311\Lib\site-packages\pandas\core\generic.py", line 5597, in _reindex_with_indexers
  File "c:\Users\PC\AppData\Local\Programs\Python\Python311\Lib\site-packages\pandas\core\internals\managers.py", line 670, in reindex_indexer
    new_blocks = [
                 ^
  File "c:\Users\PC\AppData\Local\Programs\Python\Python311\Lib\site-packages\pandas\core\internals\managers.py", line 671, in <listcomp>
    blk.take_nd(
  File "c:\Users\PC\AppData\Local\Programs\Python\Python311\Lib\site-packages\pandas\core\internals\blocks.py", line 1061, in take_nd
    new_values = algos.take_nd(
                 ^^^^^^^^^^^^^^
  File "c:\Users\PC\AppData\Local\Programs\Python\Python311\Lib\site-packages\pandas\core\array_algos\take.py", line 118, in take_nd
    return _take_nd_ndarray(arr, indexer, axis, fill_value, allow_fill)
           ^^^^^^^^^^^^^^^^^^^^^^^^^^^^^^^^^^^^^^^^^^^^^^^^^^^^^^^^^^^^
  File "c:\Users\PC\AppData\Local\Programs\Python\Python311\Lib\site-packages\pandas\core\array_algos\take.py", line 158, in _take_nd_ndarray
    out = np.empty(out_shape, dtype=dtype)
          ^^^^^^^^^^^^^^^^^^^^^^^^^^^^^^^^
numpy.core._exceptions._ArrayMemoryError: Unable to allocate 311. KiB for an array with shape (79605, 1) and data type float32

2026-06-01 19:41:49,548:INFO:Initializing create_model()
2026-06-01 19:41:49,548:INFO:create_model(self=<pycaret.classification.oop.ClassificationExperiment object at 0x000001A869AF0DD0>, estimator=svm, fold=StratifiedKFold(n_splits=10, random_state=None, shuffle=False), round=4, cross_validation=True, predict=True, fit_kwargs={}, groups=None, refit=False, probability_threshold=None, experiment_custom_tags=None, verbose=False, system=False, add_to_model_list=True, metrics=None, display=<pycaret.internal.display.display.CommonDisplay object at 0x000001A8001AE850>, model_only=True, return_train_score=False, error_score=0.0, kwargs={})
2026-06-01 19:41:49,548:INFO:Checking exceptions
2026-06-01 19:41:49,548:INFO:Importing libraries
2026-06-01 19:41:49,548:INFO:Copying training dataset
2026-06-01 19:41:49,550:ERROR:create_model() for svm raised an exception or returned all 0.0:
2026-06-01 19:41:49,561:ERROR:Traceback (most recent call last):
  File "c:\Users\PC\AppData\Local\Programs\Python\Python311\Lib\site-packages\pycaret\internal\pycaret_experiment\supervised_experiment.py", line 794, in compare_models
    model, model_fit_time = self._create_model(**create_model_args)
                            ^^^^^^^^^^^^^^^^^^^^^^^^^^^^^^^^^^^^^^^
  File "c:\Users\PC\AppData\Local\Programs\Python\Python311\Lib\site-packages\pycaret\internal\pycaret_experiment\supervised_experiment.py", line 1421, in _create_model
    data_X, data_y = self._create_model_get_train_X_y(
                     ^^^^^^^^^^^^^^^^^^^^^^^^^^^^^^^^^
  File "c:\Users\PC\AppData\Local\Programs\Python\Python311\Lib\site-packages\pycaret\internal\pycaret_experiment\non_ts_supervised_experiment.py", line 103, in _create_model_get_train_X_y
    if self.X_train is None:
       ^^^^^^^^^^^^
  File "c:\Users\PC\AppData\Local\Programs\Python\Python311\Lib\site-packages\pycaret\internal\pycaret_experiment\non_ts_supervised_experiment.py", line 25, in X_train
    return self.train.drop(self.target_param, axis=1)
           ^^^^^^^^^^
  File "c:\Users\PC\AppData\Local\Programs\Python\Python311\Lib\site-packages\pycaret\internal\pycaret_experiment\supervised_experiment.py", line 5806, in train
    return self.dataset.loc[self.idx[0], :]
           ~~~~~~~~~~~~~~~~^^^^^^^^^^^^^^^^
  File "c:\Users\PC\AppData\Local\Programs\Python\Python311\Lib\site-packages\pandas\core\indexing.py", line 1147, in __getitem__
    return self._getitem_tuple(key)
           ^^^^^^^^^^^^^^^^^^^^^^^^
  File "c:\Users\PC\AppData\Local\Programs\Python\Python311\Lib\site-packages\pandas\core\indexing.py", line 1339, in _getitem_tuple
    return self._getitem_tuple_same_dim(tup)
           ^^^^^^^^^^^^^^^^^^^^^^^^^^^^^^^^^
  File "c:\Users\PC\AppData\Local\Programs\Python\Python311\Lib\site-packages\pandas\core\indexing.py", line 994, in _getitem_tuple_same_dim
    retval = getattr(retval, self.name)._getitem_axis(key, axis=i)
             ^^^^^^^^^^^^^^^^^^^^^^^^^^^^^^^^^^^^^^^^^^^^^^^^^^^^^
  File "c:\Users\PC\AppData\Local\Programs\Python\Python311\Lib\site-packages\pandas\core\indexing.py", line 1382, in _getitem_axis
    return self._getitem_iterable(key, axis=axis)
           ^^^^^^^^^^^^^^^^^^^^^^^^^^^^^^^^^^^^^^
  File "c:\Users\PC\AppData\Local\Programs\Python\Python311\Lib\site-packages\pandas\core\indexing.py", line 1323, in _getitem_iterable
    return self.obj._reindex_with_indexers(
           ^^^^^^^^^^^^^^^^^^^^^^^^^^^^^^^^
  File "c:\Users\PC\AppData\Local\Programs\Python\Python311\Lib\site-packages\pandas\core\generic.py", line 5597, in _reindex_with_indexers
    new_data = new_data.reindex_indexer(
               ^^^^^^^^^^^^^^^^^^^^^^^^^
  File "c:\Users\PC\AppData\Local\Programs\Python\Python311\Lib\site-packages\pandas\core\internals\managers.py", line 670, in reindex_indexer
    new_blocks = [
                 ^
  File "c:\Users\PC\AppData\Local\Programs\Python\Python311\Lib\site-packages\pandas\core\internals\managers.py", line 671, in <listcomp>
    blk.take_nd(
  File "c:\Users\PC\AppData\Local\Programs\Python\Python311\Lib\site-packages\pandas\core\internals\blocks.py", line 1061, in take_nd
    new_values = algos.take_nd(
                 ^^^^^^^^^^^^^^
  File "c:\Users\PC\AppData\Local\Programs\Python\Python311\Lib\site-packages\pandas\core\array_algos\take.py", line 118, in take_nd
    return _take_nd_ndarray(arr, indexer, axis, fill_value, allow_fill)
           ^^^^^^^^^^^^^^^^^^^^^^^^^^^^^^^^^^^^^^^^^^^^^^^^^^^^^^^^^^^^
  File "c:\Users\PC\AppData\Local\Programs\Python\Python311\Lib\site-packages\pandas\core\array_algos\take.py", line 158, in _take_nd_ndarray
    out = np.empty(out_shape, dtype=dtype)
          ^^^^^^^^^^^^^^^^^^^^^^^^^^^^^^^^
numpy.core._exceptions._ArrayMemoryError: Unable to allocate 311. KiB for an array with shape (79605, 1) and data type float32

During handling of the above exception, another exception occurred:

Traceback (most recent call last):
  File "c:\Users\PC\AppData\Local\Programs\Python\Python311\Lib\site-packages\pycaret\internal\pycaret_experiment\supervised_experiment.py", line 815, in compare_models
    model, model_fit_time = self._create_model(**create_model_args)
                            ^^^^^^^^^^^^^^^^^^^^^^^^^^^^^^^^^^^^^^^
  File "c:\Users\PC\AppData\Local\Programs\Python\Python311\Lib\site-packages\pycaret\internal\pycaret_experiment\supervised_experiment.py", line 1421, in _create_model
    data_X, data_y = self._create_model_get_train_X_y(
                     ^^^^^^^^^^^^^^^^^^^^^^^^^^^^^^^^^
  File "c:\Users\PC\AppData\Local\Programs\Python\Python311\Lib\site-packages\pycaret\internal\pycaret_experiment\non_ts_supervised_experiment.py", line 103, in _create_model_get_train_X_y
    if self.X_train is None:
       ^^^^^^^^^^^^
  File "c:\Users\PC\AppData\Local\Programs\Python\Python311\Lib\site-packages\pycaret\internal\pycaret_experiment\non_ts_supervised_experiment.py", line 25, in X_train
    return self.train.drop(self.target_param, axis=1)
           ^^^^^^^^^^
  File "c:\Users\PC\AppData\Local\Programs\Python\Python311\Lib\site-packages\pycaret\internal\pycaret_experiment\supervised_experiment.py", line 5806, in train
    return self.dataset.loc[self.idx[0], :]
           ^^^^^^^^^^^^
  File "c:\Users\PC\AppData\Local\Programs\Python\Python311\Lib\site-packages\pycaret\internal\pycaret_experiment\pycaret_experiment.py", line 557, in dataset
    return self.data[[c for c in self.data.columns if c not in self._fxs["Ignore"]]]
           ~~~~~~~~~^^^^^^^^^^^^^^^^^^^^^^^^^^^^^^^^^^^^^^^^^^^^^^^^^^^^^^^^^^^^^^^^
  File "c:\Users\PC\AppData\Local\Programs\Python\Python311\Lib\site-packages\pandas\core\frame.py", line 3908, in __getitem__
    data = self._take_with_is_copy(indexer, axis=1)
           ^^^^^^^^^^^^^^^^^^^^^^^^^^^^^^^^^^^^^^^^
  File "c:\Users\PC\AppData\Local\Programs\Python\Python311\Lib\site-packages\pandas\core\generic.py", line 4088, in _take_with_is_copy
    result = self.take(indices=indices, axis=axis)
             ^^^^^^^^^^^^^^^^^^^^^^^^^^^^^^^^^^^^^
  File "c:\Users\PC\AppData\Local\Programs\Python\Python311\Lib\site-packages\pandas\core\generic.py", line 4068, in take
    new_data = self._mgr.take(
               ^^^^^^^^^^^^^^^
  File "c:\Users\PC\AppData\Local\Programs\Python\Python311\Lib\site-packages\pandas\core\internals\managers.py", line 877, in take
    return self.reindex_indexer(
           ^^^^^^^^^^^^^^^^^^^^^
  File "c:\Users\PC\AppData\Local\Programs\Python\Python311\Lib\site-packages\pandas\core\internals\managers.py", line 663, in reindex_indexer
    new_blocks = self._slice_take_blocks_ax0(
                 ^^^^^^^^^^^^^^^^^^^^^^^^^^^^
  File "c:\Users\PC\AppData\Local\Programs\Python\Python311\Lib\site-packages\pandas\core\internals\managers.py", line 826, in _slice_take_blocks_ax0
    nb = blk.take_nd(taker, axis=0, new_mgr_locs=mgr_locs)
         ^^^^^^^^^^^^^^^^^^^^^^^^^^^^^^^^^^^^^^^^^^^^^^^^^
  File "c:\Users\PC\AppData\Local\Programs\Python\Python311\Lib\site-packages\pandas\core\internals\blocks.py", line 1061, in take_nd
    new_values = algos.take_nd(
                 ^^^^^^^^^^^^^^
  File "c:\Users\PC\AppData\Local\Programs\Python\Python311\Lib\site-packages\pandas\core\array_algos\take.py", line 118, in take_nd
    return _take_nd_ndarray(arr, indexer, axis, fill_value, allow_fill)
           ^^^^^^^^^^^^^^^^^^^^^^^^^^^^^^^^^^^^^^^^^^^^^^^^^^^^^^^^^^^^
  File "c:\Users\PC\AppData\Local\Programs\Python\Python311\Lib\site-packages\pandas\core\array_algos\take.py", line 156, in _take_nd_ndarray
    out = np.empty(out_shape, dtype=dtype, order="F")
          ^^^^^^^^^^^^^^^^^^^^^^^^^^^^^^^^^^^^^^^^^^^
numpy.core._exceptions._ArrayMemoryError: Unable to allocate 444. KiB for an array with shape (113722, 1) and data type float32

2026-06-01 19:41:49,561:INFO:Initializing Ridge Classifier
2026-06-01 19:41:49,562:INFO:Total runtime is 0.32640833854675294 minutes
2026-06-01 19:41:49,565:INFO:SubProcess create_model() called ==================================
2026-06-01 19:41:49,566:INFO:Initializing create_model()
2026-06-01 19:41:49,566:INFO:create_model(self=<pycaret.classification.oop.ClassificationExperiment object at 0x000001A869AF0DD0>, estimator=ridge, fold=StratifiedKFold(n_splits=10, random_state=None, shuffle=False), round=4, cross_validation=True, predict=True, fit_kwargs={}, groups=None, refit=False, probability_threshold=None, experiment_custom_tags=None, verbose=False, system=False, add_to_model_list=True, metrics=None, display=<pycaret.internal.display.display.CommonDisplay object at 0x000001A8001AE850>, model_only=True, return_train_score=False, error_score=0.0, kwargs={})
2026-06-01 19:41:49,566:INFO:Checking exceptions
2026-06-01 19:41:49,566:INFO:Importing libraries
2026-06-01 19:41:49,566:INFO:Copying training dataset
2026-06-01 19:41:49,813:INFO:Defining folds
2026-06-01 19:41:49,814:INFO:Declaring metric variables
2026-06-01 19:41:49,818:INFO:Importing untrained model
2026-06-01 19:41:49,825:INFO:Ridge Classifier Imported successfully
2026-06-01 19:41:49,833:INFO:Starting cross validation
2026-06-01 19:41:49,834:INFO:Cross validating with StratifiedKFold(n_splits=10, random_state=None, shuffle=False), n_jobs=-1
2026-06-19 17:22:04,334:WARNING:
'cuml' is a soft dependency and not included in the pycaret installation. Please run: `pip install cuml` to install.
2026-06-19 17:22:04,414:WARNING:
'cuml' is a soft dependency and not included in the pycaret installation. Please run: `pip install cuml` to install.
2026-06-19 17:22:04,415:WARNING:
'cuml' is a soft dependency and not included in the pycaret installation. Please run: `pip install cuml` to install.
2026-06-19 17:22:04,415:WARNING:
'cuml' is a soft dependency and not included in the pycaret installation. Please run: `pip install cuml` to install.
2026-06-19 17:29:52,751:WARNING:
'cuml' is a soft dependency and not included in the pycaret installation. Please run: `pip install cuml` to install.
2026-06-19 17:29:52,751:WARNING:
'cuml' is a soft dependency and not included in the pycaret installation. Please run: `pip install cuml` to install.
2026-06-19 17:29:52,985:WARNING:
'cuml' is a soft dependency and not included in the pycaret installation. Please run: `pip install cuml` to install.
2026-06-19 17:29:52,985:WARNING:
'cuml' is a soft dependency and not included in the pycaret installation. Please run: `pip install cuml` to install.
2026-06-19 17:59:01,487:WARNING:
'cuml' is a soft dependency and not included in the pycaret installation. Please run: `pip install cuml` to install.
2026-06-19 17:59:01,487:WARNING:
'cuml' is a soft dependency and not included in the pycaret installation. Please run: `pip install cuml` to install.
2026-06-19 17:59:01,487:WARNING:
'cuml' is a soft dependency and not included in the pycaret installation. Please run: `pip install cuml` to install.
2026-06-19 17:59:01,487:WARNING:
'cuml' is a soft dependency and not included in the pycaret installation. Please run: `pip install cuml` to install.
2026-06-19 18:02:24,704:WARNING:
'cuml' is a soft dependency and not included in the pycaret installation. Please run: `pip install cuml` to install.
2026-06-19 18:02:24,704:WARNING:
'cuml' is a soft dependency and not included in the pycaret installation. Please run: `pip install cuml` to install.
2026-06-19 18:02:24,704:WARNING:
'cuml' is a soft dependency and not included in the pycaret installation. Please run: `pip install cuml` to install.
2026-06-19 18:02:24,704:WARNING:
'cuml' is a soft dependency and not included in the pycaret installation. Please run: `pip install cuml` to install.
2026-06-19 18:19:39,605:WARNING:
'cuml' is a soft dependency and not included in the pycaret installation. Please run: `pip install cuml` to install.
2026-06-19 18:19:39,637:WARNING:
'cuml' is a soft dependency and not included in the pycaret installation. Please run: `pip install cuml` to install.
2026-06-19 18:19:39,637:WARNING:
'cuml' is a soft dependency and not included in the pycaret installation. Please run: `pip install cuml` to install.
2026-06-19 18:19:39,637:WARNING:
'cuml' is a soft dependency and not included in the pycaret installation. Please run: `pip install cuml` to install.
2026-06-19 18:25:33,589:WARNING:
'cuml' is a soft dependency and not included in the pycaret installation. Please run: `pip install cuml` to install.
2026-06-19 18:25:33,589:WARNING:
'cuml' is a soft dependency and not included in the pycaret installation. Please run: `pip install cuml` to install.
2026-06-19 18:25:33,589:WARNING:
'cuml' is a soft dependency and not included in the pycaret installation. Please run: `pip install cuml` to install.
2026-06-19 18:25:33,589:WARNING:
'cuml' is a soft dependency and not included in the pycaret installation. Please run: `pip install cuml` to install.
2026-06-19 18:28:40,411:WARNING:C:\Users\PC\AppData\Roaming\Python\Python311\site-packages\sklearn\metrics\_classification.py:1509: UndefinedMetricWarning: Precision is ill-defined and being set to 0.0 due to no predicted samples. Use `zero_division` parameter to control this behavior.
  _warn_prf(average, modifier, f"{metric.capitalize()} is", len(result))

2026-06-19 18:32:51,727:INFO:PyCaret ClassificationExperiment
2026-06-19 18:32:51,727:INFO:Logging name: clf-default-name
2026-06-19 18:32:51,727:INFO:ML Usecase: MLUsecase.CLASSIFICATION
2026-06-19 18:32:51,727:INFO:version 3.3.0
2026-06-19 18:32:51,727:INFO:Initializing setup()
2026-06-19 18:32:51,727:INFO:self.USI: 59ea
2026-06-19 18:32:51,727:INFO:self._variable_keys: {'y_test', 'y', 'target_param', '_available_plots', 'USI', 'X', 'X_test', 'fix_imbalance', 'exp_id', 'n_jobs_param', 'X_train', 'data', 'gpu_param', 'log_plots_param', 'seed', 'gpu_n_jobs_param', 'y_train', 'exp_name_log', 'pipeline', 'logging_param', 'fold_generator', 'fold_shuffle_param', '_ml_usecase', 'html_param', 'fold_groups_param', 'is_multiclass', 'idx', 'memory'}
2026-06-19 18:32:51,728:INFO:Checking environment
2026-06-19 18:32:51,728:INFO:python_version: 3.11.9
2026-06-19 18:32:51,728:INFO:python_build: ('tags/v3.11.9:de54cf5', 'Apr  2 2024 10:12:12')
2026-06-19 18:32:51,728:INFO:machine: AMD64
2026-06-19 18:32:51,728:INFO:platform: Windows-10-10.0.19045-SP0
2026-06-19 18:32:51,735:INFO:Memory: svmem(total=17103945728, available=2680774656, percent=84.3, used=14423171072, free=2680774656)
2026-06-19 18:32:51,736:INFO:Physical Core: 10
2026-06-19 18:32:51,736:INFO:Logical Core: 20
2026-06-19 18:32:51,736:INFO:Checking libraries
2026-06-19 18:32:51,736:INFO:System:
2026-06-19 18:32:51,736:INFO:    python: 3.11.9 (tags/v3.11.9:de54cf5, Apr  2 2024, 10:12:12) [MSC v.1938 64 bit (AMD64)]
2026-06-19 18:32:51,736:INFO:executable: c:\Users\PC\AppData\Local\Programs\Python\Python311\python.exe
2026-06-19 18:32:51,736:INFO:   machine: Windows-10-10.0.19045-SP0
2026-06-19 18:32:51,736:INFO:PyCaret required dependencies:
2026-06-19 18:32:51,819:INFO:                 pip: 24.0
2026-06-19 18:32:51,819:INFO:          setuptools: 82.0.1
2026-06-19 18:32:51,819:INFO:             pycaret: 3.3.0
2026-06-19 18:32:51,819:INFO:             IPython: 9.14.1
2026-06-19 18:32:51,819:INFO:          ipywidgets: 8.1.8
2026-06-19 18:32:51,819:INFO:                tqdm: 4.68.3
2026-06-19 18:32:51,819:INFO:               numpy: 1.26.4
2026-06-19 18:32:51,819:INFO:              pandas: 2.1.4
2026-06-19 18:32:51,820:INFO:              jinja2: 3.1.6
2026-06-19 18:32:51,820:INFO:               scipy: 1.11.4
2026-06-19 18:32:51,820:INFO:              joblib: 1.5.3
2026-06-19 18:32:51,820:INFO:             sklearn: 1.4.2
2026-06-19 18:32:51,820:INFO:                pyod: 3.6.1
2026-06-19 18:32:51,820:INFO:            imblearn: 0.14.2
2026-06-19 18:32:51,820:INFO:   category_encoders: 2.7.0
2026-06-19 18:32:51,820:INFO:            lightgbm: 4.6.0
2026-06-19 18:32:51,820:INFO:               numba: 0.65.1
2026-06-19 18:32:51,820:INFO:            requests: 2.34.2
2026-06-19 18:32:51,820:INFO:          matplotlib: 3.7.5
2026-06-19 18:32:51,820:INFO:          scikitplot: 0.3.7
2026-06-19 18:32:51,820:INFO:         yellowbrick: 1.5
2026-06-19 18:32:51,820:INFO:              plotly: 6.8.0
2026-06-19 18:32:51,820:INFO:    plotly-resampler: Not installed
2026-06-19 18:32:51,820:INFO:             kaleido: 1.3.0
2026-06-19 18:32:51,820:INFO:           schemdraw: 0.15
2026-06-19 18:32:51,820:INFO:         statsmodels: 0.14.6
2026-06-19 18:32:51,820:INFO:              sktime: 1.0.1
2026-06-19 18:32:51,820:INFO:               tbats: 1.1.3
2026-06-19 18:32:51,820:INFO:            pmdarima: 2.0.4
2026-06-19 18:32:51,820:INFO:              psutil: 7.2.2
2026-06-19 18:32:51,820:INFO:          markupsafe: 3.0.3
2026-06-19 18:32:51,821:INFO:             pickle5: Not installed
2026-06-19 18:32:51,821:INFO:         cloudpickle: 3.1.2
2026-06-19 18:32:51,821:INFO:         deprecation: 2.1.0
2026-06-19 18:32:51,821:INFO:              xxhash: 3.7.0
2026-06-19 18:32:51,821:INFO:           wurlitzer: Not installed
2026-06-19 18:32:51,821:INFO:PyCaret optional dependencies:
2026-06-19 18:32:51,928:INFO:                shap: 0.49.1
2026-06-19 18:32:51,928:INFO:           interpret: Not installed
2026-06-19 18:32:51,928:INFO:                umap: Not installed
2026-06-19 18:32:51,928:INFO:     ydata_profiling: Not installed
2026-06-19 18:32:51,928:INFO:  explainerdashboard: Not installed
2026-06-19 18:32:51,928:INFO:             autoviz: Not installed
2026-06-19 18:32:51,929:INFO:           fairlearn: Not installed
2026-06-19 18:32:51,929:INFO:          deepchecks: Not installed
2026-06-19 18:32:51,929:INFO:             xgboost: Not installed
2026-06-19 18:32:51,929:INFO:            catboost: Not installed
2026-06-19 18:32:51,929:INFO:              kmodes: Not installed
2026-06-19 18:32:51,929:INFO:             mlxtend: Not installed
2026-06-19 18:32:51,929:INFO:       statsforecast: Not installed
2026-06-19 18:32:51,929:INFO:        tune_sklearn: Not installed
2026-06-19 18:32:51,929:INFO:                 ray: Not installed
2026-06-19 18:32:51,929:INFO:            hyperopt: Not installed
2026-06-19 18:32:51,929:INFO:              optuna: Not installed
2026-06-19 18:32:51,929:INFO:               skopt: Not installed
2026-06-19 18:32:51,929:INFO:              mlflow: Not installed
2026-06-19 18:32:51,929:INFO:              gradio: Not installed
2026-06-19 18:32:51,929:INFO:             fastapi: Not installed
2026-06-19 18:32:51,929:INFO:             uvicorn: 0.49.0
2026-06-19 18:32:51,929:INFO:              m2cgen: Not installed
2026-06-19 18:32:51,929:INFO:           evidently: Not installed
2026-06-19 18:32:51,929:INFO:               fugue: Not installed
2026-06-19 18:32:51,929:INFO:           streamlit: Not installed
2026-06-19 18:32:51,929:INFO:             prophet: Not installed
2026-06-19 18:32:51,929:INFO:None
2026-06-19 18:32:51,930:INFO:Set up data.
2026-06-19 18:32:52,005:INFO:Set up folding strategy.
2026-06-19 18:32:52,006:INFO:Set up train/test split.
2026-06-19 18:32:52,200:INFO:Set up index.
2026-06-19 18:32:52,206:INFO:Assigning column types.
2026-06-19 18:32:52,393:INFO:Engine successfully changes for model 'lr' to 'sklearn'.
2026-06-19 18:32:52,426:INFO:Engine for model 'knn' has not been set explicitly, hence returning None.
2026-06-19 18:32:52,434:INFO:Engine for model 'rbfsvm' has not been set explicitly, hence returning None.
2026-06-19 18:32:52,471:WARNING:
'xgboost' is a soft dependency and not included in the pycaret installation. Please run: `pip install xgboost` to install.
Alternately, you can install this by running `pip install pycaret[models]`
2026-06-19 18:32:52,471:WARNING:
'catboost' is a soft dependency and not included in the pycaret installation. Please run: `pip install catboost` to install.
Alternately, you can install this by running `pip install pycaret[models]`
2026-06-19 18:32:52,506:INFO:Engine for model 'knn' has not been set explicitly, hence returning None.
2026-06-19 18:32:52,507:INFO:Engine for model 'rbfsvm' has not been set explicitly, hence returning None.
2026-06-19 18:32:52,527:WARNING:
'xgboost' is a soft dependency and not included in the pycaret installation. Please run: `pip install xgboost` to install.
Alternately, you can install this by running `pip install pycaret[models]`
2026-06-19 18:32:52,527:WARNING:
'catboost' is a soft dependency and not included in the pycaret installation. Please run: `pip install catboost` to install.
Alternately, you can install this by running `pip install pycaret[models]`
2026-06-19 18:32:52,528:INFO:Engine successfully changes for model 'knn' to 'sklearn'.
2026-06-19 18:32:52,561:INFO:Engine for model 'rbfsvm' has not been set explicitly, hence returning None.
2026-06-19 18:32:52,582:WARNING:
'xgboost' is a soft dependency and not included in the pycaret installation. Please run: `pip install xgboost` to install.
Alternately, you can install this by running `pip install pycaret[models]`
2026-06-19 18:32:52,582:WARNING:
'catboost' is a soft dependency and not included in the pycaret installation. Please run: `pip install catboost` to install.
Alternately, you can install this by running `pip install pycaret[models]`
2026-06-19 18:32:52,615:INFO:Engine for model 'rbfsvm' has not been set explicitly, hence returning None.
2026-06-19 18:32:52,636:WARNING:
'xgboost' is a soft dependency and not included in the pycaret installation. Please run: `pip install xgboost` to install.
Alternately, you can install this by running `pip install pycaret[models]`
2026-06-19 18:32:52,636:WARNING:
'catboost' is a soft dependency and not included in the pycaret installation. Please run: `pip install catboost` to install.
Alternately, you can install this by running `pip install pycaret[models]`
2026-06-19 18:32:52,637:INFO:Engine successfully changes for model 'rbfsvm' to 'sklearn'.
2026-06-19 18:32:52,695:WARNING:
'xgboost' is a soft dependency and not included in the pycaret installation. Please run: `pip install xgboost` to install.
Alternately, you can install this by running `pip install pycaret[models]`
2026-06-19 18:32:52,695:WARNING:
'catboost' is a soft dependency and not included in the pycaret installation. Please run: `pip install catboost` to install.
Alternately, you can install this by running `pip install pycaret[models]`
2026-06-19 18:32:52,762:WARNING:
'xgboost' is a soft dependency and not included in the pycaret installation. Please run: `pip install xgboost` to install.
Alternately, you can install this by running `pip install pycaret[models]`
2026-06-19 18:32:52,762:WARNING:
'catboost' is a soft dependency and not included in the pycaret installation. Please run: `pip install catboost` to install.
Alternately, you can install this by running `pip install pycaret[models]`
2026-06-19 18:32:53,007:INFO:Finished creating preprocessing pipeline.
2026-06-19 18:32:53,010:INFO:Pipeline: Pipeline(memory=FastMemory(location=C:\Users\PC\AppData\Local\Temp\joblib),
         steps=[('placeholder', None)], verbose=False)
2026-06-19 18:32:53,010:INFO:Creating final display dataframe.
2026-06-19 18:32:53,734:INFO:Setup _display_container:                    Description          Value
0                   Session id             42
1                       Target   RainTomorrow
2                  Target type         Binary
3          Original data shape  (113722, 117)
4       Transformed data shape  (113722, 117)
5  Transformed train set shape   (79605, 117)
6   Transformed test set shape   (34117, 117)
7             Numeric features             19
2026-06-19 18:32:53,806:WARNING:
'xgboost' is a soft dependency and not included in the pycaret installation. Please run: `pip install xgboost` to install.
Alternately, you can install this by running `pip install pycaret[models]`
2026-06-19 18:32:53,806:WARNING:
'catboost' is a soft dependency and not included in the pycaret installation. Please run: `pip install catboost` to install.
Alternately, you can install this by running `pip install pycaret[models]`
2026-06-19 18:32:53,862:WARNING:
'xgboost' is a soft dependency and not included in the pycaret installation. Please run: `pip install xgboost` to install.
Alternately, you can install this by running `pip install pycaret[models]`
2026-06-19 18:32:53,862:WARNING:
'catboost' is a soft dependency and not included in the pycaret installation. Please run: `pip install catboost` to install.
Alternately, you can install this by running `pip install pycaret[models]`
2026-06-19 18:32:53,863:INFO:setup() successfully completed in 2.14s...............
2026-06-19 18:32:53,864:INFO:Initializing compare_models()
2026-06-19 18:32:53,864:INFO:compare_models(self=<pycaret.classification.oop.ClassificationExperiment object at 0x00000243BF56FC10>, include=None, exclude=None, fold=None, round=4, cross_validation=True, sort=Recall, n_select=1, budget_time=None, turbo=True, errors=ignore, fit_kwargs=None, groups=None, experiment_custom_tags=None, probability_threshold=None, verbose=True, parallel=None, caller_params={'self': <pycaret.classification.oop.ClassificationExperiment object at 0x00000243BF56FC10>, 'include': None, 'exclude': None, 'fold': None, 'round': 4, 'cross_validation': True, 'sort': 'Recall', 'n_select': 1, 'budget_time': None, 'turbo': True, 'errors': 'ignore', 'fit_kwargs': None, 'groups': None, 'experiment_custom_tags': None, 'probability_threshold': None, 'engine': None, 'verbose': True, 'parallel': None, '__class__': <class 'pycaret.classification.oop.ClassificationExperiment'>})
2026-06-19 18:32:53,864:INFO:Checking exceptions
2026-06-19 18:32:54,003:INFO:Preparing display monitor
2026-06-19 18:32:54,025:INFO:Initializing Logistic Regression
2026-06-19 18:32:54,026:INFO:Total runtime is 8.316834767659505e-06 minutes
2026-06-19 18:32:54,028:INFO:SubProcess create_model() called ==================================
2026-06-19 18:32:54,029:INFO:Initializing create_model()
2026-06-19 18:32:54,029:INFO:create_model(self=<pycaret.classification.oop.ClassificationExperiment object at 0x00000243BF56FC10>, estimator=lr, fold=StratifiedKFold(n_splits=10, random_state=None, shuffle=False), round=4, cross_validation=True, predict=True, fit_kwargs={}, groups=None, refit=False, probability_threshold=None, experiment_custom_tags=None, verbose=False, system=False, add_to_model_list=True, metrics=None, display=<pycaret.internal.display.display.CommonDisplay object at 0x00000243C04570D0>, model_only=True, return_train_score=False, error_score=0.0, kwargs={})
2026-06-19 18:32:54,029:INFO:Checking exceptions
2026-06-19 18:32:54,029:INFO:Importing libraries
2026-06-19 18:32:54,029:INFO:Copying training dataset
2026-06-19 18:32:54,275:INFO:Defining folds
2026-06-19 18:32:54,275:INFO:Declaring metric variables
2026-06-19 18:32:54,277:INFO:Importing untrained model
2026-06-19 18:32:54,280:INFO:Logistic Regression Imported successfully
2026-06-19 18:32:54,285:INFO:Starting cross validation
2026-06-19 18:32:54,286:INFO:Cross validating with StratifiedKFold(n_splits=10, random_state=None, shuffle=False), n_jobs=-1
2026-06-19 18:33:41,690:INFO:Calculating mean and std
2026-06-19 18:33:41,692:INFO:Creating metrics dataframe
2026-06-19 18:33:41,695:INFO:Uploading results into container
2026-06-19 18:33:41,696:INFO:Uploading model into container now
2026-06-19 18:33:41,697:INFO:_master_model_container: 1
2026-06-19 18:33:41,697:INFO:_display_container: 2
2026-06-19 18:33:41,697:INFO:LogisticRegression(C=1.0, class_weight=None, dual=False, fit_intercept=True,
                   intercept_scaling=1, l1_ratio=None, max_iter=1000,
                   multi_class='auto', n_jobs=None, penalty='l2',
                   random_state=42, solver='lbfgs', tol=0.0001, verbose=0,
                   warm_start=False)
2026-06-19 18:33:41,697:INFO:create_model() successfully completed......................................
2026-06-19 18:33:41,965:INFO:SubProcess create_model() end ==================================
2026-06-19 18:33:41,966:INFO:Creating metrics dataframe
2026-06-19 18:33:41,975:INFO:Initializing K Neighbors Classifier
2026-06-19 18:33:41,975:INFO:Total runtime is 0.7991583069165548 minutes
2026-06-19 18:33:41,978:INFO:SubProcess create_model() called ==================================
2026-06-19 18:33:41,978:INFO:Initializing create_model()
2026-06-19 18:33:41,978:INFO:create_model(self=<pycaret.classification.oop.ClassificationExperiment object at 0x00000243BF56FC10>, estimator=knn, fold=StratifiedKFold(n_splits=10, random_state=None, shuffle=False), round=4, cross_validation=True, predict=True, fit_kwargs={}, groups=None, refit=False, probability_threshold=None, experiment_custom_tags=None, verbose=False, system=False, add_to_model_list=True, metrics=None, display=<pycaret.internal.display.display.CommonDisplay object at 0x00000243C04570D0>, model_only=True, return_train_score=False, error_score=0.0, kwargs={})
2026-06-19 18:33:41,978:INFO:Checking exceptions
2026-06-19 18:33:41,979:INFO:Importing libraries
2026-06-19 18:33:41,979:INFO:Copying training dataset
2026-06-19 18:33:42,246:INFO:Defining folds
2026-06-19 18:33:42,246:INFO:Declaring metric variables
2026-06-19 18:33:42,249:INFO:Importing untrained model
2026-06-19 18:33:42,252:INFO:K Neighbors Classifier Imported successfully
2026-06-19 18:33:42,259:INFO:Starting cross validation
2026-06-19 18:33:42,260:INFO:Cross validating with StratifiedKFold(n_splits=10, random_state=None, shuffle=False), n_jobs=-1
2026-06-19 18:34:01,122:INFO:Calculating mean and std
2026-06-19 18:34:01,124:INFO:Creating metrics dataframe
2026-06-19 18:34:01,125:INFO:Uploading results into container
2026-06-19 18:34:01,125:INFO:Uploading model into container now
2026-06-19 18:34:01,126:INFO:_master_model_container: 2
2026-06-19 18:34:01,126:INFO:_display_container: 2
2026-06-19 18:34:01,126:INFO:KNeighborsClassifier(algorithm='auto', leaf_size=30, metric='minkowski',
                     metric_params=None, n_jobs=-1, n_neighbors=5, p=2,
                     weights='uniform')
2026-06-19 18:34:01,126:INFO:create_model() successfully completed......................................
2026-06-19 18:34:01,306:INFO:SubProcess create_model() end ==================================
2026-06-19 18:34:01,306:INFO:Creating metrics dataframe
2026-06-19 18:34:01,314:INFO:Initializing Naive Bayes
2026-06-19 18:34:01,314:INFO:Total runtime is 1.1214749813079834 minutes
2026-06-19 18:34:01,316:INFO:SubProcess create_model() called ==================================
2026-06-19 18:34:01,317:INFO:Initializing create_model()
2026-06-19 18:34:01,317:INFO:create_model(self=<pycaret.classification.oop.ClassificationExperiment object at 0x00000243BF56FC10>, estimator=nb, fold=StratifiedKFold(n_splits=10, random_state=None, shuffle=False), round=4, cross_validation=True, predict=True, fit_kwargs={}, groups=None, refit=False, probability_threshold=None, experiment_custom_tags=None, verbose=False, system=False, add_to_model_list=True, metrics=None, display=<pycaret.internal.display.display.CommonDisplay object at 0x00000243C04570D0>, model_only=True, return_train_score=False, error_score=0.0, kwargs={})
2026-06-19 18:34:01,317:INFO:Checking exceptions
2026-06-19 18:34:01,317:INFO:Importing libraries
2026-06-19 18:34:01,317:INFO:Copying training dataset
2026-06-19 18:34:01,595:INFO:Defining folds
2026-06-19 18:34:01,595:INFO:Declaring metric variables
2026-06-19 18:34:01,598:INFO:Importing untrained model
2026-06-19 18:34:01,600:INFO:Naive Bayes Imported successfully
2026-06-19 18:34:01,605:INFO:Starting cross validation
2026-06-19 18:34:01,606:INFO:Cross validating with StratifiedKFold(n_splits=10, random_state=None, shuffle=False), n_jobs=-1
2026-06-19 18:34:03,921:INFO:Calculating mean and std
2026-06-19 18:34:03,922:INFO:Creating metrics dataframe
2026-06-19 18:34:03,924:INFO:Uploading results into container
2026-06-19 18:34:03,925:INFO:Uploading model into container now
2026-06-19 18:34:03,925:INFO:_master_model_container: 3
2026-06-19 18:34:03,926:INFO:_display_container: 2
2026-06-19 18:34:03,926:INFO:GaussianNB(priors=None, var_smoothing=1e-09)
2026-06-19 18:34:03,926:INFO:create_model() successfully completed......................................
2026-06-19 18:34:04,087:INFO:SubProcess create_model() end ==================================
2026-06-19 18:34:04,087:INFO:Creating metrics dataframe
2026-06-19 18:34:04,097:INFO:Initializing Decision Tree Classifier
2026-06-19 18:34:04,097:INFO:Total runtime is 1.1678666472434998 minutes
2026-06-19 18:34:04,102:INFO:SubProcess create_model() called ==================================
2026-06-19 18:34:04,102:INFO:Initializing create_model()
2026-06-19 18:34:04,102:INFO:create_model(self=<pycaret.classification.oop.ClassificationExperiment object at 0x00000243BF56FC10>, estimator=dt, fold=StratifiedKFold(n_splits=10, random_state=None, shuffle=False), round=4, cross_validation=True, predict=True, fit_kwargs={}, groups=None, refit=False, probability_threshold=None, experiment_custom_tags=None, verbose=False, system=False, add_to_model_list=True, metrics=None, display=<pycaret.internal.display.display.CommonDisplay object at 0x00000243C04570D0>, model_only=True, return_train_score=False, error_score=0.0, kwargs={})
2026-06-19 18:34:04,103:INFO:Checking exceptions
2026-06-19 18:34:04,103:INFO:Importing libraries
2026-06-19 18:34:04,103:INFO:Copying training dataset
2026-06-19 18:34:04,339:INFO:Defining folds
2026-06-19 18:34:04,340:INFO:Declaring metric variables
2026-06-19 18:34:04,342:INFO:Importing untrained model
2026-06-19 18:34:04,346:INFO:Decision Tree Classifier Imported successfully
2026-06-19 18:34:04,350:INFO:Starting cross validation
2026-06-19 18:34:04,351:INFO:Cross validating with StratifiedKFold(n_splits=10, random_state=None, shuffle=False), n_jobs=-1
2026-06-19 18:34:12,747:INFO:Calculating mean and std
2026-06-19 18:34:12,748:INFO:Creating metrics dataframe
2026-06-19 18:34:12,750:INFO:Uploading results into container
2026-06-19 18:34:12,751:INFO:Uploading model into container now
2026-06-19 18:34:12,752:INFO:_master_model_container: 4
2026-06-19 18:34:12,752:INFO:_display_container: 2
2026-06-19 18:34:12,752:INFO:DecisionTreeClassifier(ccp_alpha=0.0, class_weight=None, criterion='gini',
                       max_depth=None, max_features=None, max_leaf_nodes=None,
                       min_impurity_decrease=0.0, min_samples_leaf=1,
                       min_samples_split=2, min_weight_fraction_leaf=0.0,
                       monotonic_cst=None, random_state=42, splitter='best')
2026-06-19 18:34:12,753:INFO:create_model() successfully completed......................................
2026-06-19 18:34:12,924:INFO:SubProcess create_model() end ==================================
2026-06-19 18:34:12,924:INFO:Creating metrics dataframe
2026-06-19 18:34:12,933:INFO:Initializing SVM - Linear Kernel
2026-06-19 18:34:12,933:INFO:Total runtime is 1.3151251435279847 minutes
2026-06-19 18:34:12,938:INFO:SubProcess create_model() called ==================================
2026-06-19 18:34:12,938:INFO:Initializing create_model()
2026-06-19 18:34:12,938:INFO:create_model(self=<pycaret.classification.oop.ClassificationExperiment object at 0x00000243BF56FC10>, estimator=svm, fold=StratifiedKFold(n_splits=10, random_state=None, shuffle=False), round=4, cross_validation=True, predict=True, fit_kwargs={}, groups=None, refit=False, probability_threshold=None, experiment_custom_tags=None, verbose=False, system=False, add_to_model_list=True, metrics=None, display=<pycaret.internal.display.display.CommonDisplay object at 0x00000243C04570D0>, model_only=True, return_train_score=False, error_score=0.0, kwargs={})
2026-06-19 18:34:12,938:INFO:Checking exceptions
2026-06-19 18:34:12,939:INFO:Importing libraries
2026-06-19 18:34:12,939:INFO:Copying training dataset
2026-06-19 18:34:13,175:INFO:Defining folds
2026-06-19 18:34:13,175:INFO:Declaring metric variables
2026-06-19 18:34:13,180:INFO:Importing untrained model
2026-06-19 18:34:13,183:INFO:SVM - Linear Kernel Imported successfully
2026-06-19 18:34:13,187:INFO:Starting cross validation
2026-06-19 18:34:13,188:INFO:Cross validating with StratifiedKFold(n_splits=10, random_state=None, shuffle=False), n_jobs=-1
2026-06-19 18:34:16,251:WARNING:C:\Users\PC\AppData\Roaming\Python\Python311\site-packages\pycaret\internal\metrics.py:196: FitFailedWarning: Metric 'make_scorer(roc_auc_score, response_method='predict_proba', average=weighted, multi_class=ovr)' failed and error score 0.0 has been returned instead. If this is a custom metric, this usually means that the error is in the metric code. Full exception below:
Traceback (most recent call last):
  File "C:\Users\PC\AppData\Roaming\Python\Python311\site-packages\pycaret\internal\metrics.py", line 188, in _score
    return super()._score(
           ^^^^^^^^^^^^^^^
  File "C:\Users\PC\AppData\Roaming\Python\Python311\site-packages\sklearn\metrics\_scorer.py", line 344, in _score
    response_method = _check_response_method(estimator, self._response_method)
                      ^^^^^^^^^^^^^^^^^^^^^^^^^^^^^^^^^^^^^^^^^^^^^^^^^^^^^^^^
  File "C:\Users\PC\AppData\Roaming\Python\Python311\site-packages\sklearn\utils\validation.py", line 2106, in _check_response_method
    raise AttributeError(
AttributeError: Pipeline has none of the following attributes: predict_proba.

  warnings.warn(

2026-06-19 18:34:16,257:WARNING:C:\Users\PC\AppData\Roaming\Python\Python311\site-packages\pycaret\internal\metrics.py:196: FitFailedWarning: Metric 'make_scorer(roc_auc_score, response_method='predict_proba', average=weighted, multi_class=ovr)' failed and error score 0.0 has been returned instead. If this is a custom metric, this usually means that the error is in the metric code. Full exception below:
Traceback (most recent call last):
  File "C:\Users\PC\AppData\Roaming\Python\Python311\site-packages\pycaret\internal\metrics.py", line 188, in _score
    return super()._score(
           ^^^^^^^^^^^^^^^
  File "C:\Users\PC\AppData\Roaming\Python\Python311\site-packages\sklearn\metrics\_scorer.py", line 344, in _score
    response_method = _check_response_method(estimator, self._response_method)
                      ^^^^^^^^^^^^^^^^^^^^^^^^^^^^^^^^^^^^^^^^^^^^^^^^^^^^^^^^
  File "C:\Users\PC\AppData\Roaming\Python\Python311\site-packages\sklearn\utils\validation.py", line 2106, in _check_response_method
    raise AttributeError(
AttributeError: Pipeline has none of the following attributes: predict_proba.

  warnings.warn(

2026-06-19 18:34:16,501:WARNING:C:\Users\PC\AppData\Roaming\Python\Python311\site-packages\pycaret\internal\metrics.py:196: FitFailedWarning: Metric 'make_scorer(roc_auc_score, response_method='predict_proba', average=weighted, multi_class=ovr)' failed and error score 0.0 has been returned instead. If this is a custom metric, this usually means that the error is in the metric code. Full exception below:
Traceback (most recent call last):
  File "C:\Users\PC\AppData\Roaming\Python\Python311\site-packages\pycaret\internal\metrics.py", line 188, in _score
    return super()._score(
           ^^^^^^^^^^^^^^^
  File "C:\Users\PC\AppData\Roaming\Python\Python311\site-packages\sklearn\metrics\_scorer.py", line 344, in _score
    response_method = _check_response_method(estimator, self._response_method)
                      ^^^^^^^^^^^^^^^^^^^^^^^^^^^^^^^^^^^^^^^^^^^^^^^^^^^^^^^^
  File "C:\Users\PC\AppData\Roaming\Python\Python311\site-packages\sklearn\utils\validation.py", line 2106, in _check_response_method
    raise AttributeError(
AttributeError: Pipeline has none of the following attributes: predict_proba.

  warnings.warn(

2026-06-19 18:34:16,713:WARNING:C:\Users\PC\AppData\Roaming\Python\Python311\site-packages\pycaret\internal\metrics.py:196: FitFailedWarning: Metric 'make_scorer(roc_auc_score, response_method='predict_proba', average=weighted, multi_class=ovr)' failed and error score 0.0 has been returned instead. If this is a custom metric, this usually means that the error is in the metric code. Full exception below:
Traceback (most recent call last):
  File "C:\Users\PC\AppData\Roaming\Python\Python311\site-packages\pycaret\internal\metrics.py", line 188, in _score
    return super()._score(
           ^^^^^^^^^^^^^^^
  File "C:\Users\PC\AppData\Roaming\Python\Python311\site-packages\sklearn\metrics\_scorer.py", line 344, in _score
    response_method = _check_response_method(estimator, self._response_method)
                      ^^^^^^^^^^^^^^^^^^^^^^^^^^^^^^^^^^^^^^^^^^^^^^^^^^^^^^^^
  File "C:\Users\PC\AppData\Roaming\Python\Python311\site-packages\sklearn\utils\validation.py", line 2106, in _check_response_method
    raise AttributeError(
AttributeError: Pipeline has none of the following attributes: predict_proba.

  warnings.warn(

2026-06-19 18:34:16,995:WARNING:C:\Users\PC\AppData\Roaming\Python\Python311\site-packages\pycaret\internal\metrics.py:196: FitFailedWarning: Metric 'make_scorer(roc_auc_score, response_method='predict_proba', average=weighted, multi_class=ovr)' failed and error score 0.0 has been returned instead. If this is a custom metric, this usually means that the error is in the metric code. Full exception below:
Traceback (most recent call last):
  File "C:\Users\PC\AppData\Roaming\Python\Python311\site-packages\pycaret\internal\metrics.py", line 188, in _score
    return super()._score(
           ^^^^^^^^^^^^^^^
  File "C:\Users\PC\AppData\Roaming\Python\Python311\site-packages\sklearn\metrics\_scorer.py", line 344, in _score
    response_method = _check_response_method(estimator, self._response_method)
                      ^^^^^^^^^^^^^^^^^^^^^^^^^^^^^^^^^^^^^^^^^^^^^^^^^^^^^^^^
  File "C:\Users\PC\AppData\Roaming\Python\Python311\site-packages\sklearn\utils\validation.py", line 2106, in _check_response_method
    raise AttributeError(
AttributeError: Pipeline has none of the following attributes: predict_proba.

  warnings.warn(

2026-06-19 18:34:17,303:WARNING:C:\Users\PC\AppData\Roaming\Python\Python311\site-packages\pycaret\internal\metrics.py:196: FitFailedWarning: Metric 'make_scorer(roc_auc_score, response_method='predict_proba', average=weighted, multi_class=ovr)' failed and error score 0.0 has been returned instead. If this is a custom metric, this usually means that the error is in the metric code. Full exception below:
Traceback (most recent call last):
  File "C:\Users\PC\AppData\Roaming\Python\Python311\site-packages\pycaret\internal\metrics.py", line 188, in _score
    return super()._score(
           ^^^^^^^^^^^^^^^
  File "C:\Users\PC\AppData\Roaming\Python\Python311\site-packages\sklearn\metrics\_scorer.py", line 344, in _score
    response_method = _check_response_method(estimator, self._response_method)
                      ^^^^^^^^^^^^^^^^^^^^^^^^^^^^^^^^^^^^^^^^^^^^^^^^^^^^^^^^
  File "C:\Users\PC\AppData\Roaming\Python\Python311\site-packages\sklearn\utils\validation.py", line 2106, in _check_response_method
    raise AttributeError(
AttributeError: Pipeline has none of the following attributes: predict_proba.

  warnings.warn(

2026-06-19 18:34:17,309:WARNING:C:\Users\PC\AppData\Roaming\Python\Python311\site-packages\pycaret\internal\metrics.py:196: FitFailedWarning: Metric 'make_scorer(roc_auc_score, response_method='predict_proba', average=weighted, multi_class=ovr)' failed and error score 0.0 has been returned instead. If this is a custom metric, this usually means that the error is in the metric code. Full exception below:
Traceback (most recent call last):
  File "C:\Users\PC\AppData\Roaming\Python\Python311\site-packages\pycaret\internal\metrics.py", line 188, in _score
    return super()._score(
           ^^^^^^^^^^^^^^^
  File "C:\Users\PC\AppData\Roaming\Python\Python311\site-packages\sklearn\metrics\_scorer.py", line 344, in _score
    response_method = _check_response_method(estimator, self._response_method)
                      ^^^^^^^^^^^^^^^^^^^^^^^^^^^^^^^^^^^^^^^^^^^^^^^^^^^^^^^^
  File "C:\Users\PC\AppData\Roaming\Python\Python311\site-packages\sklearn\utils\validation.py", line 2106, in _check_response_method
    raise AttributeError(
AttributeError: Pipeline has none of the following attributes: predict_proba.

  warnings.warn(

2026-06-19 18:34:17,547:WARNING:C:\Users\PC\AppData\Roaming\Python\Python311\site-packages\pycaret\internal\metrics.py:196: FitFailedWarning: Metric 'make_scorer(roc_auc_score, response_method='predict_proba', average=weighted, multi_class=ovr)' failed and error score 0.0 has been returned instead. If this is a custom metric, this usually means that the error is in the metric code. Full exception below:
Traceback (most recent call last):
  File "C:\Users\PC\AppData\Roaming\Python\Python311\site-packages\pycaret\internal\metrics.py", line 188, in _score
    return super()._score(
           ^^^^^^^^^^^^^^^
  File "C:\Users\PC\AppData\Roaming\Python\Python311\site-packages\sklearn\metrics\_scorer.py", line 344, in _score
    response_method = _check_response_method(estimator, self._response_method)
                      ^^^^^^^^^^^^^^^^^^^^^^^^^^^^^^^^^^^^^^^^^^^^^^^^^^^^^^^^
  File "C:\Users\PC\AppData\Roaming\Python\Python311\site-packages\sklearn\utils\validation.py", line 2106, in _check_response_method
    raise AttributeError(
AttributeError: Pipeline has none of the following attributes: predict_proba.

  warnings.warn(

2026-06-19 18:34:17,917:WARNING:C:\Users\PC\AppData\Roaming\Python\Python311\site-packages\pycaret\internal\metrics.py:196: FitFailedWarning: Metric 'make_scorer(roc_auc_score, response_method='predict_proba', average=weighted, multi_class=ovr)' failed and error score 0.0 has been returned instead. If this is a custom metric, this usually means that the error is in the metric code. Full exception below:
Traceback (most recent call last):
  File "C:\Users\PC\AppData\Roaming\Python\Python311\site-packages\pycaret\internal\metrics.py", line 188, in _score
    return super()._score(
           ^^^^^^^^^^^^^^^
  File "C:\Users\PC\AppData\Roaming\Python\Python311\site-packages\sklearn\metrics\_scorer.py", line 344, in _score
    response_method = _check_response_method(estimator, self._response_method)
                      ^^^^^^^^^^^^^^^^^^^^^^^^^^^^^^^^^^^^^^^^^^^^^^^^^^^^^^^^
  File "C:\Users\PC\AppData\Roaming\Python\Python311\site-packages\sklearn\utils\validation.py", line 2106, in _check_response_method
    raise AttributeError(
AttributeError: Pipeline has none of the following attributes: predict_proba.

  warnings.warn(

2026-06-19 18:34:17,948:WARNING:C:\Users\PC\AppData\Roaming\Python\Python311\site-packages\pycaret\internal\metrics.py:196: FitFailedWarning: Metric 'make_scorer(roc_auc_score, response_method='predict_proba', average=weighted, multi_class=ovr)' failed and error score 0.0 has been returned instead. If this is a custom metric, this usually means that the error is in the metric code. Full exception below:
Traceback (most recent call last):
  File "C:\Users\PC\AppData\Roaming\Python\Python311\site-packages\pycaret\internal\metrics.py", line 188, in _score
    return super()._score(
           ^^^^^^^^^^^^^^^
  File "C:\Users\PC\AppData\Roaming\Python\Python311\site-packages\sklearn\metrics\_scorer.py", line 344, in _score
    response_method = _check_response_method(estimator, self._response_method)
                      ^^^^^^^^^^^^^^^^^^^^^^^^^^^^^^^^^^^^^^^^^^^^^^^^^^^^^^^^
  File "C:\Users\PC\AppData\Roaming\Python\Python311\site-packages\sklearn\utils\validation.py", line 2106, in _check_response_method
    raise AttributeError(
AttributeError: Pipeline has none of the following attributes: predict_proba.

  warnings.warn(

2026-06-19 18:34:17,967:INFO:Calculating mean and std
2026-06-19 18:34:17,969:INFO:Creating metrics dataframe
2026-06-19 18:34:17,971:INFO:Uploading results into container
2026-06-19 18:34:17,972:INFO:Uploading model into container now
2026-06-19 18:34:17,972:INFO:_master_model_container: 5
2026-06-19 18:34:17,972:INFO:_display_container: 2
2026-06-19 18:34:17,973:INFO:SGDClassifier(alpha=0.0001, average=False, class_weight=None,
              early_stopping=False, epsilon=0.1, eta0=0.001, fit_intercept=True,
              l1_ratio=0.15, learning_rate='optimal', loss='hinge',
              max_iter=1000, n_iter_no_change=5, n_jobs=-1, penalty='l2',
              power_t=0.5, random_state=42, shuffle=True, tol=0.001,
              validation_fraction=0.1, verbose=0, warm_start=False)
2026-06-19 18:34:17,973:INFO:create_model() successfully completed......................................
2026-06-19 18:34:18,138:INFO:SubProcess create_model() end ==================================
2026-06-19 18:34:18,138:INFO:Creating metrics dataframe
2026-06-19 18:34:18,144:INFO:Initializing Ridge Classifier
2026-06-19 18:34:18,145:INFO:Total runtime is 1.401991645495097 minutes
2026-06-19 18:34:18,147:INFO:SubProcess create_model() called ==================================
2026-06-19 18:34:18,147:INFO:Initializing create_model()
2026-06-19 18:34:18,148:INFO:create_model(self=<pycaret.classification.oop.ClassificationExperiment object at 0x00000243BF56FC10>, estimator=ridge, fold=StratifiedKFold(n_splits=10, random_state=None, shuffle=False), round=4, cross_validation=True, predict=True, fit_kwargs={}, groups=None, refit=False, probability_threshold=None, experiment_custom_tags=None, verbose=False, system=False, add_to_model_list=True, metrics=None, display=<pycaret.internal.display.display.CommonDisplay object at 0x00000243C04570D0>, model_only=True, return_train_score=False, error_score=0.0, kwargs={})
2026-06-19 18:34:18,148:INFO:Checking exceptions
2026-06-19 18:34:18,148:INFO:Importing libraries
2026-06-19 18:34:18,148:INFO:Copying training dataset
2026-06-19 18:34:18,381:INFO:Defining folds
2026-06-19 18:34:18,382:INFO:Declaring metric variables
2026-06-19 18:34:18,385:INFO:Importing untrained model
2026-06-19 18:34:18,388:INFO:Ridge Classifier Imported successfully
2026-06-19 18:34:18,394:INFO:Starting cross validation
2026-06-19 18:34:18,395:INFO:Cross validating with StratifiedKFold(n_splits=10, random_state=None, shuffle=False), n_jobs=-1
2026-06-19 18:34:18,903:WARNING:C:\Users\PC\AppData\Roaming\Python\Python311\site-packages\pycaret\internal\metrics.py:196: FitFailedWarning: Metric 'make_scorer(roc_auc_score, response_method='predict_proba', average=weighted, multi_class=ovr)' failed and error score 0.0 has been returned instead. If this is a custom metric, this usually means that the error is in the metric code. Full exception below:
Traceback (most recent call last):
  File "C:\Users\PC\AppData\Roaming\Python\Python311\site-packages\pycaret\internal\metrics.py", line 188, in _score
    return super()._score(
           ^^^^^^^^^^^^^^^
  File "C:\Users\PC\AppData\Roaming\Python\Python311\site-packages\sklearn\metrics\_scorer.py", line 344, in _score
    response_method = _check_response_method(estimator, self._response_method)
                      ^^^^^^^^^^^^^^^^^^^^^^^^^^^^^^^^^^^^^^^^^^^^^^^^^^^^^^^^
  File "C:\Users\PC\AppData\Roaming\Python\Python311\site-packages\sklearn\utils\validation.py", line 2106, in _check_response_method
    raise AttributeError(
AttributeError: Pipeline has none of the following attributes: predict_proba.

  warnings.warn(

2026-06-19 18:34:19,012:WARNING:C:\Users\PC\AppData\Roaming\Python\Python311\site-packages\pycaret\internal\metrics.py:196: FitFailedWarning: Metric 'make_scorer(roc_auc_score, response_method='predict_proba', average=weighted, multi_class=ovr)' failed and error score 0.0 has been returned instead. If this is a custom metric, this usually means that the error is in the metric code. Full exception below:
Traceback (most recent call last):
  File "C:\Users\PC\AppData\Roaming\Python\Python311\site-packages\pycaret\internal\metrics.py", line 188, in _score
    return super()._score(
           ^^^^^^^^^^^^^^^
  File "C:\Users\PC\AppData\Roaming\Python\Python311\site-packages\sklearn\metrics\_scorer.py", line 344, in _score
    response_method = _check_response_method(estimator, self._response_method)
                      ^^^^^^^^^^^^^^^^^^^^^^^^^^^^^^^^^^^^^^^^^^^^^^^^^^^^^^^^
  File "C:\Users\PC\AppData\Roaming\Python\Python311\site-packages\sklearn\utils\validation.py", line 2106, in _check_response_method
    raise AttributeError(
AttributeError: Pipeline has none of the following attributes: predict_proba.

  warnings.warn(

2026-06-19 18:34:19,161:WARNING:C:\Users\PC\AppData\Roaming\Python\Python311\site-packages\pycaret\internal\metrics.py:196: FitFailedWarning: Metric 'make_scorer(roc_auc_score, response_method='predict_proba', average=weighted, multi_class=ovr)' failed and error score 0.0 has been returned instead. If this is a custom metric, this usually means that the error is in the metric code. Full exception below:
Traceback (most recent call last):
  File "C:\Users\PC\AppData\Roaming\Python\Python311\site-packages\pycaret\internal\metrics.py", line 188, in _score
    return super()._score(
           ^^^^^^^^^^^^^^^
  File "C:\Users\PC\AppData\Roaming\Python\Python311\site-packages\sklearn\metrics\_scorer.py", line 344, in _score
    response_method = _check_response_method(estimator, self._response_method)
                      ^^^^^^^^^^^^^^^^^^^^^^^^^^^^^^^^^^^^^^^^^^^^^^^^^^^^^^^^
  File "C:\Users\PC\AppData\Roaming\Python\Python311\site-packages\sklearn\utils\validation.py", line 2106, in _check_response_method
    raise AttributeError(
AttributeError: Pipeline has none of the following attributes: predict_proba.

  warnings.warn(

2026-06-19 18:34:19,299:WARNING:C:\Users\PC\AppData\Roaming\Python\Python311\site-packages\pycaret\internal\metrics.py:196: FitFailedWarning: Metric 'make_scorer(roc_auc_score, response_method='predict_proba', average=weighted, multi_class=ovr)' failed and error score 0.0 has been returned instead. If this is a custom metric, this usually means that the error is in the metric code. Full exception below:
Traceback (most recent call last):
  File "C:\Users\PC\AppData\Roaming\Python\Python311\site-packages\pycaret\internal\metrics.py", line 188, in _score
    return super()._score(
           ^^^^^^^^^^^^^^^
  File "C:\Users\PC\AppData\Roaming\Python\Python311\site-packages\sklearn\metrics\_scorer.py", line 344, in _score
    response_method = _check_response_method(estimator, self._response_method)
                      ^^^^^^^^^^^^^^^^^^^^^^^^^^^^^^^^^^^^^^^^^^^^^^^^^^^^^^^^
  File "C:\Users\PC\AppData\Roaming\Python\Python311\site-packages\sklearn\utils\validation.py", line 2106, in _check_response_method
    raise AttributeError(
AttributeError: Pipeline has none of the following attributes: predict_proba.

  warnings.warn(

2026-06-19 18:34:19,466:WARNING:C:\Users\PC\AppData\Roaming\Python\Python311\site-packages\pycaret\internal\metrics.py:196: FitFailedWarning: Metric 'make_scorer(roc_auc_score, response_method='predict_proba', average=weighted, multi_class=ovr)' failed and error score 0.0 has been returned instead. If this is a custom metric, this usually means that the error is in the metric code. Full exception below:
Traceback (most recent call last):
  File "C:\Users\PC\AppData\Roaming\Python\Python311\site-packages\pycaret\internal\metrics.py", line 188, in _score
    return super()._score(
           ^^^^^^^^^^^^^^^
  File "C:\Users\PC\AppData\Roaming\Python\Python311\site-packages\sklearn\metrics\_scorer.py", line 344, in _score
    response_method = _check_response_method(estimator, self._response_method)
                      ^^^^^^^^^^^^^^^^^^^^^^^^^^^^^^^^^^^^^^^^^^^^^^^^^^^^^^^^
  File "C:\Users\PC\AppData\Roaming\Python\Python311\site-packages\sklearn\utils\validation.py", line 2106, in _check_response_method
    raise AttributeError(
AttributeError: Pipeline has none of the following attributes: predict_proba.

  warnings.warn(

2026-06-19 18:34:19,659:WARNING:C:\Users\PC\AppData\Roaming\Python\Python311\site-packages\pycaret\internal\metrics.py:196: FitFailedWarning: Metric 'make_scorer(roc_auc_score, response_method='predict_proba', average=weighted, multi_class=ovr)' failed and error score 0.0 has been returned instead. If this is a custom metric, this usually means that the error is in the metric code. Full exception below:
Traceback (most recent call last):
  File "C:\Users\PC\AppData\Roaming\Python\Python311\site-packages\pycaret\internal\metrics.py", line 188, in _score
    return super()._score(
           ^^^^^^^^^^^^^^^
  File "C:\Users\PC\AppData\Roaming\Python\Python311\site-packages\sklearn\metrics\_scorer.py", line 344, in _score
    response_method = _check_response_method(estimator, self._response_method)
                      ^^^^^^^^^^^^^^^^^^^^^^^^^^^^^^^^^^^^^^^^^^^^^^^^^^^^^^^^
  File "C:\Users\PC\AppData\Roaming\Python\Python311\site-packages\sklearn\utils\validation.py", line 2106, in _check_response_method
    raise AttributeError(
AttributeError: Pipeline has none of the following attributes: predict_proba.

  warnings.warn(

2026-06-19 18:34:19,918:WARNING:C:\Users\PC\AppData\Roaming\Python\Python311\site-packages\pycaret\internal\metrics.py:196: FitFailedWarning: Metric 'make_scorer(roc_auc_score, response_method='predict_proba', average=weighted, multi_class=ovr)' failed and error score 0.0 has been returned instead. If this is a custom metric, this usually means that the error is in the metric code. Full exception below:
Traceback (most recent call last):
  File "C:\Users\PC\AppData\Roaming\Python\Python311\site-packages\pycaret\internal\metrics.py", line 188, in _score
    return super()._score(
           ^^^^^^^^^^^^^^^
  File "C:\Users\PC\AppData\Roaming\Python\Python311\site-packages\sklearn\metrics\_scorer.py", line 344, in _score
    response_method = _check_response_method(estimator, self._response_method)
                      ^^^^^^^^^^^^^^^^^^^^^^^^^^^^^^^^^^^^^^^^^^^^^^^^^^^^^^^^
  File "C:\Users\PC\AppData\Roaming\Python\Python311\site-packages\sklearn\utils\validation.py", line 2106, in _check_response_method
    raise AttributeError(
AttributeError: Pipeline has none of the following attributes: predict_proba.

  warnings.warn(

2026-06-19 18:34:20,024:WARNING:C:\Users\PC\AppData\Roaming\Python\Python311\site-packages\pycaret\internal\metrics.py:196: FitFailedWarning: Metric 'make_scorer(roc_auc_score, response_method='predict_proba', average=weighted, multi_class=ovr)' failed and error score 0.0 has been returned instead. If this is a custom metric, this usually means that the error is in the metric code. Full exception below:
Traceback (most recent call last):
  File "C:\Users\PC\AppData\Roaming\Python\Python311\site-packages\pycaret\internal\metrics.py", line 188, in _score
    return super()._score(
           ^^^^^^^^^^^^^^^
  File "C:\Users\PC\AppData\Roaming\Python\Python311\site-packages\sklearn\metrics\_scorer.py", line 344, in _score
    response_method = _check_response_method(estimator, self._response_method)
                      ^^^^^^^^^^^^^^^^^^^^^^^^^^^^^^^^^^^^^^^^^^^^^^^^^^^^^^^^
  File "C:\Users\PC\AppData\Roaming\Python\Python311\site-packages\sklearn\utils\validation.py", line 2106, in _check_response_method
    raise AttributeError(
AttributeError: Pipeline has none of the following attributes: predict_proba.

  warnings.warn(

2026-06-19 18:34:20,125:WARNING:C:\Users\PC\AppData\Roaming\Python\Python311\site-packages\pycaret\internal\metrics.py:196: FitFailedWarning: Metric 'make_scorer(roc_auc_score, response_method='predict_proba', average=weighted, multi_class=ovr)' failed and error score 0.0 has been returned instead. If this is a custom metric, this usually means that the error is in the metric code. Full exception below:
Traceback (most recent call last):
  File "C:\Users\PC\AppData\Roaming\Python\Python311\site-packages\pycaret\internal\metrics.py", line 188, in _score
    return super()._score(
           ^^^^^^^^^^^^^^^
  File "C:\Users\PC\AppData\Roaming\Python\Python311\site-packages\sklearn\metrics\_scorer.py", line 344, in _score
    response_method = _check_response_method(estimator, self._response_method)
                      ^^^^^^^^^^^^^^^^^^^^^^^^^^^^^^^^^^^^^^^^^^^^^^^^^^^^^^^^
  File "C:\Users\PC\AppData\Roaming\Python\Python311\site-packages\sklearn\utils\validation.py", line 2106, in _check_response_method
    raise AttributeError(
AttributeError: Pipeline has none of the following attributes: predict_proba.

  warnings.warn(

2026-06-19 18:34:20,203:WARNING:C:\Users\PC\AppData\Roaming\Python\Python311\site-packages\pycaret\internal\metrics.py:196: FitFailedWarning: Metric 'make_scorer(roc_auc_score, response_method='predict_proba', average=weighted, multi_class=ovr)' failed and error score 0.0 has been returned instead. If this is a custom metric, this usually means that the error is in the metric code. Full exception below:
Traceback (most recent call last):
  File "C:\Users\PC\AppData\Roaming\Python\Python311\site-packages\pycaret\internal\metrics.py", line 188, in _score
    return super()._score(
           ^^^^^^^^^^^^^^^
  File "C:\Users\PC\AppData\Roaming\Python\Python311\site-packages\sklearn\metrics\_scorer.py", line 344, in _score
    response_method = _check_response_method(estimator, self._response_method)
                      ^^^^^^^^^^^^^^^^^^^^^^^^^^^^^^^^^^^^^^^^^^^^^^^^^^^^^^^^
  File "C:\Users\PC\AppData\Roaming\Python\Python311\site-packages\sklearn\utils\validation.py", line 2106, in _check_response_method
    raise AttributeError(
AttributeError: Pipeline has none of the following attributes: predict_proba.

  warnings.warn(

2026-06-19 18:34:20,227:INFO:Calculating mean and std
2026-06-19 18:34:20,229:INFO:Creating metrics dataframe
2026-06-19 18:34:20,231:INFO:Uploading results into container
2026-06-19 18:34:20,232:INFO:Uploading model into container now
2026-06-19 18:34:20,232:INFO:_master_model_container: 6
2026-06-19 18:34:20,232:INFO:_display_container: 2
2026-06-19 18:34:20,232:INFO:RidgeClassifier(alpha=1.0, class_weight=None, copy_X=True, fit_intercept=True,
                max_iter=None, positive=False, random_state=42, solver='auto',
                tol=0.0001)
2026-06-19 18:34:20,233:INFO:create_model() successfully completed......................................
2026-06-19 18:34:20,393:INFO:SubProcess create_model() end ==================================
2026-06-19 18:34:20,393:INFO:Creating metrics dataframe
2026-06-19 18:34:20,399:INFO:Initializing Random Forest Classifier
2026-06-19 18:34:20,399:INFO:Total runtime is 1.4395666440327963 minutes
2026-06-19 18:34:20,402:INFO:SubProcess create_model() called ==================================
2026-06-19 18:34:20,402:INFO:Initializing create_model()
2026-06-19 18:34:20,402:INFO:create_model(self=<pycaret.classification.oop.ClassificationExperiment object at 0x00000243BF56FC10>, estimator=rf, fold=StratifiedKFold(n_splits=10, random_state=None, shuffle=False), round=4, cross_validation=True, predict=True, fit_kwargs={}, groups=None, refit=False, probability_threshold=None, experiment_custom_tags=None, verbose=False, system=False, add_to_model_list=True, metrics=None, display=<pycaret.internal.display.display.CommonDisplay object at 0x00000243C04570D0>, model_only=True, return_train_score=False, error_score=0.0, kwargs={})
2026-06-19 18:34:20,402:INFO:Checking exceptions
2026-06-19 18:34:20,402:INFO:Importing libraries
2026-06-19 18:34:20,402:INFO:Copying training dataset
2026-06-19 18:34:20,631:INFO:Defining folds
2026-06-19 18:34:20,631:INFO:Declaring metric variables
2026-06-19 18:34:20,635:INFO:Importing untrained model
2026-06-19 18:34:20,639:INFO:Random Forest Classifier Imported successfully
2026-06-19 18:34:20,645:INFO:Starting cross validation
2026-06-19 18:34:20,646:INFO:Cross validating with StratifiedKFold(n_splits=10, random_state=None, shuffle=False), n_jobs=-1
2026-06-19 18:35:14,345:INFO:Calculating mean and std
2026-06-19 18:35:14,347:INFO:Creating metrics dataframe
2026-06-19 18:35:14,350:INFO:Uploading results into container
2026-06-19 18:35:14,351:INFO:Uploading model into container now
2026-06-19 18:35:14,352:INFO:_master_model_container: 7
2026-06-19 18:35:14,352:INFO:_display_container: 2
2026-06-19 18:35:14,353:INFO:RandomForestClassifier(bootstrap=True, ccp_alpha=0.0, class_weight=None,
                       criterion='gini', max_depth=None, max_features='sqrt',
                       max_leaf_nodes=None, max_samples=None,
                       min_impurity_decrease=0.0, min_samples_leaf=1,
                       min_samples_split=2, min_weight_fraction_leaf=0.0,
                       monotonic_cst=None, n_estimators=100, n_jobs=-1,
                       oob_score=False, random_state=42, verbose=0,
                       warm_start=False)
2026-06-19 18:35:14,353:INFO:create_model() successfully completed......................................
2026-06-19 18:35:14,585:INFO:SubProcess create_model() end ==================================
2026-06-19 18:35:14,585:INFO:Creating metrics dataframe
2026-06-19 18:35:14,593:INFO:Initializing Quadratic Discriminant Analysis
2026-06-19 18:35:14,593:INFO:Total runtime is 2.342800041039785 minutes
2026-06-19 18:35:14,599:INFO:SubProcess create_model() called ==================================
2026-06-19 18:35:14,600:INFO:Initializing create_model()
2026-06-19 18:35:14,600:INFO:create_model(self=<pycaret.classification.oop.ClassificationExperiment object at 0x00000243BF56FC10>, estimator=qda, fold=StratifiedKFold(n_splits=10, random_state=None, shuffle=False), round=4, cross_validation=True, predict=True, fit_kwargs={}, groups=None, refit=False, probability_threshold=None, experiment_custom_tags=None, verbose=False, system=False, add_to_model_list=True, metrics=None, display=<pycaret.internal.display.display.CommonDisplay object at 0x00000243C04570D0>, model_only=True, return_train_score=False, error_score=0.0, kwargs={})
2026-06-19 18:35:14,600:INFO:Checking exceptions
2026-06-19 18:35:14,600:INFO:Importing libraries
2026-06-19 18:35:14,600:INFO:Copying training dataset
2026-06-19 18:35:14,885:INFO:Defining folds
2026-06-19 18:35:14,885:INFO:Declaring metric variables
2026-06-19 18:35:14,888:INFO:Importing untrained model
2026-06-19 18:35:14,891:INFO:Quadratic Discriminant Analysis Imported successfully
2026-06-19 18:35:14,896:INFO:Starting cross validation
2026-06-19 18:35:14,897:INFO:Cross validating with StratifiedKFold(n_splits=10, random_state=None, shuffle=False), n_jobs=-1
2026-06-19 18:35:36,911:INFO:Calculating mean and std
2026-06-19 18:35:36,912:INFO:Creating metrics dataframe
2026-06-19 18:35:36,913:INFO:Uploading results into container
2026-06-19 18:35:36,914:INFO:Uploading model into container now
2026-06-19 18:35:36,914:INFO:_master_model_container: 8
2026-06-19 18:35:36,914:INFO:_display_container: 2
2026-06-19 18:35:36,915:INFO:QuadraticDiscriminantAnalysis(priors=None, reg_param=0.0,
                              store_covariance=False, tol=0.0001)
2026-06-19 18:35:36,915:INFO:create_model() successfully completed......................................
2026-06-19 18:35:37,078:INFO:SubProcess create_model() end ==================================
2026-06-19 18:35:37,079:INFO:Creating metrics dataframe
2026-06-19 18:35:37,087:INFO:Initializing Ada Boost Classifier
2026-06-19 18:35:37,087:INFO:Total runtime is 2.717699984709422 minutes
2026-06-19 18:35:37,092:INFO:SubProcess create_model() called ==================================
2026-06-19 18:35:37,092:INFO:Initializing create_model()
2026-06-19 18:35:37,093:INFO:create_model(self=<pycaret.classification.oop.ClassificationExperiment object at 0x00000243BF56FC10>, estimator=ada, fold=StratifiedKFold(n_splits=10, random_state=None, shuffle=False), round=4, cross_validation=True, predict=True, fit_kwargs={}, groups=None, refit=False, probability_threshold=None, experiment_custom_tags=None, verbose=False, system=False, add_to_model_list=True, metrics=None, display=<pycaret.internal.display.display.CommonDisplay object at 0x00000243C04570D0>, model_only=True, return_train_score=False, error_score=0.0, kwargs={})
2026-06-19 18:35:37,093:INFO:Checking exceptions
2026-06-19 18:35:37,093:INFO:Importing libraries
2026-06-19 18:35:37,093:INFO:Copying training dataset
2026-06-19 18:35:37,326:INFO:Defining folds
2026-06-19 18:35:37,326:INFO:Declaring metric variables
2026-06-19 18:35:37,330:INFO:Importing untrained model
2026-06-19 18:35:37,333:INFO:Ada Boost Classifier Imported successfully
2026-06-19 18:35:37,338:INFO:Starting cross validation
2026-06-19 18:35:37,338:INFO:Cross validating with StratifiedKFold(n_splits=10, random_state=None, shuffle=False), n_jobs=-1
2026-06-19 18:35:37,524:WARNING:C:\Users\PC\AppData\Roaming\Python\Python311\site-packages\sklearn\ensemble\_weight_boosting.py:519: FutureWarning: The SAMME.R algorithm (the default) is deprecated and will be removed in 1.6. Use the SAMME algorithm to circumvent this warning.
  warnings.warn(

2026-06-19 18:35:37,599:WARNING:C:\Users\PC\AppData\Roaming\Python\Python311\site-packages\sklearn\ensemble\_weight_boosting.py:519: FutureWarning: The SAMME.R algorithm (the default) is deprecated and will be removed in 1.6. Use the SAMME algorithm to circumvent this warning.
  warnings.warn(

2026-06-19 18:35:37,697:WARNING:C:\Users\PC\AppData\Roaming\Python\Python311\site-packages\sklearn\ensemble\_weight_boosting.py:519: FutureWarning: The SAMME.R algorithm (the default) is deprecated and will be removed in 1.6. Use the SAMME algorithm to circumvent this warning.
  warnings.warn(

2026-06-19 18:35:37,816:WARNING:C:\Users\PC\AppData\Roaming\Python\Python311\site-packages\sklearn\ensemble\_weight_boosting.py:519: FutureWarning: The SAMME.R algorithm (the default) is deprecated and will be removed in 1.6. Use the SAMME algorithm to circumvent this warning.
  warnings.warn(

2026-06-19 18:35:37,961:WARNING:C:\Users\PC\AppData\Roaming\Python\Python311\site-packages\sklearn\ensemble\_weight_boosting.py:519: FutureWarning: The SAMME.R algorithm (the default) is deprecated and will be removed in 1.6. Use the SAMME algorithm to circumvent this warning.
  warnings.warn(

2026-06-19 18:35:38,122:WARNING:C:\Users\PC\AppData\Roaming\Python\Python311\site-packages\sklearn\ensemble\_weight_boosting.py:519: FutureWarning: The SAMME.R algorithm (the default) is deprecated and will be removed in 1.6. Use the SAMME algorithm to circumvent this warning.
  warnings.warn(

2026-06-19 18:35:38,282:WARNING:C:\Users\PC\AppData\Roaming\Python\Python311\site-packages\sklearn\ensemble\_weight_boosting.py:519: FutureWarning: The SAMME.R algorithm (the default) is deprecated and will be removed in 1.6. Use the SAMME algorithm to circumvent this warning.
  warnings.warn(

2026-06-19 18:35:38,443:WARNING:C:\Users\PC\AppData\Roaming\Python\Python311\site-packages\sklearn\ensemble\_weight_boosting.py:519: FutureWarning: The SAMME.R algorithm (the default) is deprecated and will be removed in 1.6. Use the SAMME algorithm to circumvent this warning.
  warnings.warn(

2026-06-19 18:35:38,612:WARNING:C:\Users\PC\AppData\Roaming\Python\Python311\site-packages\sklearn\ensemble\_weight_boosting.py:519: FutureWarning: The SAMME.R algorithm (the default) is deprecated and will be removed in 1.6. Use the SAMME algorithm to circumvent this warning.
  warnings.warn(

2026-06-19 18:35:38,759:WARNING:C:\Users\PC\AppData\Roaming\Python\Python311\site-packages\sklearn\ensemble\_weight_boosting.py:519: FutureWarning: The SAMME.R algorithm (the default) is deprecated and will be removed in 1.6. Use the SAMME algorithm to circumvent this warning.
  warnings.warn(

2026-06-19 18:35:48,991:INFO:Calculating mean and std
2026-06-19 18:35:48,992:INFO:Creating metrics dataframe
2026-06-19 18:35:48,993:INFO:Uploading results into container
2026-06-19 18:35:48,993:INFO:Uploading model into container now
2026-06-19 18:35:48,994:INFO:_master_model_container: 9
2026-06-19 18:35:48,994:INFO:_display_container: 2
2026-06-19 18:35:48,994:INFO:AdaBoostClassifier(algorithm='SAMME.R', estimator=None, learning_rate=1.0,
                   n_estimators=50, random_state=42)
2026-06-19 18:35:48,994:INFO:create_model() successfully completed......................................
2026-06-19 18:35:49,129:INFO:SubProcess create_model() end ==================================
2026-06-19 18:35:49,129:INFO:Creating metrics dataframe
2026-06-19 18:35:49,137:INFO:Initializing Gradient Boosting Classifier
2026-06-19 18:35:49,137:INFO:Total runtime is 2.91852525472641 minutes
2026-06-19 18:35:49,140:INFO:SubProcess create_model() called ==================================
2026-06-19 18:35:49,140:INFO:Initializing create_model()
2026-06-19 18:35:49,140:INFO:create_model(self=<pycaret.classification.oop.ClassificationExperiment object at 0x00000243BF56FC10>, estimator=gbc, fold=StratifiedKFold(n_splits=10, random_state=None, shuffle=False), round=4, cross_validation=True, predict=True, fit_kwargs={}, groups=None, refit=False, probability_threshold=None, experiment_custom_tags=None, verbose=False, system=False, add_to_model_list=True, metrics=None, display=<pycaret.internal.display.display.CommonDisplay object at 0x00000243C04570D0>, model_only=True, return_train_score=False, error_score=0.0, kwargs={})
2026-06-19 18:35:49,140:INFO:Checking exceptions
2026-06-19 18:35:49,140:INFO:Importing libraries
2026-06-19 18:35:49,140:INFO:Copying training dataset
2026-06-19 18:35:49,342:INFO:Defining folds
2026-06-19 18:35:49,342:INFO:Declaring metric variables
2026-06-19 18:35:49,345:INFO:Importing untrained model
2026-06-19 18:35:49,349:INFO:Gradient Boosting Classifier Imported successfully
2026-06-19 18:35:49,352:INFO:Starting cross validation
2026-06-19 18:35:49,353:INFO:Cross validating with StratifiedKFold(n_splits=10, random_state=None, shuffle=False), n_jobs=-1
2026-06-19 18:36:43,222:INFO:Calculating mean and std
2026-06-19 18:36:43,223:INFO:Creating metrics dataframe
2026-06-19 18:36:43,225:INFO:Uploading results into container
2026-06-19 18:36:43,225:INFO:Uploading model into container now
2026-06-19 18:36:43,225:INFO:_master_model_container: 10
2026-06-19 18:36:43,225:INFO:_display_container: 2
2026-06-19 18:36:43,226:INFO:GradientBoostingClassifier(ccp_alpha=0.0, criterion='friedman_mse', init=None,
                           learning_rate=0.1, loss='log_loss', max_depth=3,
                           max_features=None, max_leaf_nodes=None,
                           min_impurity_decrease=0.0, min_samples_leaf=1,
                           min_samples_split=2, min_weight_fraction_leaf=0.0,
                           n_estimators=100, n_iter_no_change=None,
                           random_state=42, subsample=1.0, tol=0.0001,
                           validation_fraction=0.1, verbose=0,
                           warm_start=False)
2026-06-19 18:36:43,226:INFO:create_model() successfully completed......................................
2026-06-19 18:36:43,358:INFO:SubProcess create_model() end ==================================
2026-06-19 18:36:43,358:INFO:Creating metrics dataframe
2026-06-19 18:36:43,365:INFO:Initializing Linear Discriminant Analysis
2026-06-19 18:36:43,365:INFO:Total runtime is 3.82233335574468 minutes
2026-06-19 18:36:43,368:INFO:SubProcess create_model() called ==================================
2026-06-19 18:36:43,368:INFO:Initializing create_model()
2026-06-19 18:36:43,368:INFO:create_model(self=<pycaret.classification.oop.ClassificationExperiment object at 0x00000243BF56FC10>, estimator=lda, fold=StratifiedKFold(n_splits=10, random_state=None, shuffle=False), round=4, cross_validation=True, predict=True, fit_kwargs={}, groups=None, refit=False, probability_threshold=None, experiment_custom_tags=None, verbose=False, system=False, add_to_model_list=True, metrics=None, display=<pycaret.internal.display.display.CommonDisplay object at 0x00000243C04570D0>, model_only=True, return_train_score=False, error_score=0.0, kwargs={})
2026-06-19 18:36:43,368:INFO:Checking exceptions
2026-06-19 18:36:43,368:INFO:Importing libraries
2026-06-19 18:36:43,368:INFO:Copying training dataset
2026-06-19 18:36:43,566:INFO:Defining folds
2026-06-19 18:36:43,566:INFO:Declaring metric variables
2026-06-19 18:36:43,568:INFO:Importing untrained model
2026-06-19 18:36:43,572:INFO:Linear Discriminant Analysis Imported successfully
2026-06-19 18:36:43,577:INFO:Starting cross validation
2026-06-19 18:36:43,577:INFO:Cross validating with StratifiedKFold(n_splits=10, random_state=None, shuffle=False), n_jobs=-1
2026-06-19 18:36:54,252:INFO:Calculating mean and std
2026-06-19 18:36:54,253:INFO:Creating metrics dataframe
2026-06-19 18:36:54,254:INFO:Uploading results into container
2026-06-19 18:36:54,255:INFO:Uploading model into container now
2026-06-19 18:36:54,255:INFO:_master_model_container: 11
2026-06-19 18:36:54,255:INFO:_display_container: 2
2026-06-19 18:36:54,255:INFO:LinearDiscriminantAnalysis(covariance_estimator=None, n_components=None,
                           priors=None, shrinkage=None, solver='svd',
                           store_covariance=False, tol=0.0001)
2026-06-19 18:36:54,255:INFO:create_model() successfully completed......................................
2026-06-19 18:36:54,393:INFO:SubProcess create_model() end ==================================
2026-06-19 18:36:54,393:INFO:Creating metrics dataframe
2026-06-19 18:36:54,401:INFO:Initializing Extra Trees Classifier
2026-06-19 18:36:54,401:INFO:Total runtime is 4.0062583406766255 minutes
2026-06-19 18:36:54,404:INFO:SubProcess create_model() called ==================================
2026-06-19 18:36:54,404:INFO:Initializing create_model()
2026-06-19 18:36:54,404:INFO:create_model(self=<pycaret.classification.oop.ClassificationExperiment object at 0x00000243BF56FC10>, estimator=et, fold=StratifiedKFold(n_splits=10, random_state=None, shuffle=False), round=4, cross_validation=True, predict=True, fit_kwargs={}, groups=None, refit=False, probability_threshold=None, experiment_custom_tags=None, verbose=False, system=False, add_to_model_list=True, metrics=None, display=<pycaret.internal.display.display.CommonDisplay object at 0x00000243C04570D0>, model_only=True, return_train_score=False, error_score=0.0, kwargs={})
2026-06-19 18:36:54,404:INFO:Checking exceptions
2026-06-19 18:36:54,404:INFO:Importing libraries
2026-06-19 18:36:54,404:INFO:Copying training dataset
2026-06-19 18:36:54,606:INFO:Defining folds
2026-06-19 18:36:54,607:INFO:Declaring metric variables
2026-06-19 18:36:54,609:INFO:Importing untrained model
2026-06-19 18:36:54,612:INFO:Extra Trees Classifier Imported successfully
2026-06-19 18:36:54,618:INFO:Starting cross validation
2026-06-19 18:36:54,619:INFO:Cross validating with StratifiedKFold(n_splits=10, random_state=None, shuffle=False), n_jobs=-1
2026-06-19 18:38:09,645:INFO:Calculating mean and std
2026-06-19 18:38:09,647:INFO:Creating metrics dataframe
2026-06-19 18:38:09,649:INFO:Uploading results into container
2026-06-19 18:38:09,650:INFO:Uploading model into container now
2026-06-19 18:38:09,651:INFO:_master_model_container: 12
2026-06-19 18:38:09,651:INFO:_display_container: 2
2026-06-19 18:38:09,652:INFO:ExtraTreesClassifier(bootstrap=False, ccp_alpha=0.0, class_weight=None,
                     criterion='gini', max_depth=None, max_features='sqrt',
                     max_leaf_nodes=None, max_samples=None,
                     min_impurity_decrease=0.0, min_samples_leaf=1,
                     min_samples_split=2, min_weight_fraction_leaf=0.0,
                     monotonic_cst=None, n_estimators=100, n_jobs=-1,
                     oob_score=False, random_state=42, verbose=0,
                     warm_start=False)
2026-06-19 18:38:09,652:INFO:create_model() successfully completed......................................
2026-06-19 18:38:10,130:INFO:SubProcess create_model() end ==================================
2026-06-19 18:38:10,130:INFO:Creating metrics dataframe
2026-06-19 18:38:10,140:INFO:Initializing Light Gradient Boosting Machine
2026-06-19 18:38:10,140:INFO:Total runtime is 5.26857498884201 minutes
2026-06-19 18:38:10,143:INFO:SubProcess create_model() called ==================================
2026-06-19 18:38:10,143:INFO:Initializing create_model()
2026-06-19 18:38:10,144:INFO:create_model(self=<pycaret.classification.oop.ClassificationExperiment object at 0x00000243BF56FC10>, estimator=lightgbm, fold=StratifiedKFold(n_splits=10, random_state=None, shuffle=False), round=4, cross_validation=True, predict=True, fit_kwargs={}, groups=None, refit=False, probability_threshold=None, experiment_custom_tags=None, verbose=False, system=False, add_to_model_list=True, metrics=None, display=<pycaret.internal.display.display.CommonDisplay object at 0x00000243C04570D0>, model_only=True, return_train_score=False, error_score=0.0, kwargs={})
2026-06-19 18:38:10,144:INFO:Checking exceptions
2026-06-19 18:38:10,144:INFO:Importing libraries
2026-06-19 18:38:10,144:INFO:Copying training dataset
2026-06-19 18:38:10,402:INFO:Defining folds
2026-06-19 18:38:10,402:INFO:Declaring metric variables
2026-06-19 18:38:10,407:INFO:Importing untrained model
2026-06-19 18:38:10,410:INFO:Light Gradient Boosting Machine Imported successfully
2026-06-19 18:38:10,416:INFO:Starting cross validation
2026-06-19 18:38:10,417:INFO:Cross validating with StratifiedKFold(n_splits=10, random_state=None, shuffle=False), n_jobs=-1
2026-06-19 18:38:15,126:INFO:Calculating mean and std
2026-06-19 18:38:15,127:INFO:Creating metrics dataframe
2026-06-19 18:38:15,130:INFO:Uploading results into container
2026-06-19 18:38:15,130:INFO:Uploading model into container now
2026-06-19 18:38:15,131:INFO:_master_model_container: 13
2026-06-19 18:38:15,131:INFO:_display_container: 2
2026-06-19 18:38:15,132:INFO:LGBMClassifier(boosting_type='gbdt', class_weight=None, colsample_bytree=1.0,
               importance_type='split', learning_rate=0.1, max_depth=-1,
               min_child_samples=20, min_child_weight=0.001, min_split_gain=0.0,
               n_estimators=100, n_jobs=-1, num_leaves=31, objective=None,
               random_state=42, reg_alpha=0.0, reg_lambda=0.0, subsample=1.0,
               subsample_for_bin=200000, subsample_freq=0)
2026-06-19 18:38:15,132:INFO:create_model() successfully completed......................................
2026-06-19 18:38:15,436:INFO:SubProcess create_model() end ==================================
2026-06-19 18:38:15,438:INFO:Creating metrics dataframe
2026-06-19 18:38:15,452:INFO:Initializing Dummy Classifier
2026-06-19 18:38:15,452:INFO:Total runtime is 5.3571166515350335 minutes
2026-06-19 18:38:15,457:INFO:SubProcess create_model() called ==================================
2026-06-19 18:38:15,458:INFO:Initializing create_model()
2026-06-19 18:38:15,458:INFO:create_model(self=<pycaret.classification.oop.ClassificationExperiment object at 0x00000243BF56FC10>, estimator=dummy, fold=StratifiedKFold(n_splits=10, random_state=None, shuffle=False), round=4, cross_validation=True, predict=True, fit_kwargs={}, groups=None, refit=False, probability_threshold=None, experiment_custom_tags=None, verbose=False, system=False, add_to_model_list=True, metrics=None, display=<pycaret.internal.display.display.CommonDisplay object at 0x00000243C04570D0>, model_only=True, return_train_score=False, error_score=0.0, kwargs={})
2026-06-19 18:38:15,458:INFO:Checking exceptions
2026-06-19 18:38:15,458:INFO:Importing libraries
2026-06-19 18:38:15,459:INFO:Copying training dataset
2026-06-19 18:38:15,730:INFO:Defining folds
2026-06-19 18:38:15,730:INFO:Declaring metric variables
2026-06-19 18:38:15,735:INFO:Importing untrained model
2026-06-19 18:38:15,741:INFO:Dummy Classifier Imported successfully
2026-06-19 18:38:15,746:INFO:Starting cross validation
2026-06-19 18:38:15,747:INFO:Cross validating with StratifiedKFold(n_splits=10, random_state=None, shuffle=False), n_jobs=-1
2026-06-19 18:38:15,956:WARNING:C:\Users\PC\AppData\Roaming\Python\Python311\site-packages\sklearn\metrics\_classification.py:1509: UndefinedMetricWarning: Precision is ill-defined and being set to 0.0 due to no predicted samples. Use `zero_division` parameter to control this behavior.
  _warn_prf(average, modifier, f"{metric.capitalize()} is", len(result))

2026-06-19 18:38:16,067:WARNING:C:\Users\PC\AppData\Roaming\Python\Python311\site-packages\sklearn\metrics\_classification.py:1509: UndefinedMetricWarning: Precision is ill-defined and being set to 0.0 due to no predicted samples. Use `zero_division` parameter to control this behavior.
  _warn_prf(average, modifier, f"{metric.capitalize()} is", len(result))

2026-06-19 18:38:16,207:WARNING:C:\Users\PC\AppData\Roaming\Python\Python311\site-packages\sklearn\metrics\_classification.py:1509: UndefinedMetricWarning: Precision is ill-defined and being set to 0.0 due to no predicted samples. Use `zero_division` parameter to control this behavior.
  _warn_prf(average, modifier, f"{metric.capitalize()} is", len(result))

2026-06-19 18:38:16,306:WARNING:C:\Users\PC\AppData\Roaming\Python\Python311\site-packages\sklearn\metrics\_classification.py:1509: UndefinedMetricWarning: Precision is ill-defined and being set to 0.0 due to no predicted samples. Use `zero_division` parameter to control this behavior.
  _warn_prf(average, modifier, f"{metric.capitalize()} is", len(result))

2026-06-19 18:38:16,388:WARNING:C:\Users\PC\AppData\Roaming\Python\Python311\site-packages\sklearn\metrics\_classification.py:1509: UndefinedMetricWarning: Precision is ill-defined and being set to 0.0 due to no predicted samples. Use `zero_division` parameter to control this behavior.
  _warn_prf(average, modifier, f"{metric.capitalize()} is", len(result))

2026-06-19 18:38:16,462:WARNING:C:\Users\PC\AppData\Roaming\Python\Python311\site-packages\sklearn\metrics\_classification.py:1509: UndefinedMetricWarning: Precision is ill-defined and being set to 0.0 due to no predicted samples. Use `zero_division` parameter to control this behavior.
  _warn_prf(average, modifier, f"{metric.capitalize()} is", len(result))

2026-06-19 18:38:16,546:WARNING:C:\Users\PC\AppData\Roaming\Python\Python311\site-packages\sklearn\metrics\_classification.py:1509: UndefinedMetricWarning: Precision is ill-defined and being set to 0.0 due to no predicted samples. Use `zero_division` parameter to control this behavior.
  _warn_prf(average, modifier, f"{metric.capitalize()} is", len(result))

2026-06-19 18:38:16,620:WARNING:C:\Users\PC\AppData\Roaming\Python\Python311\site-packages\sklearn\metrics\_classification.py:1509: UndefinedMetricWarning: Precision is ill-defined and being set to 0.0 due to no predicted samples. Use `zero_division` parameter to control this behavior.
  _warn_prf(average, modifier, f"{metric.capitalize()} is", len(result))

2026-06-19 18:38:16,686:WARNING:C:\Users\PC\AppData\Roaming\Python\Python311\site-packages\sklearn\metrics\_classification.py:1509: UndefinedMetricWarning: Precision is ill-defined and being set to 0.0 due to no predicted samples. Use `zero_division` parameter to control this behavior.
  _warn_prf(average, modifier, f"{metric.capitalize()} is", len(result))

2026-06-19 18:38:16,750:WARNING:C:\Users\PC\AppData\Roaming\Python\Python311\site-packages\sklearn\metrics\_classification.py:1509: UndefinedMetricWarning: Precision is ill-defined and being set to 0.0 due to no predicted samples. Use `zero_division` parameter to control this behavior.
  _warn_prf(average, modifier, f"{metric.capitalize()} is", len(result))

2026-06-19 18:38:16,761:INFO:Calculating mean and std
2026-06-19 18:38:16,764:INFO:Creating metrics dataframe
2026-06-19 18:38:16,766:INFO:Uploading results into container
2026-06-19 18:38:16,767:INFO:Uploading model into container now
2026-06-19 18:38:16,767:INFO:_master_model_container: 14
2026-06-19 18:38:16,767:INFO:_display_container: 2
2026-06-19 18:38:16,768:INFO:DummyClassifier(constant=None, random_state=42, strategy='prior')
2026-06-19 18:38:16,768:INFO:create_model() successfully completed......................................
2026-06-19 18:38:17,060:INFO:SubProcess create_model() end ==================================
2026-06-19 18:38:17,060:INFO:Creating metrics dataframe
2026-06-19 18:38:17,077:INFO:Initializing create_model()
2026-06-19 18:38:17,078:INFO:create_model(self=<pycaret.classification.oop.ClassificationExperiment object at 0x00000243BF56FC10>, estimator=QuadraticDiscriminantAnalysis(priors=None, reg_param=0.0,
                              store_covariance=False, tol=0.0001), fold=StratifiedKFold(n_splits=10, random_state=None, shuffle=False), round=4, cross_validation=False, predict=False, fit_kwargs={}, groups=None, refit=True, probability_threshold=None, experiment_custom_tags=None, verbose=False, system=False, add_to_model_list=True, metrics=None, display=None, model_only=True, return_train_score=False, error_score=0.0, kwargs={})
2026-06-19 18:38:17,078:INFO:Checking exceptions
2026-06-19 18:38:17,080:INFO:Importing libraries
2026-06-19 18:38:17,080:INFO:Copying training dataset
2026-06-19 18:38:17,297:INFO:Defining folds
2026-06-19 18:38:17,298:INFO:Declaring metric variables
2026-06-19 18:38:17,298:INFO:Importing untrained model
2026-06-19 18:38:17,298:INFO:Declaring custom model
2026-06-19 18:38:17,298:INFO:Quadratic Discriminant Analysis Imported successfully
2026-06-19 18:38:17,298:INFO:Cross validation set to False
2026-06-19 18:38:17,299:INFO:Fitting Model
2026-06-19 18:38:19,377:INFO:QuadraticDiscriminantAnalysis(priors=None, reg_param=0.0,
                              store_covariance=False, tol=0.0001)
2026-06-19 18:38:19,377:INFO:create_model() successfully completed......................................
2026-06-19 18:38:19,558:INFO:_master_model_container: 14
2026-06-19 18:38:19,559:INFO:_display_container: 2
2026-06-19 18:38:19,559:INFO:QuadraticDiscriminantAnalysis(priors=None, reg_param=0.0,
                              store_covariance=False, tol=0.0001)
2026-06-19 18:38:19,559:INFO:compare_models() successfully completed......................................
2026-06-19 19:52:44,827:WARNING:
'cuml' is a soft dependency and not included in the pycaret installation. Please run: `pip install cuml` to install.
2026-06-19 19:52:44,827:WARNING:
'cuml' is a soft dependency and not included in the pycaret installation. Please run: `pip install cuml` to install.
2026-06-19 19:52:44,827:WARNING:
'cuml' is a soft dependency and not included in the pycaret installation. Please run: `pip install cuml` to install.
2026-06-19 19:52:44,827:WARNING:
'cuml' is a soft dependency and not included in the pycaret installation. Please run: `pip install cuml` to install.
2026-06-19 21:03:45,071:WARNING:
'cuml' is a soft dependency and not included in the pycaret installation. Please run: `pip install cuml` to install.
2026-06-19 21:03:45,083:WARNING:
'cuml' is a soft dependency and not included in the pycaret installation. Please run: `pip install cuml` to install.
2026-06-19 21:03:45,083:WARNING:
'cuml' is a soft dependency and not included in the pycaret installation. Please run: `pip install cuml` to install.
2026-06-19 21:03:45,083:WARNING:
'cuml' is a soft dependency and not included in the pycaret installation. Please run: `pip install cuml` to install.
2026-06-19 22:26:43,631:WARNING:
'cuml' is a soft dependency and not included in the pycaret installation. Please run: `pip install cuml` to install.
2026-06-19 22:26:43,632:WARNING:
'cuml' is a soft dependency and not included in the pycaret installation. Please run: `pip install cuml` to install.
2026-06-19 22:26:43,632:WARNING:
'cuml' is a soft dependency and not included in the pycaret installation. Please run: `pip install cuml` to install.
2026-06-19 22:26:43,632:WARNING:
'cuml' is a soft dependency and not included in the pycaret installation. Please run: `pip install cuml` to install.
2026-06-19 22:49:25,743:WARNING:C:\Users\PC\AppData\Roaming\Python\Python311\site-packages\shap\explainers\_deep\deep_tf.py:94: UserWarning: Your TensorFlow version is newer than 2.4.0 and so graph support has been removed in eager mode and some static graphs may not be supported. See PR #1483 for discussion.
  warnings.warn(

2026-06-19 22:49:25,744:WARNING:C:\Users\PC\AppData\Roaming\Python\Python311\site-packages\shap\explainers\_deep\deep_tf.py:153: UserWarning: You have provided over 5k background samples! For better performance consider using smaller random sample.
  warnings.warn(

2026-06-19 22:49:25,815:WARNING:C:\Users\PC\AppData\Roaming\Python\Python311\site-packages\keras\src\backend.py:452: UserWarning: `tf.keras.backend.set_learning_phase` is deprecated and will be removed after 2020-10-11. To update it, simply pass a True/False value to the `training` argument of the `__call__` method of your layer or model.
  warnings.warn(

2026-06-19 22:58:45,036:WARNING:C:\Users\PC\AppData\Roaming\Python\Python311\site-packages\shap\explainers\_deep\deep_tf.py:94: UserWarning: Your TensorFlow version is newer than 2.4.0 and so graph support has been removed in eager mode and some static graphs may not be supported. See PR #1483 for discussion.
  warnings.warn(

2026-06-19 22:58:45,036:WARNING:C:\Users\PC\AppData\Roaming\Python\Python311\site-packages\shap\explainers\_deep\deep_tf.py:153: UserWarning: You have provided over 5k background samples! For better performance consider using smaller random sample.
  warnings.warn(

2026-06-19 22:58:45,057:WARNING:C:\Users\PC\AppData\Roaming\Python\Python311\site-packages\keras\src\backend.py:452: UserWarning: `tf.keras.backend.set_learning_phase` is deprecated and will be removed after 2020-10-11. To update it, simply pass a True/False value to the `training` argument of the `__call__` method of your layer or model.
  warnings.warn(

2026-06-19 23:12:40,122:WARNING:C:\Users\PC\AppData\Roaming\Python\Python311\site-packages\shap\explainers\_deep\deep_tf.py:94: UserWarning: Your TensorFlow version is newer than 2.4.0 and so graph support has been removed in eager mode and some static graphs may not be supported. See PR #1483 for discussion.
  warnings.warn(

2026-06-19 23:12:40,123:WARNING:C:\Users\PC\AppData\Roaming\Python\Python311\site-packages\shap\explainers\_deep\deep_tf.py:153: UserWarning: You have provided over 5k background samples! For better performance consider using smaller random sample.
  warnings.warn(

2026-06-19 23:12:40,152:WARNING:C:\Users\PC\AppData\Roaming\Python\Python311\site-packages\keras\src\backend.py:452: UserWarning: `tf.keras.backend.set_learning_phase` is deprecated and will be removed after 2020-10-11. To update it, simply pass a True/False value to the `training` argument of the `__call__` method of your layer or model.
  warnings.warn(

2026-06-19 23:16:06,604:INFO:PyCaret ClassificationExperiment
2026-06-19 23:16:06,604:INFO:Logging name: clf-default-name
2026-06-19 23:16:06,604:INFO:ML Usecase: MLUsecase.CLASSIFICATION
2026-06-19 23:16:06,604:INFO:version 3.3.0
2026-06-19 23:16:06,604:INFO:Initializing setup()
2026-06-19 23:16:06,604:INFO:self.USI: 0e30
2026-06-19 23:16:06,604:INFO:self._variable_keys: {'exp_id', 'idx', 'y', 'pipeline', 'exp_name_log', 'fix_imbalance', 'gpu_n_jobs_param', 'X', 'X_test', 'logging_param', 'memory', 'fold_generator', 'fold_groups_param', 'y_test', 'seed', '_ml_usecase', '_available_plots', 'html_param', 'gpu_param', 'data', 'fold_shuffle_param', 'X_train', 'target_param', 'log_plots_param', 'y_train', 'is_multiclass', 'n_jobs_param', 'USI'}
2026-06-19 23:16:06,604:INFO:Checking environment
2026-06-19 23:16:06,604:INFO:python_version: 3.11.9
2026-06-19 23:16:06,605:INFO:python_build: ('tags/v3.11.9:de54cf5', 'Apr  2 2024 10:12:12')
2026-06-19 23:16:06,605:INFO:machine: AMD64
2026-06-19 23:16:06,605:INFO:platform: Windows-10-10.0.19045-SP0
2026-06-19 23:16:06,609:INFO:Memory: svmem(total=17103945728, available=4595970048, percent=73.1, used=12507975680, free=4595970048)
2026-06-19 23:16:06,609:INFO:Physical Core: 10
2026-06-19 23:16:06,609:INFO:Logical Core: 20
2026-06-19 23:16:06,609:INFO:Checking libraries
2026-06-19 23:16:06,609:INFO:System:
2026-06-19 23:16:06,609:INFO:    python: 3.11.9 (tags/v3.11.9:de54cf5, Apr  2 2024, 10:12:12) [MSC v.1938 64 bit (AMD64)]
2026-06-19 23:16:06,609:INFO:executable: c:\Users\PC\AppData\Local\Programs\Python\Python311\python.exe
2026-06-19 23:16:06,609:INFO:   machine: Windows-10-10.0.19045-SP0
2026-06-19 23:16:06,609:INFO:PyCaret required dependencies:
2026-06-19 23:16:06,648:INFO:                 pip: 24.0
2026-06-19 23:16:06,648:INFO:          setuptools: 82.0.1
2026-06-19 23:16:06,648:INFO:             pycaret: 3.3.0
2026-06-19 23:16:06,648:INFO:             IPython: 9.14.1
2026-06-19 23:16:06,648:INFO:          ipywidgets: 8.1.8
2026-06-19 23:16:06,648:INFO:                tqdm: 4.68.3
2026-06-19 23:16:06,648:INFO:               numpy: 1.26.4
2026-06-19 23:16:06,648:INFO:              pandas: 2.1.4
2026-06-19 23:16:06,648:INFO:              jinja2: 3.1.6
2026-06-19 23:16:06,648:INFO:               scipy: 1.11.4
2026-06-19 23:16:06,648:INFO:              joblib: 1.5.3
2026-06-19 23:16:06,648:INFO:             sklearn: 1.4.2
2026-06-19 23:16:06,648:INFO:                pyod: 3.6.1
2026-06-19 23:16:06,648:INFO:            imblearn: 0.14.2
2026-06-19 23:16:06,648:INFO:   category_encoders: 2.7.0
2026-06-19 23:16:06,648:INFO:            lightgbm: 4.6.0
2026-06-19 23:16:06,648:INFO:               numba: 0.65.1
2026-06-19 23:16:06,648:INFO:            requests: 2.34.2
2026-06-19 23:16:06,648:INFO:          matplotlib: 3.7.5
2026-06-19 23:16:06,648:INFO:          scikitplot: 0.3.7
2026-06-19 23:16:06,648:INFO:         yellowbrick: 1.5
2026-06-19 23:16:06,648:INFO:              plotly: 6.8.0
2026-06-19 23:16:06,648:INFO:    plotly-resampler: Not installed
2026-06-19 23:16:06,649:INFO:             kaleido: 1.3.0
2026-06-19 23:16:06,649:INFO:           schemdraw: 0.15
2026-06-19 23:16:06,649:INFO:         statsmodels: 0.14.6
2026-06-19 23:16:06,649:INFO:              sktime: 1.0.1
2026-06-19 23:16:06,649:INFO:               tbats: 1.1.3
2026-06-19 23:16:06,649:INFO:            pmdarima: 2.0.4
2026-06-19 23:16:06,649:INFO:              psutil: 7.2.2
2026-06-19 23:16:06,649:INFO:          markupsafe: 3.0.3
2026-06-19 23:16:06,649:INFO:             pickle5: Not installed
2026-06-19 23:16:06,649:INFO:         cloudpickle: 3.1.2
2026-06-19 23:16:06,649:INFO:         deprecation: 2.1.0
2026-06-19 23:16:06,649:INFO:              xxhash: 3.7.0
2026-06-19 23:16:06,649:INFO:           wurlitzer: Not installed
2026-06-19 23:16:06,649:INFO:PyCaret optional dependencies:
2026-06-19 23:16:08,865:INFO:                shap: 0.49.1
2026-06-19 23:16:08,866:INFO:           interpret: Not installed
2026-06-19 23:16:08,866:INFO:                umap: Not installed
2026-06-19 23:16:08,866:INFO:     ydata_profiling: Not installed
2026-06-19 23:16:08,866:INFO:  explainerdashboard: Not installed
2026-06-19 23:16:08,866:INFO:             autoviz: Not installed
2026-06-19 23:16:08,866:INFO:           fairlearn: Not installed
2026-06-19 23:16:08,866:INFO:          deepchecks: Not installed
2026-06-19 23:16:08,866:INFO:             xgboost: Not installed
2026-06-19 23:16:08,866:INFO:            catboost: Not installed
2026-06-19 23:16:08,866:INFO:              kmodes: Not installed
2026-06-19 23:16:08,866:INFO:             mlxtend: Not installed
2026-06-19 23:16:08,866:INFO:       statsforecast: Not installed
2026-06-19 23:16:08,866:INFO:        tune_sklearn: Not installed
2026-06-19 23:16:08,866:INFO:                 ray: Not installed
2026-06-19 23:16:08,866:INFO:            hyperopt: Not installed
2026-06-19 23:16:08,866:INFO:              optuna: 4.9.0
2026-06-19 23:16:08,866:INFO:               skopt: Not installed
2026-06-19 23:16:08,866:INFO:              mlflow: Not installed
2026-06-19 23:16:08,866:INFO:              gradio: Not installed
2026-06-19 23:16:08,866:INFO:             fastapi: Not installed
2026-06-19 23:16:08,866:INFO:             uvicorn: 0.49.0
2026-06-19 23:16:08,866:INFO:              m2cgen: Not installed
2026-06-19 23:16:08,866:INFO:           evidently: Not installed
2026-06-19 23:16:08,866:INFO:               fugue: Not installed
2026-06-19 23:16:08,866:INFO:           streamlit: Not installed
2026-06-19 23:16:08,866:INFO:             prophet: Not installed
2026-06-19 23:16:08,867:INFO:None
2026-06-19 23:16:08,867:INFO:Set up data.
2026-06-19 23:16:08,935:INFO:Set up folding strategy.
2026-06-19 23:16:08,936:INFO:Set up train/test split.
2026-06-19 23:16:09,110:INFO:Set up index.
2026-06-19 23:16:09,118:INFO:Assigning column types.
2026-06-19 23:16:09,292:INFO:Engine successfully changes for model 'lr' to 'sklearn'.
2026-06-19 23:16:09,326:INFO:Engine for model 'knn' has not been set explicitly, hence returning None.
2026-06-19 23:16:09,329:INFO:Engine for model 'rbfsvm' has not been set explicitly, hence returning None.
2026-06-19 23:16:09,355:WARNING:
'xgboost' is a soft dependency and not included in the pycaret installation. Please run: `pip install xgboost` to install.
Alternately, you can install this by running `pip install pycaret[models]`
2026-06-19 23:16:09,355:WARNING:
'catboost' is a soft dependency and not included in the pycaret installation. Please run: `pip install catboost` to install.
Alternately, you can install this by running `pip install pycaret[models]`
2026-06-19 23:16:09,389:INFO:Engine for model 'knn' has not been set explicitly, hence returning None.
2026-06-19 23:16:09,390:INFO:Engine for model 'rbfsvm' has not been set explicitly, hence returning None.
2026-06-19 23:16:09,412:WARNING:
'xgboost' is a soft dependency and not included in the pycaret installation. Please run: `pip install xgboost` to install.
Alternately, you can install this by running `pip install pycaret[models]`
2026-06-19 23:16:09,412:WARNING:
'catboost' is a soft dependency and not included in the pycaret installation. Please run: `pip install catboost` to install.
Alternately, you can install this by running `pip install pycaret[models]`
2026-06-19 23:16:09,412:INFO:Engine successfully changes for model 'knn' to 'sklearn'.
2026-06-19 23:16:09,449:INFO:Engine for model 'rbfsvm' has not been set explicitly, hence returning None.
2026-06-19 23:16:09,470:WARNING:
'xgboost' is a soft dependency and not included in the pycaret installation. Please run: `pip install xgboost` to install.
Alternately, you can install this by running `pip install pycaret[models]`
2026-06-19 23:16:09,470:WARNING:
'catboost' is a soft dependency and not included in the pycaret installation. Please run: `pip install catboost` to install.
Alternately, you can install this by running `pip install pycaret[models]`
2026-06-19 23:16:09,504:INFO:Engine for model 'rbfsvm' has not been set explicitly, hence returning None.
2026-06-19 23:16:09,524:WARNING:
'xgboost' is a soft dependency and not included in the pycaret installation. Please run: `pip install xgboost` to install.
Alternately, you can install this by running `pip install pycaret[models]`
2026-06-19 23:16:09,525:WARNING:
'catboost' is a soft dependency and not included in the pycaret installation. Please run: `pip install catboost` to install.
Alternately, you can install this by running `pip install pycaret[models]`
2026-06-19 23:16:09,525:INFO:Engine successfully changes for model 'rbfsvm' to 'sklearn'.
2026-06-19 23:16:09,578:WARNING:
'xgboost' is a soft dependency and not included in the pycaret installation. Please run: `pip install xgboost` to install.
Alternately, you can install this by running `pip install pycaret[models]`
2026-06-19 23:16:09,578:WARNING:
'catboost' is a soft dependency and not included in the pycaret installation. Please run: `pip install catboost` to install.
Alternately, you can install this by running `pip install pycaret[models]`
2026-06-19 23:16:09,638:WARNING:
'xgboost' is a soft dependency and not included in the pycaret installation. Please run: `pip install xgboost` to install.
Alternately, you can install this by running `pip install pycaret[models]`
2026-06-19 23:16:09,638:WARNING:
'catboost' is a soft dependency and not included in the pycaret installation. Please run: `pip install catboost` to install.
Alternately, you can install this by running `pip install pycaret[models]`
2026-06-19 23:16:09,816:INFO:Finished creating preprocessing pipeline.
2026-06-19 23:16:09,817:INFO:Pipeline: Pipeline(memory=FastMemory(location=C:\Users\PC\AppData\Local\Temp\joblib),
         steps=[('placeholder', None)], verbose=False)
2026-06-19 23:16:09,817:INFO:Creating final display dataframe.
2026-06-19 23:16:10,426:INFO:Setup _display_container:                    Description          Value
0                   Session id             42
1                       Target   RainTomorrow
2                  Target type         Binary
3          Original data shape  (113722, 117)
4       Transformed data shape  (113722, 117)
5  Transformed train set shape   (79605, 117)
6   Transformed test set shape   (34117, 117)
7             Numeric features             19
2026-06-19 23:16:10,489:WARNING:
'xgboost' is a soft dependency and not included in the pycaret installation. Please run: `pip install xgboost` to install.
Alternately, you can install this by running `pip install pycaret[models]`
2026-06-19 23:16:10,489:WARNING:
'catboost' is a soft dependency and not included in the pycaret installation. Please run: `pip install catboost` to install.
Alternately, you can install this by running `pip install pycaret[models]`
2026-06-19 23:16:10,543:WARNING:
'xgboost' is a soft dependency and not included in the pycaret installation. Please run: `pip install xgboost` to install.
Alternately, you can install this by running `pip install pycaret[models]`
2026-06-19 23:16:10,543:WARNING:
'catboost' is a soft dependency and not included in the pycaret installation. Please run: `pip install catboost` to install.
Alternately, you can install this by running `pip install pycaret[models]`
2026-06-19 23:16:10,545:INFO:setup() successfully completed in 3.97s...............
2026-06-19 23:16:10,545:INFO:Initializing compare_models()
2026-06-19 23:16:10,545:INFO:compare_models(self=<pycaret.classification.oop.ClassificationExperiment object at 0x000001EA0921DB50>, include=None, exclude=None, fold=None, round=4, cross_validation=True, sort=Recall, n_select=1, budget_time=None, turbo=True, errors=ignore, fit_kwargs=None, groups=None, experiment_custom_tags=None, probability_threshold=None, verbose=True, parallel=None, caller_params={'self': <pycaret.classification.oop.ClassificationExperiment object at 0x000001EA0921DB50>, 'include': None, 'exclude': None, 'fold': None, 'round': 4, 'cross_validation': True, 'sort': 'Recall', 'n_select': 1, 'budget_time': None, 'turbo': True, 'errors': 'ignore', 'fit_kwargs': None, 'groups': None, 'experiment_custom_tags': None, 'probability_threshold': None, 'engine': None, 'verbose': True, 'parallel': None, '__class__': <class 'pycaret.classification.oop.ClassificationExperiment'>})
2026-06-19 23:16:10,545:INFO:Checking exceptions
2026-06-19 23:16:10,663:INFO:Preparing display monitor
2026-06-19 23:16:10,679:INFO:Initializing Logistic Regression
2026-06-19 23:16:10,680:INFO:Total runtime is 0.0 minutes
2026-06-19 23:16:10,682:INFO:SubProcess create_model() called ==================================
2026-06-19 23:16:10,682:INFO:Initializing create_model()
2026-06-19 23:16:10,683:INFO:create_model(self=<pycaret.classification.oop.ClassificationExperiment object at 0x000001EA0921DB50>, estimator=lr, fold=StratifiedKFold(n_splits=10, random_state=None, shuffle=False), round=4, cross_validation=True, predict=True, fit_kwargs={}, groups=None, refit=False, probability_threshold=None, experiment_custom_tags=None, verbose=False, system=False, add_to_model_list=True, metrics=None, display=<pycaret.internal.display.display.CommonDisplay object at 0x000001EA09517E90>, model_only=True, return_train_score=False, error_score=0.0, kwargs={})
2026-06-19 23:16:10,683:INFO:Checking exceptions
2026-06-19 23:16:10,683:INFO:Importing libraries
2026-06-19 23:16:10,683:INFO:Copying training dataset
2026-06-19 23:16:10,895:INFO:Defining folds
2026-06-19 23:16:10,895:INFO:Declaring metric variables
2026-06-19 23:16:10,897:INFO:Importing untrained model
2026-06-19 23:16:10,899:INFO:Logistic Regression Imported successfully
2026-06-19 23:16:10,904:INFO:Starting cross validation
2026-06-19 23:16:10,905:INFO:Cross validating with StratifiedKFold(n_splits=10, random_state=None, shuffle=False), n_jobs=-1
2026-06-19 23:16:53,654:INFO:Calculating mean and std
2026-06-19 23:16:53,655:INFO:Creating metrics dataframe
2026-06-19 23:16:53,657:INFO:Uploading results into container
2026-06-19 23:16:53,657:INFO:Uploading model into container now
2026-06-19 23:16:53,658:INFO:_master_model_container: 1
2026-06-19 23:16:53,658:INFO:_display_container: 2
2026-06-19 23:16:53,658:INFO:LogisticRegression(C=1.0, class_weight=None, dual=False, fit_intercept=True,
                   intercept_scaling=1, l1_ratio=None, max_iter=1000,
                   multi_class='auto', n_jobs=None, penalty='l2',
                   random_state=42, solver='lbfgs', tol=0.0001, verbose=0,
                   warm_start=False)
2026-06-19 23:16:53,658:INFO:create_model() successfully completed......................................
2026-06-19 23:16:54,449:INFO:SubProcess create_model() end ==================================
2026-06-19 23:16:54,449:INFO:Creating metrics dataframe
2026-06-19 23:16:54,455:INFO:Initializing K Neighbors Classifier
2026-06-19 23:16:54,455:INFO:Total runtime is 0.7295916318893433 minutes
2026-06-19 23:16:54,457:INFO:SubProcess create_model() called ==================================
2026-06-19 23:16:54,457:INFO:Initializing create_model()
2026-06-19 23:16:54,457:INFO:create_model(self=<pycaret.classification.oop.ClassificationExperiment object at 0x000001EA0921DB50>, estimator=knn, fold=StratifiedKFold(n_splits=10, random_state=None, shuffle=False), round=4, cross_validation=True, predict=True, fit_kwargs={}, groups=None, refit=False, probability_threshold=None, experiment_custom_tags=None, verbose=False, system=False, add_to_model_list=True, metrics=None, display=<pycaret.internal.display.display.CommonDisplay object at 0x000001EA09517E90>, model_only=True, return_train_score=False, error_score=0.0, kwargs={})
2026-06-19 23:16:54,457:INFO:Checking exceptions
2026-06-19 23:16:54,458:INFO:Importing libraries
2026-06-19 23:16:54,458:INFO:Copying training dataset
2026-06-19 23:16:54,665:INFO:Defining folds
2026-06-19 23:16:54,665:INFO:Declaring metric variables
2026-06-19 23:16:54,667:INFO:Importing untrained model
2026-06-19 23:16:54,670:INFO:K Neighbors Classifier Imported successfully
2026-06-19 23:16:54,674:INFO:Starting cross validation
2026-06-19 23:16:54,675:INFO:Cross validating with StratifiedKFold(n_splits=10, random_state=None, shuffle=False), n_jobs=-1
2026-06-19 23:17:10,366:INFO:Calculating mean and std
2026-06-19 23:17:10,367:INFO:Creating metrics dataframe
2026-06-19 23:17:10,369:INFO:Uploading results into container
2026-06-19 23:17:10,369:INFO:Uploading model into container now
2026-06-19 23:17:10,369:INFO:_master_model_container: 2
2026-06-19 23:17:10,369:INFO:_display_container: 2
2026-06-19 23:17:10,370:INFO:KNeighborsClassifier(algorithm='auto', leaf_size=30, metric='minkowski',
                     metric_params=None, n_jobs=-1, n_neighbors=5, p=2,
                     weights='uniform')
2026-06-19 23:17:10,370:INFO:create_model() successfully completed......................................
2026-06-19 23:17:10,632:INFO:SubProcess create_model() end ==================================
2026-06-19 23:17:10,632:INFO:Creating metrics dataframe
2026-06-19 23:17:10,640:INFO:Initializing Naive Bayes
2026-06-19 23:17:10,640:INFO:Total runtime is 0.9993499795595805 minutes
2026-06-19 23:17:10,643:INFO:SubProcess create_model() called ==================================
2026-06-19 23:17:10,643:INFO:Initializing create_model()
2026-06-19 23:17:10,643:INFO:create_model(self=<pycaret.classification.oop.ClassificationExperiment object at 0x000001EA0921DB50>, estimator=nb, fold=StratifiedKFold(n_splits=10, random_state=None, shuffle=False), round=4, cross_validation=True, predict=True, fit_kwargs={}, groups=None, refit=False, probability_threshold=None, experiment_custom_tags=None, verbose=False, system=False, add_to_model_list=True, metrics=None, display=<pycaret.internal.display.display.CommonDisplay object at 0x000001EA09517E90>, model_only=True, return_train_score=False, error_score=0.0, kwargs={})
2026-06-19 23:17:10,643:INFO:Checking exceptions
2026-06-19 23:17:10,643:INFO:Importing libraries
2026-06-19 23:17:10,644:INFO:Copying training dataset
2026-06-19 23:17:10,875:INFO:Defining folds
2026-06-19 23:17:10,875:INFO:Declaring metric variables
2026-06-19 23:17:10,879:INFO:Importing untrained model
2026-06-19 23:17:10,883:INFO:Naive Bayes Imported successfully
2026-06-19 23:17:10,887:INFO:Starting cross validation
2026-06-19 23:17:10,888:INFO:Cross validating with StratifiedKFold(n_splits=10, random_state=None, shuffle=False), n_jobs=-1
2026-06-19 23:17:12,809:INFO:Calculating mean and std
2026-06-19 23:17:12,810:INFO:Creating metrics dataframe
2026-06-19 23:17:12,812:INFO:Uploading results into container
2026-06-19 23:17:12,812:INFO:Uploading model into container now
2026-06-19 23:17:12,812:INFO:_master_model_container: 3
2026-06-19 23:17:12,812:INFO:_display_container: 2
2026-06-19 23:17:12,812:INFO:GaussianNB(priors=None, var_smoothing=1e-09)
2026-06-19 23:17:12,813:INFO:create_model() successfully completed......................................
2026-06-19 23:17:13,076:INFO:SubProcess create_model() end ==================================
2026-06-19 23:17:13,077:INFO:Creating metrics dataframe
2026-06-19 23:17:13,082:INFO:Initializing Decision Tree Classifier
2026-06-19 23:17:13,082:INFO:Total runtime is 1.040049966176351 minutes
2026-06-19 23:17:13,084:INFO:SubProcess create_model() called ==================================
2026-06-19 23:17:13,084:INFO:Initializing create_model()
2026-06-19 23:17:13,084:INFO:create_model(self=<pycaret.classification.oop.ClassificationExperiment object at 0x000001EA0921DB50>, estimator=dt, fold=StratifiedKFold(n_splits=10, random_state=None, shuffle=False), round=4, cross_validation=True, predict=True, fit_kwargs={}, groups=None, refit=False, probability_threshold=None, experiment_custom_tags=None, verbose=False, system=False, add_to_model_list=True, metrics=None, display=<pycaret.internal.display.display.CommonDisplay object at 0x000001EA09517E90>, model_only=True, return_train_score=False, error_score=0.0, kwargs={})
2026-06-19 23:17:13,085:INFO:Checking exceptions
2026-06-19 23:17:13,085:INFO:Importing libraries
2026-06-19 23:17:13,085:INFO:Copying training dataset
2026-06-19 23:17:13,296:INFO:Defining folds
2026-06-19 23:17:13,296:INFO:Declaring metric variables
2026-06-19 23:17:13,299:INFO:Importing untrained model
2026-06-19 23:17:13,301:INFO:Decision Tree Classifier Imported successfully
2026-06-19 23:17:13,305:INFO:Starting cross validation
2026-06-19 23:17:13,306:INFO:Cross validating with StratifiedKFold(n_splits=10, random_state=None, shuffle=False), n_jobs=-1
2026-06-19 23:17:21,018:INFO:Calculating mean and std
2026-06-19 23:17:21,019:INFO:Creating metrics dataframe
2026-06-19 23:17:21,020:INFO:Uploading results into container
2026-06-19 23:17:21,021:INFO:Uploading model into container now
2026-06-19 23:17:21,021:INFO:_master_model_container: 4
2026-06-19 23:17:21,021:INFO:_display_container: 2
2026-06-19 23:17:21,021:INFO:DecisionTreeClassifier(ccp_alpha=0.0, class_weight=None, criterion='gini',
                       max_depth=None, max_features=None, max_leaf_nodes=None,
                       min_impurity_decrease=0.0, min_samples_leaf=1,
                       min_samples_split=2, min_weight_fraction_leaf=0.0,
                       monotonic_cst=None, random_state=42, splitter='best')
2026-06-19 23:17:21,022:INFO:create_model() successfully completed......................................
2026-06-19 23:17:21,267:INFO:SubProcess create_model() end ==================================
2026-06-19 23:17:21,267:INFO:Creating metrics dataframe
2026-06-19 23:17:21,272:INFO:Initializing SVM - Linear Kernel
2026-06-19 23:17:21,272:INFO:Total runtime is 1.1765499790509542 minutes
2026-06-19 23:17:21,275:INFO:SubProcess create_model() called ==================================
2026-06-19 23:17:21,275:INFO:Initializing create_model()
2026-06-19 23:17:21,275:INFO:create_model(self=<pycaret.classification.oop.ClassificationExperiment object at 0x000001EA0921DB50>, estimator=svm, fold=StratifiedKFold(n_splits=10, random_state=None, shuffle=False), round=4, cross_validation=True, predict=True, fit_kwargs={}, groups=None, refit=False, probability_threshold=None, experiment_custom_tags=None, verbose=False, system=False, add_to_model_list=True, metrics=None, display=<pycaret.internal.display.display.CommonDisplay object at 0x000001EA09517E90>, model_only=True, return_train_score=False, error_score=0.0, kwargs={})
2026-06-19 23:17:21,275:INFO:Checking exceptions
2026-06-19 23:17:21,275:INFO:Importing libraries
2026-06-19 23:17:21,275:INFO:Copying training dataset
2026-06-19 23:17:21,530:INFO:Defining folds
2026-06-19 23:17:21,530:INFO:Declaring metric variables
2026-06-19 23:17:21,534:INFO:Importing untrained model
2026-06-19 23:17:21,539:INFO:SVM - Linear Kernel Imported successfully
2026-06-19 23:17:21,549:INFO:Starting cross validation
2026-06-19 23:17:21,550:INFO:Cross validating with StratifiedKFold(n_splits=10, random_state=None, shuffle=False), n_jobs=-1
2026-06-19 23:17:24,122:WARNING:C:\Users\PC\AppData\Roaming\Python\Python311\site-packages\pycaret\internal\metrics.py:196: FitFailedWarning: Metric 'make_scorer(roc_auc_score, response_method='predict_proba', average=weighted, multi_class=ovr)' failed and error score 0.0 has been returned instead. If this is a custom metric, this usually means that the error is in the metric code. Full exception below:
Traceback (most recent call last):
  File "C:\Users\PC\AppData\Roaming\Python\Python311\site-packages\pycaret\internal\metrics.py", line 188, in _score
    return super()._score(
           ^^^^^^^^^^^^^^^
  File "C:\Users\PC\AppData\Roaming\Python\Python311\site-packages\sklearn\metrics\_scorer.py", line 344, in _score
    response_method = _check_response_method(estimator, self._response_method)
                      ^^^^^^^^^^^^^^^^^^^^^^^^^^^^^^^^^^^^^^^^^^^^^^^^^^^^^^^^
  File "C:\Users\PC\AppData\Roaming\Python\Python311\site-packages\sklearn\utils\validation.py", line 2106, in _check_response_method
    raise AttributeError(
AttributeError: Pipeline has none of the following attributes: predict_proba.

  warnings.warn(

2026-06-19 23:17:24,231:WARNING:C:\Users\PC\AppData\Roaming\Python\Python311\site-packages\pycaret\internal\metrics.py:196: FitFailedWarning: Metric 'make_scorer(roc_auc_score, response_method='predict_proba', average=weighted, multi_class=ovr)' failed and error score 0.0 has been returned instead. If this is a custom metric, this usually means that the error is in the metric code. Full exception below:
Traceback (most recent call last):
  File "C:\Users\PC\AppData\Roaming\Python\Python311\site-packages\pycaret\internal\metrics.py", line 188, in _score
    return super()._score(
           ^^^^^^^^^^^^^^^
  File "C:\Users\PC\AppData\Roaming\Python\Python311\site-packages\sklearn\metrics\_scorer.py", line 344, in _score
    response_method = _check_response_method(estimator, self._response_method)
                      ^^^^^^^^^^^^^^^^^^^^^^^^^^^^^^^^^^^^^^^^^^^^^^^^^^^^^^^^
  File "C:\Users\PC\AppData\Roaming\Python\Python311\site-packages\sklearn\utils\validation.py", line 2106, in _check_response_method
    raise AttributeError(
AttributeError: Pipeline has none of the following attributes: predict_proba.

  warnings.warn(

2026-06-19 23:17:24,549:WARNING:C:\Users\PC\AppData\Roaming\Python\Python311\site-packages\pycaret\internal\metrics.py:196: FitFailedWarning: Metric 'make_scorer(roc_auc_score, response_method='predict_proba', average=weighted, multi_class=ovr)' failed and error score 0.0 has been returned instead. If this is a custom metric, this usually means that the error is in the metric code. Full exception below:
Traceback (most recent call last):
  File "C:\Users\PC\AppData\Roaming\Python\Python311\site-packages\pycaret\internal\metrics.py", line 188, in _score
    return super()._score(
           ^^^^^^^^^^^^^^^
  File "C:\Users\PC\AppData\Roaming\Python\Python311\site-packages\sklearn\metrics\_scorer.py", line 344, in _score
    response_method = _check_response_method(estimator, self._response_method)
                      ^^^^^^^^^^^^^^^^^^^^^^^^^^^^^^^^^^^^^^^^^^^^^^^^^^^^^^^^
  File "C:\Users\PC\AppData\Roaming\Python\Python311\site-packages\sklearn\utils\validation.py", line 2106, in _check_response_method
    raise AttributeError(
AttributeError: Pipeline has none of the following attributes: predict_proba.

  warnings.warn(

2026-06-19 23:17:24,622:WARNING:C:\Users\PC\AppData\Roaming\Python\Python311\site-packages\pycaret\internal\metrics.py:196: FitFailedWarning: Metric 'make_scorer(roc_auc_score, response_method='predict_proba', average=weighted, multi_class=ovr)' failed and error score 0.0 has been returned instead. If this is a custom metric, this usually means that the error is in the metric code. Full exception below:
Traceback (most recent call last):
  File "C:\Users\PC\AppData\Roaming\Python\Python311\site-packages\pycaret\internal\metrics.py", line 188, in _score
    return super()._score(
           ^^^^^^^^^^^^^^^
  File "C:\Users\PC\AppData\Roaming\Python\Python311\site-packages\sklearn\metrics\_scorer.py", line 344, in _score
    response_method = _check_response_method(estimator, self._response_method)
                      ^^^^^^^^^^^^^^^^^^^^^^^^^^^^^^^^^^^^^^^^^^^^^^^^^^^^^^^^
  File "C:\Users\PC\AppData\Roaming\Python\Python311\site-packages\sklearn\utils\validation.py", line 2106, in _check_response_method
    raise AttributeError(
AttributeError: Pipeline has none of the following attributes: predict_proba.

  warnings.warn(

2026-06-19 23:17:24,853:WARNING:C:\Users\PC\AppData\Roaming\Python\Python311\site-packages\pycaret\internal\metrics.py:196: FitFailedWarning: Metric 'make_scorer(roc_auc_score, response_method='predict_proba', average=weighted, multi_class=ovr)' failed and error score 0.0 has been returned instead. If this is a custom metric, this usually means that the error is in the metric code. Full exception below:
Traceback (most recent call last):
  File "C:\Users\PC\AppData\Roaming\Python\Python311\site-packages\pycaret\internal\metrics.py", line 188, in _score
    return super()._score(
           ^^^^^^^^^^^^^^^
  File "C:\Users\PC\AppData\Roaming\Python\Python311\site-packages\sklearn\metrics\_scorer.py", line 344, in _score
    response_method = _check_response_method(estimator, self._response_method)
                      ^^^^^^^^^^^^^^^^^^^^^^^^^^^^^^^^^^^^^^^^^^^^^^^^^^^^^^^^
  File "C:\Users\PC\AppData\Roaming\Python\Python311\site-packages\sklearn\utils\validation.py", line 2106, in _check_response_method
    raise AttributeError(
AttributeError: Pipeline has none of the following attributes: predict_proba.

  warnings.warn(

2026-06-19 23:17:25,080:WARNING:C:\Users\PC\AppData\Roaming\Python\Python311\site-packages\pycaret\internal\metrics.py:196: FitFailedWarning: Metric 'make_scorer(roc_auc_score, response_method='predict_proba', average=weighted, multi_class=ovr)' failed and error score 0.0 has been returned instead. If this is a custom metric, this usually means that the error is in the metric code. Full exception below:
Traceback (most recent call last):
  File "C:\Users\PC\AppData\Roaming\Python\Python311\site-packages\pycaret\internal\metrics.py", line 188, in _score
    return super()._score(
           ^^^^^^^^^^^^^^^
  File "C:\Users\PC\AppData\Roaming\Python\Python311\site-packages\sklearn\metrics\_scorer.py", line 344, in _score
    response_method = _check_response_method(estimator, self._response_method)
                      ^^^^^^^^^^^^^^^^^^^^^^^^^^^^^^^^^^^^^^^^^^^^^^^^^^^^^^^^
  File "C:\Users\PC\AppData\Roaming\Python\Python311\site-packages\sklearn\utils\validation.py", line 2106, in _check_response_method
    raise AttributeError(
AttributeError: Pipeline has none of the following attributes: predict_proba.

  warnings.warn(

2026-06-19 23:17:25,110:WARNING:C:\Users\PC\AppData\Roaming\Python\Python311\site-packages\pycaret\internal\metrics.py:196: FitFailedWarning: Metric 'make_scorer(roc_auc_score, response_method='predict_proba', average=weighted, multi_class=ovr)' failed and error score 0.0 has been returned instead. If this is a custom metric, this usually means that the error is in the metric code. Full exception below:
Traceback (most recent call last):
  File "C:\Users\PC\AppData\Roaming\Python\Python311\site-packages\pycaret\internal\metrics.py", line 188, in _score
    return super()._score(
           ^^^^^^^^^^^^^^^
  File "C:\Users\PC\AppData\Roaming\Python\Python311\site-packages\sklearn\metrics\_scorer.py", line 344, in _score
    response_method = _check_response_method(estimator, self._response_method)
                      ^^^^^^^^^^^^^^^^^^^^^^^^^^^^^^^^^^^^^^^^^^^^^^^^^^^^^^^^
  File "C:\Users\PC\AppData\Roaming\Python\Python311\site-packages\sklearn\utils\validation.py", line 2106, in _check_response_method
    raise AttributeError(
AttributeError: Pipeline has none of the following attributes: predict_proba.

  warnings.warn(

2026-06-19 23:17:25,385:WARNING:C:\Users\PC\AppData\Roaming\Python\Python311\site-packages\pycaret\internal\metrics.py:196: FitFailedWarning: Metric 'make_scorer(roc_auc_score, response_method='predict_proba', average=weighted, multi_class=ovr)' failed and error score 0.0 has been returned instead. If this is a custom metric, this usually means that the error is in the metric code. Full exception below:
Traceback (most recent call last):
  File "C:\Users\PC\AppData\Roaming\Python\Python311\site-packages\pycaret\internal\metrics.py", line 188, in _score
    return super()._score(
           ^^^^^^^^^^^^^^^
  File "C:\Users\PC\AppData\Roaming\Python\Python311\site-packages\sklearn\metrics\_scorer.py", line 344, in _score
    response_method = _check_response_method(estimator, self._response_method)
                      ^^^^^^^^^^^^^^^^^^^^^^^^^^^^^^^^^^^^^^^^^^^^^^^^^^^^^^^^
  File "C:\Users\PC\AppData\Roaming\Python\Python311\site-packages\sklearn\utils\validation.py", line 2106, in _check_response_method
    raise AttributeError(
AttributeError: Pipeline has none of the following attributes: predict_proba.

  warnings.warn(

2026-06-19 23:17:25,624:WARNING:C:\Users\PC\AppData\Roaming\Python\Python311\site-packages\pycaret\internal\metrics.py:196: FitFailedWarning: Metric 'make_scorer(roc_auc_score, response_method='predict_proba', average=weighted, multi_class=ovr)' failed and error score 0.0 has been returned instead. If this is a custom metric, this usually means that the error is in the metric code. Full exception below:
Traceback (most recent call last):
  File "C:\Users\PC\AppData\Roaming\Python\Python311\site-packages\pycaret\internal\metrics.py", line 188, in _score
    return super()._score(
           ^^^^^^^^^^^^^^^
  File "C:\Users\PC\AppData\Roaming\Python\Python311\site-packages\sklearn\metrics\_scorer.py", line 344, in _score
    response_method = _check_response_method(estimator, self._response_method)
                      ^^^^^^^^^^^^^^^^^^^^^^^^^^^^^^^^^^^^^^^^^^^^^^^^^^^^^^^^
  File "C:\Users\PC\AppData\Roaming\Python\Python311\site-packages\sklearn\utils\validation.py", line 2106, in _check_response_method
    raise AttributeError(
AttributeError: Pipeline has none of the following attributes: predict_proba.

  warnings.warn(

2026-06-19 23:17:25,689:WARNING:C:\Users\PC\AppData\Roaming\Python\Python311\site-packages\pycaret\internal\metrics.py:196: FitFailedWarning: Metric 'make_scorer(roc_auc_score, response_method='predict_proba', average=weighted, multi_class=ovr)' failed and error score 0.0 has been returned instead. If this is a custom metric, this usually means that the error is in the metric code. Full exception below:
Traceback (most recent call last):
  File "C:\Users\PC\AppData\Roaming\Python\Python311\site-packages\pycaret\internal\metrics.py", line 188, in _score
    return super()._score(
           ^^^^^^^^^^^^^^^
  File "C:\Users\PC\AppData\Roaming\Python\Python311\site-packages\sklearn\metrics\_scorer.py", line 344, in _score
    response_method = _check_response_method(estimator, self._response_method)
                      ^^^^^^^^^^^^^^^^^^^^^^^^^^^^^^^^^^^^^^^^^^^^^^^^^^^^^^^^
  File "C:\Users\PC\AppData\Roaming\Python\Python311\site-packages\sklearn\utils\validation.py", line 2106, in _check_response_method
    raise AttributeError(
AttributeError: Pipeline has none of the following attributes: predict_proba.

  warnings.warn(

2026-06-19 23:17:25,708:INFO:Calculating mean and std
2026-06-19 23:17:25,709:INFO:Creating metrics dataframe
2026-06-19 23:17:25,710:INFO:Uploading results into container
2026-06-19 23:17:25,711:INFO:Uploading model into container now
2026-06-19 23:17:25,711:INFO:_master_model_container: 5
2026-06-19 23:17:25,711:INFO:_display_container: 2
2026-06-19 23:17:25,711:INFO:SGDClassifier(alpha=0.0001, average=False, class_weight=None,
              early_stopping=False, epsilon=0.1, eta0=0.001, fit_intercept=True,
              l1_ratio=0.15, learning_rate='optimal', loss='hinge',
              max_iter=1000, n_iter_no_change=5, n_jobs=-1, penalty='l2',
              power_t=0.5, random_state=42, shuffle=True, tol=0.001,
              validation_fraction=0.1, verbose=0, warm_start=False)
2026-06-19 23:17:25,712:INFO:create_model() successfully completed......................................
2026-06-19 23:17:25,960:INFO:SubProcess create_model() end ==================================
2026-06-19 23:17:25,960:INFO:Creating metrics dataframe
2026-06-19 23:17:25,968:INFO:Initializing Ridge Classifier
2026-06-19 23:17:25,968:INFO:Total runtime is 1.2548083027203878 minutes
2026-06-19 23:17:25,970:INFO:SubProcess create_model() called ==================================
2026-06-19 23:17:25,970:INFO:Initializing create_model()
2026-06-19 23:17:25,970:INFO:create_model(self=<pycaret.classification.oop.ClassificationExperiment object at 0x000001EA0921DB50>, estimator=ridge, fold=StratifiedKFold(n_splits=10, random_state=None, shuffle=False), round=4, cross_validation=True, predict=True, fit_kwargs={}, groups=None, refit=False, probability_threshold=None, experiment_custom_tags=None, verbose=False, system=False, add_to_model_list=True, metrics=None, display=<pycaret.internal.display.display.CommonDisplay object at 0x000001EA09517E90>, model_only=True, return_train_score=False, error_score=0.0, kwargs={})
2026-06-19 23:17:25,970:INFO:Checking exceptions
2026-06-19 23:17:25,970:INFO:Importing libraries
2026-06-19 23:17:25,971:INFO:Copying training dataset
2026-06-19 23:17:26,178:INFO:Defining folds
2026-06-19 23:17:26,178:INFO:Declaring metric variables
2026-06-19 23:17:26,181:INFO:Importing untrained model
2026-06-19 23:17:26,184:INFO:Ridge Classifier Imported successfully
2026-06-19 23:17:26,189:INFO:Starting cross validation
2026-06-19 23:17:26,190:INFO:Cross validating with StratifiedKFold(n_splits=10, random_state=None, shuffle=False), n_jobs=-1
2026-06-19 23:17:26,636:WARNING:C:\Users\PC\AppData\Roaming\Python\Python311\site-packages\pycaret\internal\metrics.py:196: FitFailedWarning: Metric 'make_scorer(roc_auc_score, response_method='predict_proba', average=weighted, multi_class=ovr)' failed and error score 0.0 has been returned instead. If this is a custom metric, this usually means that the error is in the metric code. Full exception below:
Traceback (most recent call last):
  File "C:\Users\PC\AppData\Roaming\Python\Python311\site-packages\pycaret\internal\metrics.py", line 188, in _score
    return super()._score(
           ^^^^^^^^^^^^^^^
  File "C:\Users\PC\AppData\Roaming\Python\Python311\site-packages\sklearn\metrics\_scorer.py", line 344, in _score
    response_method = _check_response_method(estimator, self._response_method)
                      ^^^^^^^^^^^^^^^^^^^^^^^^^^^^^^^^^^^^^^^^^^^^^^^^^^^^^^^^
  File "C:\Users\PC\AppData\Roaming\Python\Python311\site-packages\sklearn\utils\validation.py", line 2106, in _check_response_method
    raise AttributeError(
AttributeError: Pipeline has none of the following attributes: predict_proba.

  warnings.warn(

2026-06-19 23:17:26,750:WARNING:C:\Users\PC\AppData\Roaming\Python\Python311\site-packages\pycaret\internal\metrics.py:196: FitFailedWarning: Metric 'make_scorer(roc_auc_score, response_method='predict_proba', average=weighted, multi_class=ovr)' failed and error score 0.0 has been returned instead. If this is a custom metric, this usually means that the error is in the metric code. Full exception below:
Traceback (most recent call last):
  File "C:\Users\PC\AppData\Roaming\Python\Python311\site-packages\pycaret\internal\metrics.py", line 188, in _score
    return super()._score(
           ^^^^^^^^^^^^^^^
  File "C:\Users\PC\AppData\Roaming\Python\Python311\site-packages\sklearn\metrics\_scorer.py", line 344, in _score
    response_method = _check_response_method(estimator, self._response_method)
                      ^^^^^^^^^^^^^^^^^^^^^^^^^^^^^^^^^^^^^^^^^^^^^^^^^^^^^^^^
  File "C:\Users\PC\AppData\Roaming\Python\Python311\site-packages\sklearn\utils\validation.py", line 2106, in _check_response_method
    raise AttributeError(
AttributeError: Pipeline has none of the following attributes: predict_proba.

  warnings.warn(

2026-06-19 23:17:26,862:WARNING:C:\Users\PC\AppData\Roaming\Python\Python311\site-packages\pycaret\internal\metrics.py:196: FitFailedWarning: Metric 'make_scorer(roc_auc_score, response_method='predict_proba', average=weighted, multi_class=ovr)' failed and error score 0.0 has been returned instead. If this is a custom metric, this usually means that the error is in the metric code. Full exception below:
Traceback (most recent call last):
  File "C:\Users\PC\AppData\Roaming\Python\Python311\site-packages\pycaret\internal\metrics.py", line 188, in _score
    return super()._score(
           ^^^^^^^^^^^^^^^
  File "C:\Users\PC\AppData\Roaming\Python\Python311\site-packages\sklearn\metrics\_scorer.py", line 344, in _score
    response_method = _check_response_method(estimator, self._response_method)
                      ^^^^^^^^^^^^^^^^^^^^^^^^^^^^^^^^^^^^^^^^^^^^^^^^^^^^^^^^
  File "C:\Users\PC\AppData\Roaming\Python\Python311\site-packages\sklearn\utils\validation.py", line 2106, in _check_response_method
    raise AttributeError(
AttributeError: Pipeline has none of the following attributes: predict_proba.

  warnings.warn(

2026-06-19 23:17:27,099:WARNING:C:\Users\PC\AppData\Roaming\Python\Python311\site-packages\pycaret\internal\metrics.py:196: FitFailedWarning: Metric 'make_scorer(roc_auc_score, response_method='predict_proba', average=weighted, multi_class=ovr)' failed and error score 0.0 has been returned instead. If this is a custom metric, this usually means that the error is in the metric code. Full exception below:
Traceback (most recent call last):
  File "C:\Users\PC\AppData\Roaming\Python\Python311\site-packages\pycaret\internal\metrics.py", line 188, in _score
    return super()._score(
           ^^^^^^^^^^^^^^^
  File "C:\Users\PC\AppData\Roaming\Python\Python311\site-packages\sklearn\metrics\_scorer.py", line 344, in _score
    response_method = _check_response_method(estimator, self._response_method)
                      ^^^^^^^^^^^^^^^^^^^^^^^^^^^^^^^^^^^^^^^^^^^^^^^^^^^^^^^^
  File "C:\Users\PC\AppData\Roaming\Python\Python311\site-packages\sklearn\utils\validation.py", line 2106, in _check_response_method
    raise AttributeError(
AttributeError: Pipeline has none of the following attributes: predict_proba.

  warnings.warn(

2026-06-19 23:17:27,242:WARNING:C:\Users\PC\AppData\Roaming\Python\Python311\site-packages\pycaret\internal\metrics.py:196: FitFailedWarning: Metric 'make_scorer(roc_auc_score, response_method='predict_proba', average=weighted, multi_class=ovr)' failed and error score 0.0 has been returned instead. If this is a custom metric, this usually means that the error is in the metric code. Full exception below:
Traceback (most recent call last):
  File "C:\Users\PC\AppData\Roaming\Python\Python311\site-packages\pycaret\internal\metrics.py", line 188, in _score
    return super()._score(
           ^^^^^^^^^^^^^^^
  File "C:\Users\PC\AppData\Roaming\Python\Python311\site-packages\sklearn\metrics\_scorer.py", line 344, in _score
    response_method = _check_response_method(estimator, self._response_method)
                      ^^^^^^^^^^^^^^^^^^^^^^^^^^^^^^^^^^^^^^^^^^^^^^^^^^^^^^^^
  File "C:\Users\PC\AppData\Roaming\Python\Python311\site-packages\sklearn\utils\validation.py", line 2106, in _check_response_method
    raise AttributeError(
AttributeError: Pipeline has none of the following attributes: predict_proba.

  warnings.warn(

2026-06-19 23:17:27,422:WARNING:C:\Users\PC\AppData\Roaming\Python\Python311\site-packages\pycaret\internal\metrics.py:196: FitFailedWarning: Metric 'make_scorer(roc_auc_score, response_method='predict_proba', average=weighted, multi_class=ovr)' failed and error score 0.0 has been returned instead. If this is a custom metric, this usually means that the error is in the metric code. Full exception below:
Traceback (most recent call last):
  File "C:\Users\PC\AppData\Roaming\Python\Python311\site-packages\pycaret\internal\metrics.py", line 188, in _score
    return super()._score(
           ^^^^^^^^^^^^^^^
  File "C:\Users\PC\AppData\Roaming\Python\Python311\site-packages\sklearn\metrics\_scorer.py", line 344, in _score
    response_method = _check_response_method(estimator, self._response_method)
                      ^^^^^^^^^^^^^^^^^^^^^^^^^^^^^^^^^^^^^^^^^^^^^^^^^^^^^^^^
  File "C:\Users\PC\AppData\Roaming\Python\Python311\site-packages\sklearn\utils\validation.py", line 2106, in _check_response_method
    raise AttributeError(
AttributeError: Pipeline has none of the following attributes: predict_proba.

  warnings.warn(

2026-06-19 23:17:27,562:WARNING:C:\Users\PC\AppData\Roaming\Python\Python311\site-packages\pycaret\internal\metrics.py:196: FitFailedWarning: Metric 'make_scorer(roc_auc_score, response_method='predict_proba', average=weighted, multi_class=ovr)' failed and error score 0.0 has been returned instead. If this is a custom metric, this usually means that the error is in the metric code. Full exception below:
Traceback (most recent call last):
  File "C:\Users\PC\AppData\Roaming\Python\Python311\site-packages\pycaret\internal\metrics.py", line 188, in _score
    return super()._score(
           ^^^^^^^^^^^^^^^
  File "C:\Users\PC\AppData\Roaming\Python\Python311\site-packages\sklearn\metrics\_scorer.py", line 344, in _score
    response_method = _check_response_method(estimator, self._response_method)
                      ^^^^^^^^^^^^^^^^^^^^^^^^^^^^^^^^^^^^^^^^^^^^^^^^^^^^^^^^
  File "C:\Users\PC\AppData\Roaming\Python\Python311\site-packages\sklearn\utils\validation.py", line 2106, in _check_response_method
    raise AttributeError(
AttributeError: Pipeline has none of the following attributes: predict_proba.

  warnings.warn(

2026-06-19 23:17:27,709:WARNING:C:\Users\PC\AppData\Roaming\Python\Python311\site-packages\pycaret\internal\metrics.py:196: FitFailedWarning: Metric 'make_scorer(roc_auc_score, response_method='predict_proba', average=weighted, multi_class=ovr)' failed and error score 0.0 has been returned instead. If this is a custom metric, this usually means that the error is in the metric code. Full exception below:
Traceback (most recent call last):
  File "C:\Users\PC\AppData\Roaming\Python\Python311\site-packages\pycaret\internal\metrics.py", line 188, in _score
    return super()._score(
           ^^^^^^^^^^^^^^^
  File "C:\Users\PC\AppData\Roaming\Python\Python311\site-packages\sklearn\metrics\_scorer.py", line 344, in _score
    response_method = _check_response_method(estimator, self._response_method)
                      ^^^^^^^^^^^^^^^^^^^^^^^^^^^^^^^^^^^^^^^^^^^^^^^^^^^^^^^^
  File "C:\Users\PC\AppData\Roaming\Python\Python311\site-packages\sklearn\utils\validation.py", line 2106, in _check_response_method
    raise AttributeError(
AttributeError: Pipeline has none of the following attributes: predict_proba.

  warnings.warn(

2026-06-19 23:17:27,774:WARNING:C:\Users\PC\AppData\Roaming\Python\Python311\site-packages\pycaret\internal\metrics.py:196: FitFailedWarning: Metric 'make_scorer(roc_auc_score, response_method='predict_proba', average=weighted, multi_class=ovr)' failed and error score 0.0 has been returned instead. If this is a custom metric, this usually means that the error is in the metric code. Full exception below:
Traceback (most recent call last):
  File "C:\Users\PC\AppData\Roaming\Python\Python311\site-packages\pycaret\internal\metrics.py", line 188, in _score
    return super()._score(
           ^^^^^^^^^^^^^^^
  File "C:\Users\PC\AppData\Roaming\Python\Python311\site-packages\sklearn\metrics\_scorer.py", line 344, in _score
    response_method = _check_response_method(estimator, self._response_method)
                      ^^^^^^^^^^^^^^^^^^^^^^^^^^^^^^^^^^^^^^^^^^^^^^^^^^^^^^^^
  File "C:\Users\PC\AppData\Roaming\Python\Python311\site-packages\sklearn\utils\validation.py", line 2106, in _check_response_method
    raise AttributeError(
AttributeError: Pipeline has none of the following attributes: predict_proba.

  warnings.warn(

2026-06-19 23:17:27,848:WARNING:C:\Users\PC\AppData\Roaming\Python\Python311\site-packages\pycaret\internal\metrics.py:196: FitFailedWarning: Metric 'make_scorer(roc_auc_score, response_method='predict_proba', average=weighted, multi_class=ovr)' failed and error score 0.0 has been returned instead. If this is a custom metric, this usually means that the error is in the metric code. Full exception below:
Traceback (most recent call last):
  File "C:\Users\PC\AppData\Roaming\Python\Python311\site-packages\pycaret\internal\metrics.py", line 188, in _score
    return super()._score(
           ^^^^^^^^^^^^^^^
  File "C:\Users\PC\AppData\Roaming\Python\Python311\site-packages\sklearn\metrics\_scorer.py", line 344, in _score
    response_method = _check_response_method(estimator, self._response_method)
                      ^^^^^^^^^^^^^^^^^^^^^^^^^^^^^^^^^^^^^^^^^^^^^^^^^^^^^^^^
  File "C:\Users\PC\AppData\Roaming\Python\Python311\site-packages\sklearn\utils\validation.py", line 2106, in _check_response_method
    raise AttributeError(
AttributeError: Pipeline has none of the following attributes: predict_proba.

  warnings.warn(

2026-06-19 23:17:27,865:INFO:Calculating mean and std
2026-06-19 23:17:27,866:INFO:Creating metrics dataframe
2026-06-19 23:17:27,867:INFO:Uploading results into container
2026-06-19 23:17:27,868:INFO:Uploading model into container now
2026-06-19 23:17:27,868:INFO:_master_model_container: 6
2026-06-19 23:17:27,868:INFO:_display_container: 2
2026-06-19 23:17:27,868:INFO:RidgeClassifier(alpha=1.0, class_weight=None, copy_X=True, fit_intercept=True,
                max_iter=None, positive=False, random_state=42, solver='auto',
                tol=0.0001)
2026-06-19 23:17:27,868:INFO:create_model() successfully completed......................................
2026-06-19 23:17:28,128:INFO:SubProcess create_model() end ==================================
2026-06-19 23:17:28,129:INFO:Creating metrics dataframe
2026-06-19 23:17:28,135:INFO:Initializing Random Forest Classifier
2026-06-19 23:17:28,135:INFO:Total runtime is 1.2909333189328511 minutes
2026-06-19 23:17:28,138:INFO:SubProcess create_model() called ==================================
2026-06-19 23:17:28,138:INFO:Initializing create_model()
2026-06-19 23:17:28,138:INFO:create_model(self=<pycaret.classification.oop.ClassificationExperiment object at 0x000001EA0921DB50>, estimator=rf, fold=StratifiedKFold(n_splits=10, random_state=None, shuffle=False), round=4, cross_validation=True, predict=True, fit_kwargs={}, groups=None, refit=False, probability_threshold=None, experiment_custom_tags=None, verbose=False, system=False, add_to_model_list=True, metrics=None, display=<pycaret.internal.display.display.CommonDisplay object at 0x000001EA09517E90>, model_only=True, return_train_score=False, error_score=0.0, kwargs={})
2026-06-19 23:17:28,138:INFO:Checking exceptions
2026-06-19 23:17:28,139:INFO:Importing libraries
2026-06-19 23:17:28,139:INFO:Copying training dataset
2026-06-19 23:17:28,371:INFO:Defining folds
2026-06-19 23:17:28,371:INFO:Declaring metric variables
2026-06-19 23:17:28,373:INFO:Importing untrained model
2026-06-19 23:17:28,376:INFO:Random Forest Classifier Imported successfully
2026-06-19 23:17:28,382:INFO:Starting cross validation
2026-06-19 23:17:28,383:INFO:Cross validating with StratifiedKFold(n_splits=10, random_state=None, shuffle=False), n_jobs=-1
2026-06-19 23:18:18,044:INFO:Calculating mean and std
2026-06-19 23:18:18,045:INFO:Creating metrics dataframe
2026-06-19 23:18:18,047:INFO:Uploading results into container
2026-06-19 23:18:18,047:INFO:Uploading model into container now
2026-06-19 23:18:18,048:INFO:_master_model_container: 7
2026-06-19 23:18:18,048:INFO:_display_container: 2
2026-06-19 23:18:18,049:INFO:RandomForestClassifier(bootstrap=True, ccp_alpha=0.0, class_weight=None,
                       criterion='gini', max_depth=None, max_features='sqrt',
                       max_leaf_nodes=None, max_samples=None,
                       min_impurity_decrease=0.0, min_samples_leaf=1,
                       min_samples_split=2, min_weight_fraction_leaf=0.0,
                       monotonic_cst=None, n_estimators=100, n_jobs=-1,
                       oob_score=False, random_state=42, verbose=0,
                       warm_start=False)
2026-06-19 23:18:18,049:INFO:create_model() successfully completed......................................
2026-06-19 23:18:18,393:INFO:SubProcess create_model() end ==================================
2026-06-19 23:18:18,393:INFO:Creating metrics dataframe
2026-06-19 23:18:18,400:INFO:Initializing Quadratic Discriminant Analysis
2026-06-19 23:18:18,400:INFO:Total runtime is 2.128683304786682 minutes
2026-06-19 23:18:18,403:INFO:SubProcess create_model() called ==================================
2026-06-19 23:18:18,404:INFO:Initializing create_model()
2026-06-19 23:18:18,404:INFO:create_model(self=<pycaret.classification.oop.ClassificationExperiment object at 0x000001EA0921DB50>, estimator=qda, fold=StratifiedKFold(n_splits=10, random_state=None, shuffle=False), round=4, cross_validation=True, predict=True, fit_kwargs={}, groups=None, refit=False, probability_threshold=None, experiment_custom_tags=None, verbose=False, system=False, add_to_model_list=True, metrics=None, display=<pycaret.internal.display.display.CommonDisplay object at 0x000001EA09517E90>, model_only=True, return_train_score=False, error_score=0.0, kwargs={})
2026-06-19 23:18:18,404:INFO:Checking exceptions
2026-06-19 23:18:18,404:INFO:Importing libraries
2026-06-19 23:18:18,404:INFO:Copying training dataset
2026-06-19 23:18:18,638:INFO:Defining folds
2026-06-19 23:18:18,638:INFO:Declaring metric variables
2026-06-19 23:18:18,641:INFO:Importing untrained model
2026-06-19 23:18:18,644:INFO:Quadratic Discriminant Analysis Imported successfully
2026-06-19 23:18:18,649:INFO:Starting cross validation
2026-06-19 23:18:18,650:INFO:Cross validating with StratifiedKFold(n_splits=10, random_state=None, shuffle=False), n_jobs=-1
2026-06-19 23:18:40,778:INFO:Calculating mean and std
2026-06-19 23:18:40,779:INFO:Creating metrics dataframe
2026-06-19 23:18:40,781:INFO:Uploading results into container
2026-06-19 23:18:40,781:INFO:Uploading model into container now
2026-06-19 23:18:40,782:INFO:_master_model_container: 8
2026-06-19 23:18:40,782:INFO:_display_container: 2
2026-06-19 23:18:40,782:INFO:QuadraticDiscriminantAnalysis(priors=None, reg_param=0.0,
                              store_covariance=False, tol=0.0001)
2026-06-19 23:18:40,783:INFO:create_model() successfully completed......................................
2026-06-19 23:18:41,045:INFO:SubProcess create_model() end ==================================
2026-06-19 23:18:41,045:INFO:Creating metrics dataframe
2026-06-19 23:18:41,053:INFO:Initializing Ada Boost Classifier
2026-06-19 23:18:41,053:INFO:Total runtime is 2.5062249700228376 minutes
2026-06-19 23:18:41,056:INFO:SubProcess create_model() called ==================================
2026-06-19 23:18:41,056:INFO:Initializing create_model()
2026-06-19 23:18:41,056:INFO:create_model(self=<pycaret.classification.oop.ClassificationExperiment object at 0x000001EA0921DB50>, estimator=ada, fold=StratifiedKFold(n_splits=10, random_state=None, shuffle=False), round=4, cross_validation=True, predict=True, fit_kwargs={}, groups=None, refit=False, probability_threshold=None, experiment_custom_tags=None, verbose=False, system=False, add_to_model_list=True, metrics=None, display=<pycaret.internal.display.display.CommonDisplay object at 0x000001EA09517E90>, model_only=True, return_train_score=False, error_score=0.0, kwargs={})
2026-06-19 23:18:41,056:INFO:Checking exceptions
2026-06-19 23:18:41,056:INFO:Importing libraries
2026-06-19 23:18:41,056:INFO:Copying training dataset
2026-06-19 23:18:41,280:INFO:Defining folds
2026-06-19 23:18:41,280:INFO:Declaring metric variables
2026-06-19 23:18:41,283:INFO:Importing untrained model
2026-06-19 23:18:41,287:INFO:Ada Boost Classifier Imported successfully
2026-06-19 23:18:41,291:INFO:Starting cross validation
2026-06-19 23:18:41,292:INFO:Cross validating with StratifiedKFold(n_splits=10, random_state=None, shuffle=False), n_jobs=-1
2026-06-19 23:18:41,486:WARNING:C:\Users\PC\AppData\Roaming\Python\Python311\site-packages\sklearn\ensemble\_weight_boosting.py:519: FutureWarning: The SAMME.R algorithm (the default) is deprecated and will be removed in 1.6. Use the SAMME algorithm to circumvent this warning.
  warnings.warn(

2026-06-19 23:18:41,549:WARNING:C:\Users\PC\AppData\Roaming\Python\Python311\site-packages\sklearn\ensemble\_weight_boosting.py:519: FutureWarning: The SAMME.R algorithm (the default) is deprecated and will be removed in 1.6. Use the SAMME algorithm to circumvent this warning.
  warnings.warn(

2026-06-19 23:18:41,634:WARNING:C:\Users\PC\AppData\Roaming\Python\Python311\site-packages\sklearn\ensemble\_weight_boosting.py:519: FutureWarning: The SAMME.R algorithm (the default) is deprecated and will be removed in 1.6. Use the SAMME algorithm to circumvent this warning.
  warnings.warn(

2026-06-19 23:18:41,712:WARNING:C:\Users\PC\AppData\Roaming\Python\Python311\site-packages\sklearn\ensemble\_weight_boosting.py:519: FutureWarning: The SAMME.R algorithm (the default) is deprecated and will be removed in 1.6. Use the SAMME algorithm to circumvent this warning.
  warnings.warn(

2026-06-19 23:18:41,812:WARNING:C:\Users\PC\AppData\Roaming\Python\Python311\site-packages\sklearn\ensemble\_weight_boosting.py:519: FutureWarning: The SAMME.R algorithm (the default) is deprecated and will be removed in 1.6. Use the SAMME algorithm to circumvent this warning.
  warnings.warn(

2026-06-19 23:18:41,935:WARNING:C:\Users\PC\AppData\Roaming\Python\Python311\site-packages\sklearn\ensemble\_weight_boosting.py:519: FutureWarning: The SAMME.R algorithm (the default) is deprecated and will be removed in 1.6. Use the SAMME algorithm to circumvent this warning.
  warnings.warn(

2026-06-19 23:18:42,089:WARNING:C:\Users\PC\AppData\Roaming\Python\Python311\site-packages\sklearn\ensemble\_weight_boosting.py:519: FutureWarning: The SAMME.R algorithm (the default) is deprecated and will be removed in 1.6. Use the SAMME algorithm to circumvent this warning.
  warnings.warn(

2026-06-19 23:18:42,247:WARNING:C:\Users\PC\AppData\Roaming\Python\Python311\site-packages\sklearn\ensemble\_weight_boosting.py:519: FutureWarning: The SAMME.R algorithm (the default) is deprecated and will be removed in 1.6. Use the SAMME algorithm to circumvent this warning.
  warnings.warn(

2026-06-19 23:18:42,386:WARNING:C:\Users\PC\AppData\Roaming\Python\Python311\site-packages\sklearn\ensemble\_weight_boosting.py:519: FutureWarning: The SAMME.R algorithm (the default) is deprecated and will be removed in 1.6. Use the SAMME algorithm to circumvent this warning.
  warnings.warn(

2026-06-19 23:18:42,518:WARNING:C:\Users\PC\AppData\Roaming\Python\Python311\site-packages\sklearn\ensemble\_weight_boosting.py:519: FutureWarning: The SAMME.R algorithm (the default) is deprecated and will be removed in 1.6. Use the SAMME algorithm to circumvent this warning.
  warnings.warn(

2026-06-19 23:18:54,751:INFO:Calculating mean and std
2026-06-19 23:18:54,752:INFO:Creating metrics dataframe
2026-06-19 23:18:54,754:INFO:Uploading results into container
2026-06-19 23:18:54,754:INFO:Uploading model into container now
2026-06-19 23:18:54,754:INFO:_master_model_container: 9
2026-06-19 23:18:54,754:INFO:_display_container: 2
2026-06-19 23:18:54,755:INFO:AdaBoostClassifier(algorithm='SAMME.R', estimator=None, learning_rate=1.0,
                   n_estimators=50, random_state=42)
2026-06-19 23:18:54,755:INFO:create_model() successfully completed......................................
2026-06-19 23:18:55,019:INFO:SubProcess create_model() end ==================================
2026-06-19 23:18:55,019:INFO:Creating metrics dataframe
2026-06-19 23:18:55,026:INFO:Initializing Gradient Boosting Classifier
2026-06-19 23:18:55,027:INFO:Total runtime is 2.7391249895095826 minutes
2026-06-19 23:18:55,029:INFO:SubProcess create_model() called ==================================
2026-06-19 23:18:55,030:INFO:Initializing create_model()
2026-06-19 23:18:55,030:INFO:create_model(self=<pycaret.classification.oop.ClassificationExperiment object at 0x000001EA0921DB50>, estimator=gbc, fold=StratifiedKFold(n_splits=10, random_state=None, shuffle=False), round=4, cross_validation=True, predict=True, fit_kwargs={}, groups=None, refit=False, probability_threshold=None, experiment_custom_tags=None, verbose=False, system=False, add_to_model_list=True, metrics=None, display=<pycaret.internal.display.display.CommonDisplay object at 0x000001EA09517E90>, model_only=True, return_train_score=False, error_score=0.0, kwargs={})
2026-06-19 23:18:55,030:INFO:Checking exceptions
2026-06-19 23:18:55,030:INFO:Importing libraries
2026-06-19 23:18:55,030:INFO:Copying training dataset
2026-06-19 23:18:55,249:INFO:Defining folds
2026-06-19 23:18:55,249:INFO:Declaring metric variables
2026-06-19 23:18:55,254:INFO:Importing untrained model
2026-06-19 23:18:55,257:INFO:Gradient Boosting Classifier Imported successfully
2026-06-19 23:18:55,261:INFO:Starting cross validation
2026-06-19 23:18:55,262:INFO:Cross validating with StratifiedKFold(n_splits=10, random_state=None, shuffle=False), n_jobs=-1
2026-06-19 23:19:52,623:INFO:Calculating mean and std
2026-06-19 23:19:52,624:INFO:Creating metrics dataframe
2026-06-19 23:19:52,626:INFO:Uploading results into container
2026-06-19 23:19:52,626:INFO:Uploading model into container now
2026-06-19 23:19:52,626:INFO:_master_model_container: 10
2026-06-19 23:19:52,626:INFO:_display_container: 2
2026-06-19 23:19:52,627:INFO:GradientBoostingClassifier(ccp_alpha=0.0, criterion='friedman_mse', init=None,
                           learning_rate=0.1, loss='log_loss', max_depth=3,
                           max_features=None, max_leaf_nodes=None,
                           min_impurity_decrease=0.0, min_samples_leaf=1,
                           min_samples_split=2, min_weight_fraction_leaf=0.0,
                           n_estimators=100, n_iter_no_change=None,
                           random_state=42, subsample=1.0, tol=0.0001,
                           validation_fraction=0.1, verbose=0,
                           warm_start=False)
2026-06-19 23:19:52,627:INFO:create_model() successfully completed......................................
2026-06-19 23:19:52,876:INFO:SubProcess create_model() end ==================================
2026-06-19 23:19:52,876:INFO:Creating metrics dataframe
2026-06-19 23:19:52,883:INFO:Initializing Linear Discriminant Analysis
2026-06-19 23:19:52,883:INFO:Total runtime is 3.7033916513125105 minutes
2026-06-19 23:19:52,885:INFO:SubProcess create_model() called ==================================
2026-06-19 23:19:52,886:INFO:Initializing create_model()
2026-06-19 23:19:52,886:INFO:create_model(self=<pycaret.classification.oop.ClassificationExperiment object at 0x000001EA0921DB50>, estimator=lda, fold=StratifiedKFold(n_splits=10, random_state=None, shuffle=False), round=4, cross_validation=True, predict=True, fit_kwargs={}, groups=None, refit=False, probability_threshold=None, experiment_custom_tags=None, verbose=False, system=False, add_to_model_list=True, metrics=None, display=<pycaret.internal.display.display.CommonDisplay object at 0x000001EA09517E90>, model_only=True, return_train_score=False, error_score=0.0, kwargs={})
2026-06-19 23:19:52,886:INFO:Checking exceptions
2026-06-19 23:19:52,886:INFO:Importing libraries
2026-06-19 23:19:52,886:INFO:Copying training dataset
2026-06-19 23:19:53,100:INFO:Defining folds
2026-06-19 23:19:53,100:INFO:Declaring metric variables
2026-06-19 23:19:53,103:INFO:Importing untrained model
2026-06-19 23:19:53,106:INFO:Linear Discriminant Analysis Imported successfully
2026-06-19 23:19:53,111:INFO:Starting cross validation
2026-06-19 23:19:53,112:INFO:Cross validating with StratifiedKFold(n_splits=10, random_state=None, shuffle=False), n_jobs=-1
2026-06-19 23:20:04,352:INFO:Calculating mean and std
2026-06-19 23:20:04,353:INFO:Creating metrics dataframe
2026-06-19 23:20:04,357:INFO:Uploading results into container
2026-06-19 23:20:04,358:INFO:Uploading model into container now
2026-06-19 23:20:04,358:INFO:_master_model_container: 11
2026-06-19 23:20:04,358:INFO:_display_container: 2
2026-06-19 23:20:04,359:INFO:LinearDiscriminantAnalysis(covariance_estimator=None, n_components=None,
                           priors=None, shrinkage=None, solver='svd',
                           store_covariance=False, tol=0.0001)
2026-06-19 23:20:04,359:INFO:create_model() successfully completed......................................
2026-06-19 23:20:04,607:INFO:SubProcess create_model() end ==================================
2026-06-19 23:20:04,607:INFO:Creating metrics dataframe
2026-06-19 23:20:04,614:INFO:Initializing Extra Trees Classifier
2026-06-19 23:20:04,614:INFO:Total runtime is 3.8989166378974915 minutes
2026-06-19 23:20:04,617:INFO:SubProcess create_model() called ==================================
2026-06-19 23:20:04,617:INFO:Initializing create_model()
2026-06-19 23:20:04,617:INFO:create_model(self=<pycaret.classification.oop.ClassificationExperiment object at 0x000001EA0921DB50>, estimator=et, fold=StratifiedKFold(n_splits=10, random_state=None, shuffle=False), round=4, cross_validation=True, predict=True, fit_kwargs={}, groups=None, refit=False, probability_threshold=None, experiment_custom_tags=None, verbose=False, system=False, add_to_model_list=True, metrics=None, display=<pycaret.internal.display.display.CommonDisplay object at 0x000001EA09517E90>, model_only=True, return_train_score=False, error_score=0.0, kwargs={})
2026-06-19 23:20:04,617:INFO:Checking exceptions
2026-06-19 23:20:04,617:INFO:Importing libraries
2026-06-19 23:20:04,617:INFO:Copying training dataset
2026-06-19 23:20:04,827:INFO:Defining folds
2026-06-19 23:20:04,827:INFO:Declaring metric variables
2026-06-19 23:20:04,830:INFO:Importing untrained model
2026-06-19 23:20:04,832:INFO:Extra Trees Classifier Imported successfully
2026-06-19 23:20:04,837:INFO:Starting cross validation
2026-06-19 23:20:04,838:INFO:Cross validating with StratifiedKFold(n_splits=10, random_state=None, shuffle=False), n_jobs=-1
2026-06-19 23:21:23,553:INFO:Calculating mean and std
2026-06-19 23:21:23,555:INFO:Creating metrics dataframe
2026-06-19 23:21:23,556:INFO:Uploading results into container
2026-06-19 23:21:23,557:INFO:Uploading model into container now
2026-06-19 23:21:23,557:INFO:_master_model_container: 12
2026-06-19 23:21:23,557:INFO:_display_container: 2
2026-06-19 23:21:23,558:INFO:ExtraTreesClassifier(bootstrap=False, ccp_alpha=0.0, class_weight=None,
                     criterion='gini', max_depth=None, max_features='sqrt',
                     max_leaf_nodes=None, max_samples=None,
                     min_impurity_decrease=0.0, min_samples_leaf=1,
                     min_samples_split=2, min_weight_fraction_leaf=0.0,
                     monotonic_cst=None, n_estimators=100, n_jobs=-1,
                     oob_score=False, random_state=42, verbose=0,
                     warm_start=False)
2026-06-19 23:21:23,558:INFO:create_model() successfully completed......................................
2026-06-19 23:21:23,883:INFO:SubProcess create_model() end ==================================
2026-06-19 23:21:23,883:INFO:Creating metrics dataframe
2026-06-19 23:21:23,890:INFO:Initializing Light Gradient Boosting Machine
2026-06-19 23:21:23,890:INFO:Total runtime is 5.220183312892914 minutes
2026-06-19 23:21:23,893:INFO:SubProcess create_model() called ==================================
2026-06-19 23:21:23,893:INFO:Initializing create_model()
2026-06-19 23:21:23,893:INFO:create_model(self=<pycaret.classification.oop.ClassificationExperiment object at 0x000001EA0921DB50>, estimator=lightgbm, fold=StratifiedKFold(n_splits=10, random_state=None, shuffle=False), round=4, cross_validation=True, predict=True, fit_kwargs={}, groups=None, refit=False, probability_threshold=None, experiment_custom_tags=None, verbose=False, system=False, add_to_model_list=True, metrics=None, display=<pycaret.internal.display.display.CommonDisplay object at 0x000001EA09517E90>, model_only=True, return_train_score=False, error_score=0.0, kwargs={})
2026-06-19 23:21:23,893:INFO:Checking exceptions
2026-06-19 23:21:23,893:INFO:Importing libraries
2026-06-19 23:21:23,893:INFO:Copying training dataset
2026-06-19 23:21:24,115:INFO:Defining folds
2026-06-19 23:21:24,115:INFO:Declaring metric variables
2026-06-19 23:21:24,118:INFO:Importing untrained model
2026-06-19 23:21:24,121:INFO:Light Gradient Boosting Machine Imported successfully
2026-06-19 23:21:24,125:INFO:Starting cross validation
2026-06-19 23:21:24,125:INFO:Cross validating with StratifiedKFold(n_splits=10, random_state=None, shuffle=False), n_jobs=-1
2026-06-19 23:21:30,577:INFO:Calculating mean and std
2026-06-19 23:21:30,578:INFO:Creating metrics dataframe
2026-06-19 23:21:30,581:INFO:Uploading results into container
2026-06-19 23:21:30,581:INFO:Uploading model into container now
2026-06-19 23:21:30,581:INFO:_master_model_container: 13
2026-06-19 23:21:30,582:INFO:_display_container: 2
2026-06-19 23:21:30,583:INFO:LGBMClassifier(boosting_type='gbdt', class_weight=None, colsample_bytree=1.0,
               importance_type='split', learning_rate=0.1, max_depth=-1,
               min_child_samples=20, min_child_weight=0.001, min_split_gain=0.0,
               n_estimators=100, n_jobs=-1, num_leaves=31, objective=None,
               random_state=42, reg_alpha=0.0, reg_lambda=0.0, subsample=1.0,
               subsample_for_bin=200000, subsample_freq=0)
2026-06-19 23:21:30,583:INFO:create_model() successfully completed......................................
2026-06-19 23:21:31,028:INFO:SubProcess create_model() end ==================================
2026-06-19 23:21:31,028:INFO:Creating metrics dataframe
2026-06-19 23:21:31,035:INFO:Initializing Dummy Classifier
2026-06-19 23:21:31,035:INFO:Total runtime is 5.339266649881998 minutes
2026-06-19 23:21:31,038:INFO:SubProcess create_model() called ==================================
2026-06-19 23:21:31,038:INFO:Initializing create_model()
2026-06-19 23:21:31,038:INFO:create_model(self=<pycaret.classification.oop.ClassificationExperiment object at 0x000001EA0921DB50>, estimator=dummy, fold=StratifiedKFold(n_splits=10, random_state=None, shuffle=False), round=4, cross_validation=True, predict=True, fit_kwargs={}, groups=None, refit=False, probability_threshold=None, experiment_custom_tags=None, verbose=False, system=False, add_to_model_list=True, metrics=None, display=<pycaret.internal.display.display.CommonDisplay object at 0x000001EA09517E90>, model_only=True, return_train_score=False, error_score=0.0, kwargs={})
2026-06-19 23:21:31,038:INFO:Checking exceptions
2026-06-19 23:21:31,038:INFO:Importing libraries
2026-06-19 23:21:31,038:INFO:Copying training dataset
2026-06-19 23:21:31,257:INFO:Defining folds
2026-06-19 23:21:31,257:INFO:Declaring metric variables
2026-06-19 23:21:31,260:INFO:Importing untrained model
2026-06-19 23:21:31,263:INFO:Dummy Classifier Imported successfully
2026-06-19 23:21:31,267:INFO:Starting cross validation
2026-06-19 23:21:31,268:INFO:Cross validating with StratifiedKFold(n_splits=10, random_state=None, shuffle=False), n_jobs=-1
2026-06-19 23:21:31,395:WARNING:C:\Users\PC\AppData\Roaming\Python\Python311\site-packages\sklearn\metrics\_classification.py:1509: UndefinedMetricWarning: Precision is ill-defined and being set to 0.0 due to no predicted samples. Use `zero_division` parameter to control this behavior.
  _warn_prf(average, modifier, f"{metric.capitalize()} is", len(result))

2026-06-19 23:21:31,448:WARNING:C:\Users\PC\AppData\Roaming\Python\Python311\site-packages\sklearn\metrics\_classification.py:1509: UndefinedMetricWarning: Precision is ill-defined and being set to 0.0 due to no predicted samples. Use `zero_division` parameter to control this behavior.
  _warn_prf(average, modifier, f"{metric.capitalize()} is", len(result))

2026-06-19 23:21:31,511:WARNING:C:\Users\PC\AppData\Roaming\Python\Python311\site-packages\sklearn\metrics\_classification.py:1509: UndefinedMetricWarning: Precision is ill-defined and being set to 0.0 due to no predicted samples. Use `zero_division` parameter to control this behavior.
  _warn_prf(average, modifier, f"{metric.capitalize()} is", len(result))

2026-06-19 23:21:31,566:WARNING:C:\Users\PC\AppData\Roaming\Python\Python311\site-packages\sklearn\metrics\_classification.py:1509: UndefinedMetricWarning: Precision is ill-defined and being set to 0.0 due to no predicted samples. Use `zero_division` parameter to control this behavior.
  _warn_prf(average, modifier, f"{metric.capitalize()} is", len(result))

2026-06-19 23:21:31,621:WARNING:C:\Users\PC\AppData\Roaming\Python\Python311\site-packages\sklearn\metrics\_classification.py:1509: UndefinedMetricWarning: Precision is ill-defined and being set to 0.0 due to no predicted samples. Use `zero_division` parameter to control this behavior.
  _warn_prf(average, modifier, f"{metric.capitalize()} is", len(result))

2026-06-19 23:21:31,675:WARNING:C:\Users\PC\AppData\Roaming\Python\Python311\site-packages\sklearn\metrics\_classification.py:1509: UndefinedMetricWarning: Precision is ill-defined and being set to 0.0 due to no predicted samples. Use `zero_division` parameter to control this behavior.
  _warn_prf(average, modifier, f"{metric.capitalize()} is", len(result))

2026-06-19 23:21:31,728:WARNING:C:\Users\PC\AppData\Roaming\Python\Python311\site-packages\sklearn\metrics\_classification.py:1509: UndefinedMetricWarning: Precision is ill-defined and being set to 0.0 due to no predicted samples. Use `zero_division` parameter to control this behavior.
  _warn_prf(average, modifier, f"{metric.capitalize()} is", len(result))

2026-06-19 23:21:31,783:WARNING:C:\Users\PC\AppData\Roaming\Python\Python311\site-packages\sklearn\metrics\_classification.py:1509: UndefinedMetricWarning: Precision is ill-defined and being set to 0.0 due to no predicted samples. Use `zero_division` parameter to control this behavior.
  _warn_prf(average, modifier, f"{metric.capitalize()} is", len(result))

2026-06-19 23:21:31,833:WARNING:C:\Users\PC\AppData\Roaming\Python\Python311\site-packages\sklearn\metrics\_classification.py:1509: UndefinedMetricWarning: Precision is ill-defined and being set to 0.0 due to no predicted samples. Use `zero_division` parameter to control this behavior.
  _warn_prf(average, modifier, f"{metric.capitalize()} is", len(result))

2026-06-19 23:21:31,880:WARNING:C:\Users\PC\AppData\Roaming\Python\Python311\site-packages\sklearn\metrics\_classification.py:1509: UndefinedMetricWarning: Precision is ill-defined and being set to 0.0 due to no predicted samples. Use `zero_division` parameter to control this behavior.
  _warn_prf(average, modifier, f"{metric.capitalize()} is", len(result))

2026-06-19 23:21:31,898:INFO:Calculating mean and std
2026-06-19 23:21:31,899:INFO:Creating metrics dataframe
2026-06-19 23:21:31,900:INFO:Uploading results into container
2026-06-19 23:21:31,901:INFO:Uploading model into container now
2026-06-19 23:21:31,901:INFO:_master_model_container: 14
2026-06-19 23:21:31,901:INFO:_display_container: 2
2026-06-19 23:21:31,901:INFO:DummyClassifier(constant=None, random_state=42, strategy='prior')
2026-06-19 23:21:31,901:INFO:create_model() successfully completed......................................
2026-06-19 23:21:32,196:INFO:SubProcess create_model() end ==================================
2026-06-19 23:21:32,196:INFO:Creating metrics dataframe
2026-06-19 23:21:32,209:INFO:Initializing create_model()
2026-06-19 23:21:32,209:INFO:create_model(self=<pycaret.classification.oop.ClassificationExperiment object at 0x000001EA0921DB50>, estimator=QuadraticDiscriminantAnalysis(priors=None, reg_param=0.0,
                              store_covariance=False, tol=0.0001), fold=StratifiedKFold(n_splits=10, random_state=None, shuffle=False), round=4, cross_validation=False, predict=False, fit_kwargs={}, groups=None, refit=True, probability_threshold=None, experiment_custom_tags=None, verbose=False, system=False, add_to_model_list=True, metrics=None, display=None, model_only=True, return_train_score=False, error_score=0.0, kwargs={})
2026-06-19 23:21:32,210:INFO:Checking exceptions
2026-06-19 23:21:32,211:INFO:Importing libraries
2026-06-19 23:21:32,211:INFO:Copying training dataset
2026-06-19 23:21:32,437:INFO:Defining folds
2026-06-19 23:21:32,438:INFO:Declaring metric variables
2026-06-19 23:21:32,438:INFO:Importing untrained model
2026-06-19 23:21:32,438:INFO:Declaring custom model
2026-06-19 23:21:32,438:INFO:Quadratic Discriminant Analysis Imported successfully
2026-06-19 23:21:32,438:INFO:Cross validation set to False
2026-06-19 23:21:32,438:INFO:Fitting Model
2026-06-19 23:21:33,932:INFO:QuadraticDiscriminantAnalysis(priors=None, reg_param=0.0,
                              store_covariance=False, tol=0.0001)
2026-06-19 23:21:33,932:INFO:create_model() successfully completed......................................
2026-06-19 23:21:34,200:INFO:_master_model_container: 14
2026-06-19 23:21:34,200:INFO:_display_container: 2
2026-06-19 23:21:34,200:INFO:QuadraticDiscriminantAnalysis(priors=None, reg_param=0.0,
                              store_covariance=False, tol=0.0001)
2026-06-19 23:21:34,200:INFO:compare_models() successfully completed......................................
2026-06-19 23:42:35,403:INFO:PyCaret ClassificationExperiment
2026-06-19 23:42:35,403:INFO:Logging name: clf-default-name
2026-06-19 23:42:35,403:INFO:ML Usecase: MLUsecase.CLASSIFICATION
2026-06-19 23:42:35,403:INFO:version 3.3.0
2026-06-19 23:42:35,403:INFO:Initializing setup()
2026-06-19 23:42:35,403:INFO:self.USI: 41f8
2026-06-19 23:42:35,403:INFO:self._variable_keys: {'exp_id', 'idx', 'y', 'pipeline', 'exp_name_log', 'fix_imbalance', 'gpu_n_jobs_param', 'X', 'X_test', 'logging_param', 'memory', 'fold_generator', 'fold_groups_param', 'y_test', 'seed', '_ml_usecase', '_available_plots', 'html_param', 'gpu_param', 'data', 'fold_shuffle_param', 'X_train', 'target_param', 'log_plots_param', 'y_train', 'is_multiclass', 'n_jobs_param', 'USI'}
2026-06-19 23:42:35,403:INFO:Checking environment
2026-06-19 23:42:35,403:INFO:python_version: 3.11.9
2026-06-19 23:42:35,403:INFO:python_build: ('tags/v3.11.9:de54cf5', 'Apr  2 2024 10:12:12')
2026-06-19 23:42:35,403:INFO:machine: AMD64
2026-06-19 23:42:35,403:INFO:platform: Windows-10-10.0.19045-SP0
2026-06-19 23:42:35,408:INFO:Memory: svmem(total=17103945728, available=6632988672, percent=61.2, used=10470957056, free=6632988672)
2026-06-19 23:42:35,408:INFO:Physical Core: 10
2026-06-19 23:42:35,408:INFO:Logical Core: 20
2026-06-19 23:42:35,408:INFO:Checking libraries
2026-06-19 23:42:35,408:INFO:System:
2026-06-19 23:42:35,408:INFO:    python: 3.11.9 (tags/v3.11.9:de54cf5, Apr  2 2024, 10:12:12) [MSC v.1938 64 bit (AMD64)]
2026-06-19 23:42:35,408:INFO:executable: c:\Users\PC\AppData\Local\Programs\Python\Python311\python.exe
2026-06-19 23:42:35,408:INFO:   machine: Windows-10-10.0.19045-SP0
2026-06-19 23:42:35,408:INFO:PyCaret required dependencies:
2026-06-19 23:42:35,409:INFO:                 pip: 24.0
2026-06-19 23:42:35,409:INFO:          setuptools: 82.0.1
2026-06-19 23:42:35,409:INFO:             pycaret: 3.3.0
2026-06-19 23:42:35,409:INFO:             IPython: 9.14.1
2026-06-19 23:42:35,409:INFO:          ipywidgets: 8.1.8
2026-06-19 23:42:35,409:INFO:                tqdm: 4.68.3
2026-06-19 23:42:35,409:INFO:               numpy: 1.26.4
2026-06-19 23:42:35,409:INFO:              pandas: 2.1.4
2026-06-19 23:42:35,409:INFO:              jinja2: 3.1.6
2026-06-19 23:42:35,409:INFO:               scipy: 1.11.4
2026-06-19 23:42:35,409:INFO:              joblib: 1.5.3
2026-06-19 23:42:35,409:INFO:             sklearn: 1.4.2
2026-06-19 23:42:35,409:INFO:                pyod: 3.6.1
2026-06-19 23:42:35,409:INFO:            imblearn: 0.14.2
2026-06-19 23:42:35,409:INFO:   category_encoders: 2.7.0
2026-06-19 23:42:35,409:INFO:            lightgbm: 4.6.0
2026-06-19 23:42:35,409:INFO:               numba: 0.65.1
2026-06-19 23:42:35,409:INFO:            requests: 2.34.2
2026-06-19 23:42:35,409:INFO:          matplotlib: 3.7.5
2026-06-19 23:42:35,409:INFO:          scikitplot: 0.3.7
2026-06-19 23:42:35,409:INFO:         yellowbrick: 1.5
2026-06-19 23:42:35,410:INFO:              plotly: 6.8.0
2026-06-19 23:42:35,410:INFO:    plotly-resampler: Not installed
2026-06-19 23:42:35,410:INFO:             kaleido: 1.3.0
2026-06-19 23:42:35,410:INFO:           schemdraw: 0.15
2026-06-19 23:42:35,410:INFO:         statsmodels: 0.14.6
2026-06-19 23:42:35,410:INFO:              sktime: 1.0.1
2026-06-19 23:42:35,410:INFO:               tbats: 1.1.3
2026-06-19 23:42:35,410:INFO:            pmdarima: 2.0.4
2026-06-19 23:42:35,410:INFO:              psutil: 7.2.2
2026-06-19 23:42:35,410:INFO:          markupsafe: 3.0.3
2026-06-19 23:42:35,410:INFO:             pickle5: Not installed
2026-06-19 23:42:35,410:INFO:         cloudpickle: 3.1.2
2026-06-19 23:42:35,410:INFO:         deprecation: 2.1.0
2026-06-19 23:42:35,410:INFO:              xxhash: 3.7.0
2026-06-19 23:42:35,410:INFO:           wurlitzer: Not installed
2026-06-19 23:42:35,410:INFO:PyCaret optional dependencies:
2026-06-19 23:42:35,410:INFO:                shap: 0.49.1
2026-06-19 23:42:35,410:INFO:           interpret: Not installed
2026-06-19 23:42:35,411:INFO:                umap: Not installed
2026-06-19 23:42:35,411:INFO:     ydata_profiling: Not installed
2026-06-19 23:42:35,411:INFO:  explainerdashboard: Not installed
2026-06-19 23:42:35,411:INFO:             autoviz: Not installed
2026-06-19 23:42:35,411:INFO:           fairlearn: Not installed
2026-06-19 23:42:35,411:INFO:          deepchecks: Not installed
2026-06-19 23:42:35,411:INFO:             xgboost: Not installed
2026-06-19 23:42:35,411:INFO:            catboost: Not installed
2026-06-19 23:42:35,411:INFO:              kmodes: Not installed
2026-06-19 23:42:35,411:INFO:             mlxtend: Not installed
2026-06-19 23:42:35,411:INFO:       statsforecast: Not installed
2026-06-19 23:42:35,411:INFO:        tune_sklearn: Not installed
2026-06-19 23:42:35,411:INFO:                 ray: Not installed
2026-06-19 23:42:35,411:INFO:            hyperopt: Not installed
2026-06-19 23:42:35,411:INFO:              optuna: 4.9.0
2026-06-19 23:42:35,411:INFO:               skopt: Not installed
2026-06-19 23:42:35,411:INFO:              mlflow: Not installed
2026-06-19 23:42:35,411:INFO:              gradio: Not installed
2026-06-19 23:42:35,411:INFO:             fastapi: Not installed
2026-06-19 23:42:35,411:INFO:             uvicorn: 0.49.0
2026-06-19 23:42:35,411:INFO:              m2cgen: Not installed
2026-06-19 23:42:35,412:INFO:           evidently: Not installed
2026-06-19 23:42:35,412:INFO:               fugue: Not installed
2026-06-19 23:42:35,412:INFO:           streamlit: Not installed
2026-06-19 23:42:35,412:INFO:             prophet: Not installed
2026-06-19 23:42:35,412:INFO:None
2026-06-19 23:42:35,412:INFO:Set up data.
2026-06-19 23:42:35,476:INFO:Set up folding strategy.
2026-06-19 23:42:35,476:INFO:Set up train/test split.
2026-06-19 23:42:35,640:INFO:Set up index.
2026-06-19 23:42:35,646:INFO:Assigning column types.
2026-06-19 23:42:35,826:INFO:Engine successfully changes for model 'lr' to 'sklearn'.
2026-06-19 23:42:35,860:INFO:Engine for model 'knn' has not been set explicitly, hence returning None.
2026-06-19 23:42:35,861:INFO:Engine for model 'rbfsvm' has not been set explicitly, hence returning None.
2026-06-19 23:42:35,882:WARNING:
'xgboost' is a soft dependency and not included in the pycaret installation. Please run: `pip install xgboost` to install.
Alternately, you can install this by running `pip install pycaret[models]`
2026-06-19 23:42:35,882:WARNING:
'catboost' is a soft dependency and not included in the pycaret installation. Please run: `pip install catboost` to install.
Alternately, you can install this by running `pip install pycaret[models]`
2026-06-19 23:42:35,916:INFO:Engine for model 'knn' has not been set explicitly, hence returning None.
2026-06-19 23:42:35,916:INFO:Engine for model 'rbfsvm' has not been set explicitly, hence returning None.
2026-06-19 23:42:35,937:WARNING:
'xgboost' is a soft dependency and not included in the pycaret installation. Please run: `pip install xgboost` to install.
Alternately, you can install this by running `pip install pycaret[models]`
2026-06-19 23:42:35,937:WARNING:
'catboost' is a soft dependency and not included in the pycaret installation. Please run: `pip install catboost` to install.
Alternately, you can install this by running `pip install pycaret[models]`
2026-06-19 23:42:35,937:INFO:Engine successfully changes for model 'knn' to 'sklearn'.
2026-06-19 23:42:35,972:INFO:Engine for model 'rbfsvm' has not been set explicitly, hence returning None.
2026-06-19 23:42:35,992:WARNING:
'xgboost' is a soft dependency and not included in the pycaret installation. Please run: `pip install xgboost` to install.
Alternately, you can install this by running `pip install pycaret[models]`
2026-06-19 23:42:35,992:WARNING:
'catboost' is a soft dependency and not included in the pycaret installation. Please run: `pip install catboost` to install.
Alternately, you can install this by running `pip install pycaret[models]`
2026-06-19 23:42:36,026:INFO:Engine for model 'rbfsvm' has not been set explicitly, hence returning None.
2026-06-19 23:42:36,046:WARNING:
'xgboost' is a soft dependency and not included in the pycaret installation. Please run: `pip install xgboost` to install.
Alternately, you can install this by running `pip install pycaret[models]`
2026-06-19 23:42:36,046:WARNING:
'catboost' is a soft dependency and not included in the pycaret installation. Please run: `pip install catboost` to install.
Alternately, you can install this by running `pip install pycaret[models]`
2026-06-19 23:42:36,047:INFO:Engine successfully changes for model 'rbfsvm' to 'sklearn'.
2026-06-19 23:42:36,100:WARNING:
'xgboost' is a soft dependency and not included in the pycaret installation. Please run: `pip install xgboost` to install.
Alternately, you can install this by running `pip install pycaret[models]`
2026-06-19 23:42:36,100:WARNING:
'catboost' is a soft dependency and not included in the pycaret installation. Please run: `pip install catboost` to install.
Alternately, you can install this by running `pip install pycaret[models]`
2026-06-19 23:42:36,154:WARNING:
'xgboost' is a soft dependency and not included in the pycaret installation. Please run: `pip install xgboost` to install.
Alternately, you can install this by running `pip install pycaret[models]`
2026-06-19 23:42:36,154:WARNING:
'catboost' is a soft dependency and not included in the pycaret installation. Please run: `pip install catboost` to install.
Alternately, you can install this by running `pip install pycaret[models]`
2026-06-19 23:42:36,320:INFO:Finished creating preprocessing pipeline.
2026-06-19 23:42:36,320:INFO:Pipeline: Pipeline(memory=FastMemory(location=C:\Users\PC\AppData\Local\Temp\joblib),
         steps=[('placeholder', None)], verbose=False)
2026-06-19 23:42:36,320:INFO:Creating final display dataframe.
2026-06-19 23:42:36,993:INFO:Setup _display_container:                    Description          Value
0                   Session id             42
1                       Target   RainTomorrow
2                  Target type         Binary
3          Original data shape  (113722, 117)
4       Transformed data shape  (113722, 117)
5  Transformed train set shape   (79605, 117)
6   Transformed test set shape   (34117, 117)
7             Numeric features             19
2026-06-19 23:42:37,055:WARNING:
'xgboost' is a soft dependency and not included in the pycaret installation. Please run: `pip install xgboost` to install.
Alternately, you can install this by running `pip install pycaret[models]`
2026-06-19 23:42:37,055:WARNING:
'catboost' is a soft dependency and not included in the pycaret installation. Please run: `pip install catboost` to install.
Alternately, you can install this by running `pip install pycaret[models]`
2026-06-19 23:42:37,109:WARNING:
'xgboost' is a soft dependency and not included in the pycaret installation. Please run: `pip install xgboost` to install.
Alternately, you can install this by running `pip install pycaret[models]`
2026-06-19 23:42:37,110:WARNING:
'catboost' is a soft dependency and not included in the pycaret installation. Please run: `pip install catboost` to install.
Alternately, you can install this by running `pip install pycaret[models]`
2026-06-19 23:42:37,111:INFO:setup() successfully completed in 1.71s...............
2026-06-19 23:42:37,118:INFO:Initializing compare_models()
2026-06-19 23:42:37,118:INFO:compare_models(self=<pycaret.classification.oop.ClassificationExperiment object at 0x000001E95DB6D690>, include=None, exclude=None, fold=None, round=4, cross_validation=True, sort=Recall, n_select=1, budget_time=None, turbo=True, errors=ignore, fit_kwargs=None, groups=None, experiment_custom_tags=None, probability_threshold=None, verbose=True, parallel=None, caller_params={'self': <pycaret.classification.oop.ClassificationExperiment object at 0x000001E95DB6D690>, 'include': None, 'exclude': None, 'fold': None, 'round': 4, 'cross_validation': True, 'sort': 'Recall', 'n_select': 1, 'budget_time': None, 'turbo': True, 'errors': 'ignore', 'fit_kwargs': None, 'groups': None, 'experiment_custom_tags': None, 'probability_threshold': None, 'engine': None, 'verbose': True, 'parallel': None, '__class__': <class 'pycaret.classification.oop.ClassificationExperiment'>})
2026-06-19 23:42:37,118:INFO:Checking exceptions
2026-06-19 23:42:37,246:INFO:Preparing display monitor
2026-06-19 23:42:37,262:INFO:Initializing Logistic Regression
2026-06-19 23:42:37,262:INFO:Total runtime is 0.0 minutes
2026-06-19 23:42:37,264:INFO:SubProcess create_model() called ==================================
2026-06-19 23:42:37,265:INFO:Initializing create_model()
2026-06-19 23:42:37,265:INFO:create_model(self=<pycaret.classification.oop.ClassificationExperiment object at 0x000001E95DB6D690>, estimator=lr, fold=StratifiedKFold(n_splits=10, random_state=None, shuffle=False), round=4, cross_validation=True, predict=True, fit_kwargs={}, groups=None, refit=False, probability_threshold=None, experiment_custom_tags=None, verbose=False, system=False, add_to_model_list=True, metrics=None, display=<pycaret.internal.display.display.CommonDisplay object at 0x000001EA09A9ACD0>, model_only=True, return_train_score=False, error_score=0.0, kwargs={})
2026-06-19 23:42:37,265:INFO:Checking exceptions
2026-06-19 23:42:37,265:INFO:Importing libraries
2026-06-19 23:42:37,265:INFO:Copying training dataset
2026-06-19 23:42:37,472:INFO:Defining folds
2026-06-19 23:42:37,472:INFO:Declaring metric variables
2026-06-19 23:42:37,475:INFO:Importing untrained model
2026-06-19 23:42:37,477:INFO:Logistic Regression Imported successfully
2026-06-19 23:42:37,481:INFO:Starting cross validation
2026-06-19 23:42:37,482:INFO:Cross validating with StratifiedKFold(n_splits=10, random_state=None, shuffle=False), n_jobs=-1
2026-06-19 23:43:19,868:INFO:Calculating mean and std
2026-06-19 23:43:19,869:INFO:Creating metrics dataframe
2026-06-19 23:43:19,871:INFO:Uploading results into container
2026-06-19 23:43:19,871:INFO:Uploading model into container now
2026-06-19 23:43:19,871:INFO:_master_model_container: 1
2026-06-19 23:43:19,872:INFO:_display_container: 2
2026-06-19 23:43:19,872:INFO:LogisticRegression(C=1.0, class_weight=None, dual=False, fit_intercept=True,
                   intercept_scaling=1, l1_ratio=None, max_iter=1000,
                   multi_class='auto', n_jobs=None, penalty='l2',
                   random_state=42, solver='lbfgs', tol=0.0001, verbose=0,
                   warm_start=False)
2026-06-19 23:43:19,872:INFO:create_model() successfully completed......................................
2026-06-19 23:43:20,128:INFO:SubProcess create_model() end ==================================
2026-06-19 23:43:20,128:INFO:Creating metrics dataframe
2026-06-19 23:43:20,133:INFO:Initializing K Neighbors Classifier
2026-06-19 23:43:20,133:INFO:Total runtime is 0.7145249724388123 minutes
2026-06-19 23:43:20,136:INFO:SubProcess create_model() called ==================================
2026-06-19 23:43:20,136:INFO:Initializing create_model()
2026-06-19 23:43:20,136:INFO:create_model(self=<pycaret.classification.oop.ClassificationExperiment object at 0x000001E95DB6D690>, estimator=knn, fold=StratifiedKFold(n_splits=10, random_state=None, shuffle=False), round=4, cross_validation=True, predict=True, fit_kwargs={}, groups=None, refit=False, probability_threshold=None, experiment_custom_tags=None, verbose=False, system=False, add_to_model_list=True, metrics=None, display=<pycaret.internal.display.display.CommonDisplay object at 0x000001EA09A9ACD0>, model_only=True, return_train_score=False, error_score=0.0, kwargs={})
2026-06-19 23:43:20,136:INFO:Checking exceptions
2026-06-19 23:43:20,136:INFO:Importing libraries
2026-06-19 23:43:20,136:INFO:Copying training dataset
2026-06-19 23:43:20,343:INFO:Defining folds
2026-06-19 23:43:20,343:INFO:Declaring metric variables
2026-06-19 23:43:20,345:INFO:Importing untrained model
2026-06-19 23:43:20,347:INFO:K Neighbors Classifier Imported successfully
2026-06-19 23:43:20,351:INFO:Starting cross validation
2026-06-19 23:43:20,351:INFO:Cross validating with StratifiedKFold(n_splits=10, random_state=None, shuffle=False), n_jobs=-1
2026-06-19 23:43:34,637:INFO:Calculating mean and std
2026-06-19 23:43:34,638:INFO:Creating metrics dataframe
2026-06-19 23:43:34,640:INFO:Uploading results into container
2026-06-19 23:43:34,640:INFO:Uploading model into container now
2026-06-19 23:43:34,640:INFO:_master_model_container: 2
2026-06-19 23:43:34,640:INFO:_display_container: 2
2026-06-19 23:43:34,641:INFO:KNeighborsClassifier(algorithm='auto', leaf_size=30, metric='minkowski',
                     metric_params=None, n_jobs=-1, n_neighbors=5, p=2,
                     weights='uniform')
2026-06-19 23:43:34,641:INFO:create_model() successfully completed......................................
2026-06-19 23:43:34,881:INFO:SubProcess create_model() end ==================================
2026-06-19 23:43:34,881:INFO:Creating metrics dataframe
2026-06-19 23:43:34,887:INFO:Initializing Naive Bayes
2026-06-19 23:43:34,887:INFO:Total runtime is 0.9604171633720399 minutes
2026-06-19 23:43:34,889:INFO:SubProcess create_model() called ==================================
2026-06-19 23:43:34,889:INFO:Initializing create_model()
2026-06-19 23:43:34,889:INFO:create_model(self=<pycaret.classification.oop.ClassificationExperiment object at 0x000001E95DB6D690>, estimator=nb, fold=StratifiedKFold(n_splits=10, random_state=None, shuffle=False), round=4, cross_validation=True, predict=True, fit_kwargs={}, groups=None, refit=False, probability_threshold=None, experiment_custom_tags=None, verbose=False, system=False, add_to_model_list=True, metrics=None, display=<pycaret.internal.display.display.CommonDisplay object at 0x000001EA09A9ACD0>, model_only=True, return_train_score=False, error_score=0.0, kwargs={})
2026-06-19 23:43:34,889:INFO:Checking exceptions
2026-06-19 23:43:34,889:INFO:Importing libraries
2026-06-19 23:43:34,890:INFO:Copying training dataset
2026-06-19 23:43:35,089:INFO:Defining folds
2026-06-19 23:43:35,089:INFO:Declaring metric variables
2026-06-19 23:43:35,092:INFO:Importing untrained model
2026-06-19 23:43:35,094:INFO:Naive Bayes Imported successfully
2026-06-19 23:43:35,099:INFO:Starting cross validation
2026-06-19 23:43:35,099:INFO:Cross validating with StratifiedKFold(n_splits=10, random_state=None, shuffle=False), n_jobs=-1
2026-06-19 23:43:36,820:INFO:Calculating mean and std
2026-06-19 23:43:36,821:INFO:Creating metrics dataframe
2026-06-19 23:43:36,823:INFO:Uploading results into container
2026-06-19 23:43:36,823:INFO:Uploading model into container now
2026-06-19 23:43:36,823:INFO:_master_model_container: 3
2026-06-19 23:43:36,823:INFO:_display_container: 2
2026-06-19 23:43:36,824:INFO:GaussianNB(priors=None, var_smoothing=1e-09)
2026-06-19 23:43:36,824:INFO:create_model() successfully completed......................................
2026-06-19 23:43:37,080:INFO:SubProcess create_model() end ==================================
2026-06-19 23:43:37,080:INFO:Creating metrics dataframe
2026-06-19 23:43:37,085:INFO:Initializing Decision Tree Classifier
2026-06-19 23:43:37,085:INFO:Total runtime is 0.997058916091919 minutes
2026-06-19 23:43:37,087:INFO:SubProcess create_model() called ==================================
2026-06-19 23:43:37,087:INFO:Initializing create_model()
2026-06-19 23:43:37,087:INFO:create_model(self=<pycaret.classification.oop.ClassificationExperiment object at 0x000001E95DB6D690>, estimator=dt, fold=StratifiedKFold(n_splits=10, random_state=None, shuffle=False), round=4, cross_validation=True, predict=True, fit_kwargs={}, groups=None, refit=False, probability_threshold=None, experiment_custom_tags=None, verbose=False, system=False, add_to_model_list=True, metrics=None, display=<pycaret.internal.display.display.CommonDisplay object at 0x000001EA09A9ACD0>, model_only=True, return_train_score=False, error_score=0.0, kwargs={})
2026-06-19 23:43:37,087:INFO:Checking exceptions
2026-06-19 23:43:37,088:INFO:Importing libraries
2026-06-19 23:43:37,088:INFO:Copying training dataset
2026-06-19 23:43:37,289:INFO:Defining folds
2026-06-19 23:43:37,289:INFO:Declaring metric variables
2026-06-19 23:43:37,291:INFO:Importing untrained model
2026-06-19 23:43:37,295:INFO:Decision Tree Classifier Imported successfully
2026-06-19 23:43:37,299:INFO:Starting cross validation
2026-06-19 23:43:37,300:INFO:Cross validating with StratifiedKFold(n_splits=10, random_state=None, shuffle=False), n_jobs=-1
2026-06-19 23:43:44,320:INFO:Calculating mean and std
2026-06-19 23:43:44,321:INFO:Creating metrics dataframe
2026-06-19 23:43:44,322:INFO:Uploading results into container
2026-06-19 23:43:44,322:INFO:Uploading model into container now
2026-06-19 23:43:44,323:INFO:_master_model_container: 4
2026-06-19 23:43:44,323:INFO:_display_container: 2
2026-06-19 23:43:44,323:INFO:DecisionTreeClassifier(ccp_alpha=0.0, class_weight=None, criterion='gini',
                       max_depth=None, max_features=None, max_leaf_nodes=None,
                       min_impurity_decrease=0.0, min_samples_leaf=1,
                       min_samples_split=2, min_weight_fraction_leaf=0.0,
                       monotonic_cst=None, random_state=42, splitter='best')
2026-06-19 23:43:44,323:INFO:create_model() successfully completed......................................
2026-06-19 23:43:44,569:INFO:SubProcess create_model() end ==================================
2026-06-19 23:43:44,570:INFO:Creating metrics dataframe
2026-06-19 23:43:44,575:INFO:Initializing SVM - Linear Kernel
2026-06-19 23:43:44,576:INFO:Total runtime is 1.121898134549459 minutes
2026-06-19 23:43:44,578:INFO:SubProcess create_model() called ==================================
2026-06-19 23:43:44,578:INFO:Initializing create_model()
2026-06-19 23:43:44,578:INFO:create_model(self=<pycaret.classification.oop.ClassificationExperiment object at 0x000001E95DB6D690>, estimator=svm, fold=StratifiedKFold(n_splits=10, random_state=None, shuffle=False), round=4, cross_validation=True, predict=True, fit_kwargs={}, groups=None, refit=False, probability_threshold=None, experiment_custom_tags=None, verbose=False, system=False, add_to_model_list=True, metrics=None, display=<pycaret.internal.display.display.CommonDisplay object at 0x000001EA09A9ACD0>, model_only=True, return_train_score=False, error_score=0.0, kwargs={})
2026-06-19 23:43:44,578:INFO:Checking exceptions
2026-06-19 23:43:44,578:INFO:Importing libraries
2026-06-19 23:43:44,578:INFO:Copying training dataset
2026-06-19 23:43:44,781:INFO:Defining folds
2026-06-19 23:43:44,781:INFO:Declaring metric variables
2026-06-19 23:43:44,783:INFO:Importing untrained model
2026-06-19 23:43:44,786:INFO:SVM - Linear Kernel Imported successfully
2026-06-19 23:43:44,790:INFO:Starting cross validation
2026-06-19 23:43:44,791:INFO:Cross validating with StratifiedKFold(n_splits=10, random_state=None, shuffle=False), n_jobs=-1
2026-06-19 23:43:47,090:WARNING:C:\Users\PC\AppData\Roaming\Python\Python311\site-packages\pycaret\internal\metrics.py:196: FitFailedWarning: Metric 'make_scorer(roc_auc_score, response_method='predict_proba', average=weighted, multi_class=ovr)' failed and error score 0.0 has been returned instead. If this is a custom metric, this usually means that the error is in the metric code. Full exception below:
Traceback (most recent call last):
  File "C:\Users\PC\AppData\Roaming\Python\Python311\site-packages\pycaret\internal\metrics.py", line 188, in _score
    return super()._score(
           ^^^^^^^^^^^^^^^
  File "C:\Users\PC\AppData\Roaming\Python\Python311\site-packages\sklearn\metrics\_scorer.py", line 344, in _score
    response_method = _check_response_method(estimator, self._response_method)
                      ^^^^^^^^^^^^^^^^^^^^^^^^^^^^^^^^^^^^^^^^^^^^^^^^^^^^^^^^
  File "C:\Users\PC\AppData\Roaming\Python\Python311\site-packages\sklearn\utils\validation.py", line 2106, in _check_response_method
    raise AttributeError(
AttributeError: Pipeline has none of the following attributes: predict_proba.

  warnings.warn(

2026-06-19 23:43:47,098:WARNING:C:\Users\PC\AppData\Roaming\Python\Python311\site-packages\pycaret\internal\metrics.py:196: FitFailedWarning: Metric 'make_scorer(roc_auc_score, response_method='predict_proba', average=weighted, multi_class=ovr)' failed and error score 0.0 has been returned instead. If this is a custom metric, this usually means that the error is in the metric code. Full exception below:
Traceback (most recent call last):
  File "C:\Users\PC\AppData\Roaming\Python\Python311\site-packages\pycaret\internal\metrics.py", line 188, in _score
    return super()._score(
           ^^^^^^^^^^^^^^^
  File "C:\Users\PC\AppData\Roaming\Python\Python311\site-packages\sklearn\metrics\_scorer.py", line 344, in _score
    response_method = _check_response_method(estimator, self._response_method)
                      ^^^^^^^^^^^^^^^^^^^^^^^^^^^^^^^^^^^^^^^^^^^^^^^^^^^^^^^^
  File "C:\Users\PC\AppData\Roaming\Python\Python311\site-packages\sklearn\utils\validation.py", line 2106, in _check_response_method
    raise AttributeError(
AttributeError: Pipeline has none of the following attributes: predict_proba.

  warnings.warn(

2026-06-19 23:43:47,425:WARNING:C:\Users\PC\AppData\Roaming\Python\Python311\site-packages\pycaret\internal\metrics.py:196: FitFailedWarning: Metric 'make_scorer(roc_auc_score, response_method='predict_proba', average=weighted, multi_class=ovr)' failed and error score 0.0 has been returned instead. If this is a custom metric, this usually means that the error is in the metric code. Full exception below:
Traceback (most recent call last):
  File "C:\Users\PC\AppData\Roaming\Python\Python311\site-packages\pycaret\internal\metrics.py", line 188, in _score
    return super()._score(
           ^^^^^^^^^^^^^^^
  File "C:\Users\PC\AppData\Roaming\Python\Python311\site-packages\sklearn\metrics\_scorer.py", line 344, in _score
    response_method = _check_response_method(estimator, self._response_method)
                      ^^^^^^^^^^^^^^^^^^^^^^^^^^^^^^^^^^^^^^^^^^^^^^^^^^^^^^^^
  File "C:\Users\PC\AppData\Roaming\Python\Python311\site-packages\sklearn\utils\validation.py", line 2106, in _check_response_method
    raise AttributeError(
AttributeError: Pipeline has none of the following attributes: predict_proba.

  warnings.warn(

2026-06-19 23:43:47,585:WARNING:C:\Users\PC\AppData\Roaming\Python\Python311\site-packages\pycaret\internal\metrics.py:196: FitFailedWarning: Metric 'make_scorer(roc_auc_score, response_method='predict_proba', average=weighted, multi_class=ovr)' failed and error score 0.0 has been returned instead. If this is a custom metric, this usually means that the error is in the metric code. Full exception below:
Traceback (most recent call last):
  File "C:\Users\PC\AppData\Roaming\Python\Python311\site-packages\pycaret\internal\metrics.py", line 188, in _score
    return super()._score(
           ^^^^^^^^^^^^^^^
  File "C:\Users\PC\AppData\Roaming\Python\Python311\site-packages\sklearn\metrics\_scorer.py", line 344, in _score
    response_method = _check_response_method(estimator, self._response_method)
                      ^^^^^^^^^^^^^^^^^^^^^^^^^^^^^^^^^^^^^^^^^^^^^^^^^^^^^^^^
  File "C:\Users\PC\AppData\Roaming\Python\Python311\site-packages\sklearn\utils\validation.py", line 2106, in _check_response_method
    raise AttributeError(
AttributeError: Pipeline has none of the following attributes: predict_proba.

  warnings.warn(

2026-06-19 23:43:47,695:WARNING:C:\Users\PC\AppData\Roaming\Python\Python311\site-packages\pycaret\internal\metrics.py:196: FitFailedWarning: Metric 'make_scorer(roc_auc_score, response_method='predict_proba', average=weighted, multi_class=ovr)' failed and error score 0.0 has been returned instead. If this is a custom metric, this usually means that the error is in the metric code. Full exception below:
Traceback (most recent call last):
  File "C:\Users\PC\AppData\Roaming\Python\Python311\site-packages\pycaret\internal\metrics.py", line 188, in _score
    return super()._score(
           ^^^^^^^^^^^^^^^
  File "C:\Users\PC\AppData\Roaming\Python\Python311\site-packages\sklearn\metrics\_scorer.py", line 344, in _score
    response_method = _check_response_method(estimator, self._response_method)
                      ^^^^^^^^^^^^^^^^^^^^^^^^^^^^^^^^^^^^^^^^^^^^^^^^^^^^^^^^
  File "C:\Users\PC\AppData\Roaming\Python\Python311\site-packages\sklearn\utils\validation.py", line 2106, in _check_response_method
    raise AttributeError(
AttributeError: Pipeline has none of the following attributes: predict_proba.

  warnings.warn(

2026-06-19 23:43:47,839:WARNING:C:\Users\PC\AppData\Roaming\Python\Python311\site-packages\pycaret\internal\metrics.py:196: FitFailedWarning: Metric 'make_scorer(roc_auc_score, response_method='predict_proba', average=weighted, multi_class=ovr)' failed and error score 0.0 has been returned instead. If this is a custom metric, this usually means that the error is in the metric code. Full exception below:
Traceback (most recent call last):
  File "C:\Users\PC\AppData\Roaming\Python\Python311\site-packages\pycaret\internal\metrics.py", line 188, in _score
    return super()._score(
           ^^^^^^^^^^^^^^^
  File "C:\Users\PC\AppData\Roaming\Python\Python311\site-packages\sklearn\metrics\_scorer.py", line 344, in _score
    response_method = _check_response_method(estimator, self._response_method)
                      ^^^^^^^^^^^^^^^^^^^^^^^^^^^^^^^^^^^^^^^^^^^^^^^^^^^^^^^^
  File "C:\Users\PC\AppData\Roaming\Python\Python311\site-packages\sklearn\utils\validation.py", line 2106, in _check_response_method
    raise AttributeError(
AttributeError: Pipeline has none of the following attributes: predict_proba.

  warnings.warn(

2026-06-19 23:43:47,906:WARNING:C:\Users\PC\AppData\Roaming\Python\Python311\site-packages\pycaret\internal\metrics.py:196: FitFailedWarning: Metric 'make_scorer(roc_auc_score, response_method='predict_proba', average=weighted, multi_class=ovr)' failed and error score 0.0 has been returned instead. If this is a custom metric, this usually means that the error is in the metric code. Full exception below:
Traceback (most recent call last):
  File "C:\Users\PC\AppData\Roaming\Python\Python311\site-packages\pycaret\internal\metrics.py", line 188, in _score
    return super()._score(
           ^^^^^^^^^^^^^^^
  File "C:\Users\PC\AppData\Roaming\Python\Python311\site-packages\sklearn\metrics\_scorer.py", line 344, in _score
    response_method = _check_response_method(estimator, self._response_method)
                      ^^^^^^^^^^^^^^^^^^^^^^^^^^^^^^^^^^^^^^^^^^^^^^^^^^^^^^^^
  File "C:\Users\PC\AppData\Roaming\Python\Python311\site-packages\sklearn\utils\validation.py", line 2106, in _check_response_method
    raise AttributeError(
AttributeError: Pipeline has none of the following attributes: predict_proba.

  warnings.warn(

2026-06-19 23:43:48,105:WARNING:C:\Users\PC\AppData\Roaming\Python\Python311\site-packages\pycaret\internal\metrics.py:196: FitFailedWarning: Metric 'make_scorer(roc_auc_score, response_method='predict_proba', average=weighted, multi_class=ovr)' failed and error score 0.0 has been returned instead. If this is a custom metric, this usually means that the error is in the metric code. Full exception below:
Traceback (most recent call last):
  File "C:\Users\PC\AppData\Roaming\Python\Python311\site-packages\pycaret\internal\metrics.py", line 188, in _score
    return super()._score(
           ^^^^^^^^^^^^^^^
  File "C:\Users\PC\AppData\Roaming\Python\Python311\site-packages\sklearn\metrics\_scorer.py", line 344, in _score
    response_method = _check_response_method(estimator, self._response_method)
                      ^^^^^^^^^^^^^^^^^^^^^^^^^^^^^^^^^^^^^^^^^^^^^^^^^^^^^^^^
  File "C:\Users\PC\AppData\Roaming\Python\Python311\site-packages\sklearn\utils\validation.py", line 2106, in _check_response_method
    raise AttributeError(
AttributeError: Pipeline has none of the following attributes: predict_proba.

  warnings.warn(

2026-06-19 23:43:48,420:WARNING:C:\Users\PC\AppData\Roaming\Python\Python311\site-packages\pycaret\internal\metrics.py:196: FitFailedWarning: Metric 'make_scorer(roc_auc_score, response_method='predict_proba', average=weighted, multi_class=ovr)' failed and error score 0.0 has been returned instead. If this is a custom metric, this usually means that the error is in the metric code. Full exception below:
Traceback (most recent call last):
  File "C:\Users\PC\AppData\Roaming\Python\Python311\site-packages\pycaret\internal\metrics.py", line 188, in _score
    return super()._score(
           ^^^^^^^^^^^^^^^
  File "C:\Users\PC\AppData\Roaming\Python\Python311\site-packages\sklearn\metrics\_scorer.py", line 344, in _score
    response_method = _check_response_method(estimator, self._response_method)
                      ^^^^^^^^^^^^^^^^^^^^^^^^^^^^^^^^^^^^^^^^^^^^^^^^^^^^^^^^
  File "C:\Users\PC\AppData\Roaming\Python\Python311\site-packages\sklearn\utils\validation.py", line 2106, in _check_response_method
    raise AttributeError(
AttributeError: Pipeline has none of the following attributes: predict_proba.

  warnings.warn(

2026-06-19 23:43:48,423:WARNING:C:\Users\PC\AppData\Roaming\Python\Python311\site-packages\pycaret\internal\metrics.py:196: FitFailedWarning: Metric 'make_scorer(roc_auc_score, response_method='predict_proba', average=weighted, multi_class=ovr)' failed and error score 0.0 has been returned instead. If this is a custom metric, this usually means that the error is in the metric code. Full exception below:
Traceback (most recent call last):
  File "C:\Users\PC\AppData\Roaming\Python\Python311\site-packages\pycaret\internal\metrics.py", line 188, in _score
    return super()._score(
           ^^^^^^^^^^^^^^^
  File "C:\Users\PC\AppData\Roaming\Python\Python311\site-packages\sklearn\metrics\_scorer.py", line 344, in _score
    response_method = _check_response_method(estimator, self._response_method)
                      ^^^^^^^^^^^^^^^^^^^^^^^^^^^^^^^^^^^^^^^^^^^^^^^^^^^^^^^^
  File "C:\Users\PC\AppData\Roaming\Python\Python311\site-packages\sklearn\utils\validation.py", line 2106, in _check_response_method
    raise AttributeError(
AttributeError: Pipeline has none of the following attributes: predict_proba.

  warnings.warn(

2026-06-19 23:43:48,444:INFO:Calculating mean and std
2026-06-19 23:43:48,445:INFO:Creating metrics dataframe
2026-06-19 23:43:48,446:INFO:Uploading results into container
2026-06-19 23:43:48,447:INFO:Uploading model into container now
2026-06-19 23:43:48,447:INFO:_master_model_container: 5
2026-06-19 23:43:48,447:INFO:_display_container: 2
2026-06-19 23:43:48,448:INFO:SGDClassifier(alpha=0.0001, average=False, class_weight=None,
              early_stopping=False, epsilon=0.1, eta0=0.001, fit_intercept=True,
              l1_ratio=0.15, learning_rate='optimal', loss='hinge',
              max_iter=1000, n_iter_no_change=5, n_jobs=-1, penalty='l2',
              power_t=0.5, random_state=42, shuffle=True, tol=0.001,
              validation_fraction=0.1, verbose=0, warm_start=False)
2026-06-19 23:43:48,448:INFO:create_model() successfully completed......................................
2026-06-19 23:43:48,696:INFO:SubProcess create_model() end ==================================
2026-06-19 23:43:48,696:INFO:Creating metrics dataframe
2026-06-19 23:43:48,702:INFO:Initializing Ridge Classifier
2026-06-19 23:43:48,702:INFO:Total runtime is 1.1906731446584067 minutes
2026-06-19 23:43:48,705:INFO:SubProcess create_model() called ==================================
2026-06-19 23:43:48,705:INFO:Initializing create_model()
2026-06-19 23:43:48,705:INFO:create_model(self=<pycaret.classification.oop.ClassificationExperiment object at 0x000001E95DB6D690>, estimator=ridge, fold=StratifiedKFold(n_splits=10, random_state=None, shuffle=False), round=4, cross_validation=True, predict=True, fit_kwargs={}, groups=None, refit=False, probability_threshold=None, experiment_custom_tags=None, verbose=False, system=False, add_to_model_list=True, metrics=None, display=<pycaret.internal.display.display.CommonDisplay object at 0x000001EA09A9ACD0>, model_only=True, return_train_score=False, error_score=0.0, kwargs={})
2026-06-19 23:43:48,706:INFO:Checking exceptions
2026-06-19 23:43:48,706:INFO:Importing libraries
2026-06-19 23:43:48,706:INFO:Copying training dataset
2026-06-19 23:43:48,906:INFO:Defining folds
2026-06-19 23:43:48,906:INFO:Declaring metric variables
2026-06-19 23:43:48,909:INFO:Importing untrained model
2026-06-19 23:43:48,911:INFO:Ridge Classifier Imported successfully
2026-06-19 23:43:48,915:INFO:Starting cross validation
2026-06-19 23:43:48,915:INFO:Cross validating with StratifiedKFold(n_splits=10, random_state=None, shuffle=False), n_jobs=-1
2026-06-19 23:43:49,222:WARNING:C:\Users\PC\AppData\Roaming\Python\Python311\site-packages\pycaret\internal\metrics.py:196: FitFailedWarning: Metric 'make_scorer(roc_auc_score, response_method='predict_proba', average=weighted, multi_class=ovr)' failed and error score 0.0 has been returned instead. If this is a custom metric, this usually means that the error is in the metric code. Full exception below:
Traceback (most recent call last):
  File "C:\Users\PC\AppData\Roaming\Python\Python311\site-packages\pycaret\internal\metrics.py", line 188, in _score
    return super()._score(
           ^^^^^^^^^^^^^^^
  File "C:\Users\PC\AppData\Roaming\Python\Python311\site-packages\sklearn\metrics\_scorer.py", line 344, in _score
    response_method = _check_response_method(estimator, self._response_method)
                      ^^^^^^^^^^^^^^^^^^^^^^^^^^^^^^^^^^^^^^^^^^^^^^^^^^^^^^^^
  File "C:\Users\PC\AppData\Roaming\Python\Python311\site-packages\sklearn\utils\validation.py", line 2106, in _check_response_method
    raise AttributeError(
AttributeError: Pipeline has none of the following attributes: predict_proba.

  warnings.warn(

2026-06-19 23:43:49,301:WARNING:C:\Users\PC\AppData\Roaming\Python\Python311\site-packages\pycaret\internal\metrics.py:196: FitFailedWarning: Metric 'make_scorer(roc_auc_score, response_method='predict_proba', average=weighted, multi_class=ovr)' failed and error score 0.0 has been returned instead. If this is a custom metric, this usually means that the error is in the metric code. Full exception below:
Traceback (most recent call last):
  File "C:\Users\PC\AppData\Roaming\Python\Python311\site-packages\pycaret\internal\metrics.py", line 188, in _score
    return super()._score(
           ^^^^^^^^^^^^^^^
  File "C:\Users\PC\AppData\Roaming\Python\Python311\site-packages\sklearn\metrics\_scorer.py", line 344, in _score
    response_method = _check_response_method(estimator, self._response_method)
                      ^^^^^^^^^^^^^^^^^^^^^^^^^^^^^^^^^^^^^^^^^^^^^^^^^^^^^^^^
  File "C:\Users\PC\AppData\Roaming\Python\Python311\site-packages\sklearn\utils\validation.py", line 2106, in _check_response_method
    raise AttributeError(
AttributeError: Pipeline has none of the following attributes: predict_proba.

  warnings.warn(

2026-06-19 23:43:49,389:WARNING:C:\Users\PC\AppData\Roaming\Python\Python311\site-packages\pycaret\internal\metrics.py:196: FitFailedWarning: Metric 'make_scorer(roc_auc_score, response_method='predict_proba', average=weighted, multi_class=ovr)' failed and error score 0.0 has been returned instead. If this is a custom metric, this usually means that the error is in the metric code. Full exception below:
Traceback (most recent call last):
  File "C:\Users\PC\AppData\Roaming\Python\Python311\site-packages\pycaret\internal\metrics.py", line 188, in _score
    return super()._score(
           ^^^^^^^^^^^^^^^
  File "C:\Users\PC\AppData\Roaming\Python\Python311\site-packages\sklearn\metrics\_scorer.py", line 344, in _score
    response_method = _check_response_method(estimator, self._response_method)
                      ^^^^^^^^^^^^^^^^^^^^^^^^^^^^^^^^^^^^^^^^^^^^^^^^^^^^^^^^
  File "C:\Users\PC\AppData\Roaming\Python\Python311\site-packages\sklearn\utils\validation.py", line 2106, in _check_response_method
    raise AttributeError(
AttributeError: Pipeline has none of the following attributes: predict_proba.

  warnings.warn(

2026-06-19 23:43:49,527:WARNING:C:\Users\PC\AppData\Roaming\Python\Python311\site-packages\pycaret\internal\metrics.py:196: FitFailedWarning: Metric 'make_scorer(roc_auc_score, response_method='predict_proba', average=weighted, multi_class=ovr)' failed and error score 0.0 has been returned instead. If this is a custom metric, this usually means that the error is in the metric code. Full exception below:
Traceback (most recent call last):
  File "C:\Users\PC\AppData\Roaming\Python\Python311\site-packages\pycaret\internal\metrics.py", line 188, in _score
    return super()._score(
           ^^^^^^^^^^^^^^^
  File "C:\Users\PC\AppData\Roaming\Python\Python311\site-packages\sklearn\metrics\_scorer.py", line 344, in _score
    response_method = _check_response_method(estimator, self._response_method)
                      ^^^^^^^^^^^^^^^^^^^^^^^^^^^^^^^^^^^^^^^^^^^^^^^^^^^^^^^^
  File "C:\Users\PC\AppData\Roaming\Python\Python311\site-packages\sklearn\utils\validation.py", line 2106, in _check_response_method
    raise AttributeError(
AttributeError: Pipeline has none of the following attributes: predict_proba.

  warnings.warn(

2026-06-19 23:43:49,671:WARNING:C:\Users\PC\AppData\Roaming\Python\Python311\site-packages\pycaret\internal\metrics.py:196: FitFailedWarning: Metric 'make_scorer(roc_auc_score, response_method='predict_proba', average=weighted, multi_class=ovr)' failed and error score 0.0 has been returned instead. If this is a custom metric, this usually means that the error is in the metric code. Full exception below:
Traceback (most recent call last):
  File "C:\Users\PC\AppData\Roaming\Python\Python311\site-packages\pycaret\internal\metrics.py", line 188, in _score
    return super()._score(
           ^^^^^^^^^^^^^^^
  File "C:\Users\PC\AppData\Roaming\Python\Python311\site-packages\sklearn\metrics\_scorer.py", line 344, in _score
    response_method = _check_response_method(estimator, self._response_method)
                      ^^^^^^^^^^^^^^^^^^^^^^^^^^^^^^^^^^^^^^^^^^^^^^^^^^^^^^^^
  File "C:\Users\PC\AppData\Roaming\Python\Python311\site-packages\sklearn\utils\validation.py", line 2106, in _check_response_method
    raise AttributeError(
AttributeError: Pipeline has none of the following attributes: predict_proba.

  warnings.warn(

2026-06-19 23:43:49,808:WARNING:C:\Users\PC\AppData\Roaming\Python\Python311\site-packages\pycaret\internal\metrics.py:196: FitFailedWarning: Metric 'make_scorer(roc_auc_score, response_method='predict_proba', average=weighted, multi_class=ovr)' failed and error score 0.0 has been returned instead. If this is a custom metric, this usually means that the error is in the metric code. Full exception below:
Traceback (most recent call last):
  File "C:\Users\PC\AppData\Roaming\Python\Python311\site-packages\pycaret\internal\metrics.py", line 188, in _score
    return super()._score(
           ^^^^^^^^^^^^^^^
  File "C:\Users\PC\AppData\Roaming\Python\Python311\site-packages\sklearn\metrics\_scorer.py", line 344, in _score
    response_method = _check_response_method(estimator, self._response_method)
                      ^^^^^^^^^^^^^^^^^^^^^^^^^^^^^^^^^^^^^^^^^^^^^^^^^^^^^^^^
  File "C:\Users\PC\AppData\Roaming\Python\Python311\site-packages\sklearn\utils\validation.py", line 2106, in _check_response_method
    raise AttributeError(
AttributeError: Pipeline has none of the following attributes: predict_proba.

  warnings.warn(

2026-06-19 23:43:49,987:WARNING:C:\Users\PC\AppData\Roaming\Python\Python311\site-packages\pycaret\internal\metrics.py:196: FitFailedWarning: Metric 'make_scorer(roc_auc_score, response_method='predict_proba', average=weighted, multi_class=ovr)' failed and error score 0.0 has been returned instead. If this is a custom metric, this usually means that the error is in the metric code. Full exception below:
Traceback (most recent call last):
  File "C:\Users\PC\AppData\Roaming\Python\Python311\site-packages\pycaret\internal\metrics.py", line 188, in _score
    return super()._score(
           ^^^^^^^^^^^^^^^
  File "C:\Users\PC\AppData\Roaming\Python\Python311\site-packages\sklearn\metrics\_scorer.py", line 344, in _score
    response_method = _check_response_method(estimator, self._response_method)
                      ^^^^^^^^^^^^^^^^^^^^^^^^^^^^^^^^^^^^^^^^^^^^^^^^^^^^^^^^
  File "C:\Users\PC\AppData\Roaming\Python\Python311\site-packages\sklearn\utils\validation.py", line 2106, in _check_response_method
    raise AttributeError(
AttributeError: Pipeline has none of the following attributes: predict_proba.

  warnings.warn(

2026-06-19 23:43:50,065:WARNING:C:\Users\PC\AppData\Roaming\Python\Python311\site-packages\pycaret\internal\metrics.py:196: FitFailedWarning: Metric 'make_scorer(roc_auc_score, response_method='predict_proba', average=weighted, multi_class=ovr)' failed and error score 0.0 has been returned instead. If this is a custom metric, this usually means that the error is in the metric code. Full exception below:
Traceback (most recent call last):
  File "C:\Users\PC\AppData\Roaming\Python\Python311\site-packages\pycaret\internal\metrics.py", line 188, in _score
    return super()._score(
           ^^^^^^^^^^^^^^^
  File "C:\Users\PC\AppData\Roaming\Python\Python311\site-packages\sklearn\metrics\_scorer.py", line 344, in _score
    response_method = _check_response_method(estimator, self._response_method)
                      ^^^^^^^^^^^^^^^^^^^^^^^^^^^^^^^^^^^^^^^^^^^^^^^^^^^^^^^^
  File "C:\Users\PC\AppData\Roaming\Python\Python311\site-packages\sklearn\utils\validation.py", line 2106, in _check_response_method
    raise AttributeError(
AttributeError: Pipeline has none of the following attributes: predict_proba.

  warnings.warn(

2026-06-19 23:43:50,132:WARNING:C:\Users\PC\AppData\Roaming\Python\Python311\site-packages\pycaret\internal\metrics.py:196: FitFailedWarning: Metric 'make_scorer(roc_auc_score, response_method='predict_proba', average=weighted, multi_class=ovr)' failed and error score 0.0 has been returned instead. If this is a custom metric, this usually means that the error is in the metric code. Full exception below:
Traceback (most recent call last):
  File "C:\Users\PC\AppData\Roaming\Python\Python311\site-packages\pycaret\internal\metrics.py", line 188, in _score
    return super()._score(
           ^^^^^^^^^^^^^^^
  File "C:\Users\PC\AppData\Roaming\Python\Python311\site-packages\sklearn\metrics\_scorer.py", line 344, in _score
    response_method = _check_response_method(estimator, self._response_method)
                      ^^^^^^^^^^^^^^^^^^^^^^^^^^^^^^^^^^^^^^^^^^^^^^^^^^^^^^^^
  File "C:\Users\PC\AppData\Roaming\Python\Python311\site-packages\sklearn\utils\validation.py", line 2106, in _check_response_method
    raise AttributeError(
AttributeError: Pipeline has none of the following attributes: predict_proba.

  warnings.warn(

2026-06-19 23:43:50,194:WARNING:C:\Users\PC\AppData\Roaming\Python\Python311\site-packages\pycaret\internal\metrics.py:196: FitFailedWarning: Metric 'make_scorer(roc_auc_score, response_method='predict_proba', average=weighted, multi_class=ovr)' failed and error score 0.0 has been returned instead. If this is a custom metric, this usually means that the error is in the metric code. Full exception below:
Traceback (most recent call last):
  File "C:\Users\PC\AppData\Roaming\Python\Python311\site-packages\pycaret\internal\metrics.py", line 188, in _score
    return super()._score(
           ^^^^^^^^^^^^^^^
  File "C:\Users\PC\AppData\Roaming\Python\Python311\site-packages\sklearn\metrics\_scorer.py", line 344, in _score
    response_method = _check_response_method(estimator, self._response_method)
                      ^^^^^^^^^^^^^^^^^^^^^^^^^^^^^^^^^^^^^^^^^^^^^^^^^^^^^^^^
  File "C:\Users\PC\AppData\Roaming\Python\Python311\site-packages\sklearn\utils\validation.py", line 2106, in _check_response_method
    raise AttributeError(
AttributeError: Pipeline has none of the following attributes: predict_proba.

  warnings.warn(

2026-06-19 23:43:50,212:INFO:Calculating mean and std
2026-06-19 23:43:50,213:INFO:Creating metrics dataframe
2026-06-19 23:43:50,215:INFO:Uploading results into container
2026-06-19 23:43:50,215:INFO:Uploading model into container now
2026-06-19 23:43:50,215:INFO:_master_model_container: 6
2026-06-19 23:43:50,215:INFO:_display_container: 2
2026-06-19 23:43:50,216:INFO:RidgeClassifier(alpha=1.0, class_weight=None, copy_X=True, fit_intercept=True,
                max_iter=None, positive=False, random_state=42, solver='auto',
                tol=0.0001)
2026-06-19 23:43:50,216:INFO:create_model() successfully completed......................................
2026-06-19 23:43:50,529:INFO:SubProcess create_model() end ==================================
2026-06-19 23:43:50,529:INFO:Creating metrics dataframe
2026-06-19 23:43:50,535:INFO:Initializing Random Forest Classifier
2026-06-19 23:43:50,535:INFO:Total runtime is 1.2212235808372498 minutes
2026-06-19 23:43:50,537:INFO:SubProcess create_model() called ==================================
2026-06-19 23:43:50,538:INFO:Initializing create_model()
2026-06-19 23:43:50,538:INFO:create_model(self=<pycaret.classification.oop.ClassificationExperiment object at 0x000001E95DB6D690>, estimator=rf, fold=StratifiedKFold(n_splits=10, random_state=None, shuffle=False), round=4, cross_validation=True, predict=True, fit_kwargs={}, groups=None, refit=False, probability_threshold=None, experiment_custom_tags=None, verbose=False, system=False, add_to_model_list=True, metrics=None, display=<pycaret.internal.display.display.CommonDisplay object at 0x000001EA09A9ACD0>, model_only=True, return_train_score=False, error_score=0.0, kwargs={})
2026-06-19 23:43:50,538:INFO:Checking exceptions
2026-06-19 23:43:50,538:INFO:Importing libraries
2026-06-19 23:43:50,538:INFO:Copying training dataset
2026-06-19 23:43:50,750:INFO:Defining folds
2026-06-19 23:43:50,750:INFO:Declaring metric variables
2026-06-19 23:43:50,752:INFO:Importing untrained model
2026-06-19 23:43:50,755:INFO:Random Forest Classifier Imported successfully
2026-06-19 23:43:50,759:INFO:Starting cross validation
2026-06-19 23:43:50,760:INFO:Cross validating with StratifiedKFold(n_splits=10, random_state=None, shuffle=False), n_jobs=-1
2026-06-19 23:44:34,927:INFO:Calculating mean and std
2026-06-19 23:44:34,928:INFO:Creating metrics dataframe
2026-06-19 23:44:34,930:INFO:Uploading results into container
2026-06-19 23:44:34,930:INFO:Uploading model into container now
2026-06-19 23:44:34,931:INFO:_master_model_container: 7
2026-06-19 23:44:34,931:INFO:_display_container: 2
2026-06-19 23:44:34,931:INFO:RandomForestClassifier(bootstrap=True, ccp_alpha=0.0, class_weight=None,
                       criterion='gini', max_depth=None, max_features='sqrt',
                       max_leaf_nodes=None, max_samples=None,
                       min_impurity_decrease=0.0, min_samples_leaf=1,
                       min_samples_split=2, min_weight_fraction_leaf=0.0,
                       monotonic_cst=None, n_estimators=100, n_jobs=-1,
                       oob_score=False, random_state=42, verbose=0,
                       warm_start=False)
2026-06-19 23:44:34,931:INFO:create_model() successfully completed......................................
2026-06-19 23:44:35,248:INFO:SubProcess create_model() end ==================================
2026-06-19 23:44:35,248:INFO:Creating metrics dataframe
2026-06-19 23:44:35,254:INFO:Initializing Quadratic Discriminant Analysis
2026-06-19 23:44:35,254:INFO:Total runtime is 1.966541024049123 minutes
2026-06-19 23:44:35,256:INFO:SubProcess create_model() called ==================================
2026-06-19 23:44:35,257:INFO:Initializing create_model()
2026-06-19 23:44:35,257:INFO:create_model(self=<pycaret.classification.oop.ClassificationExperiment object at 0x000001E95DB6D690>, estimator=qda, fold=StratifiedKFold(n_splits=10, random_state=None, shuffle=False), round=4, cross_validation=True, predict=True, fit_kwargs={}, groups=None, refit=False, probability_threshold=None, experiment_custom_tags=None, verbose=False, system=False, add_to_model_list=True, metrics=None, display=<pycaret.internal.display.display.CommonDisplay object at 0x000001EA09A9ACD0>, model_only=True, return_train_score=False, error_score=0.0, kwargs={})
2026-06-19 23:44:35,257:INFO:Checking exceptions
2026-06-19 23:44:35,257:INFO:Importing libraries
2026-06-19 23:44:35,257:INFO:Copying training dataset
2026-06-19 23:44:35,460:INFO:Defining folds
2026-06-19 23:44:35,460:INFO:Declaring metric variables
2026-06-19 23:44:35,462:INFO:Importing untrained model
2026-06-19 23:44:35,465:INFO:Quadratic Discriminant Analysis Imported successfully
2026-06-19 23:44:35,470:INFO:Starting cross validation
2026-06-19 23:44:35,471:INFO:Cross validating with StratifiedKFold(n_splits=10, random_state=None, shuffle=False), n_jobs=-1
2026-06-19 23:44:54,764:INFO:Calculating mean and std
2026-06-19 23:44:54,765:INFO:Creating metrics dataframe
2026-06-19 23:44:54,767:INFO:Uploading results into container
2026-06-19 23:44:54,768:INFO:Uploading model into container now
2026-06-19 23:44:54,768:INFO:_master_model_container: 8
2026-06-19 23:44:54,768:INFO:_display_container: 2
2026-06-19 23:44:54,769:INFO:QuadraticDiscriminantAnalysis(priors=None, reg_param=0.0,
                              store_covariance=False, tol=0.0001)
2026-06-19 23:44:54,769:INFO:create_model() successfully completed......................................
2026-06-19 23:44:55,037:INFO:SubProcess create_model() end ==================================
2026-06-19 23:44:55,037:INFO:Creating metrics dataframe
2026-06-19 23:44:55,043:INFO:Initializing Ada Boost Classifier
2026-06-19 23:44:55,043:INFO:Total runtime is 2.2963493506113686 minutes
2026-06-19 23:44:55,045:INFO:SubProcess create_model() called ==================================
2026-06-19 23:44:55,045:INFO:Initializing create_model()
2026-06-19 23:44:55,045:INFO:create_model(self=<pycaret.classification.oop.ClassificationExperiment object at 0x000001E95DB6D690>, estimator=ada, fold=StratifiedKFold(n_splits=10, random_state=None, shuffle=False), round=4, cross_validation=True, predict=True, fit_kwargs={}, groups=None, refit=False, probability_threshold=None, experiment_custom_tags=None, verbose=False, system=False, add_to_model_list=True, metrics=None, display=<pycaret.internal.display.display.CommonDisplay object at 0x000001EA09A9ACD0>, model_only=True, return_train_score=False, error_score=0.0, kwargs={})
2026-06-19 23:44:55,045:INFO:Checking exceptions
2026-06-19 23:44:55,046:INFO:Importing libraries
2026-06-19 23:44:55,046:INFO:Copying training dataset
2026-06-19 23:44:55,248:INFO:Defining folds
2026-06-19 23:44:55,248:INFO:Declaring metric variables
2026-06-19 23:44:55,252:INFO:Importing untrained model
2026-06-19 23:44:55,254:INFO:Ada Boost Classifier Imported successfully
2026-06-19 23:44:55,258:INFO:Starting cross validation
2026-06-19 23:44:55,259:INFO:Cross validating with StratifiedKFold(n_splits=10, random_state=None, shuffle=False), n_jobs=-1
2026-06-19 23:44:55,416:WARNING:C:\Users\PC\AppData\Roaming\Python\Python311\site-packages\sklearn\ensemble\_weight_boosting.py:519: FutureWarning: The SAMME.R algorithm (the default) is deprecated and will be removed in 1.6. Use the SAMME algorithm to circumvent this warning.
  warnings.warn(

2026-06-19 23:44:55,473:WARNING:C:\Users\PC\AppData\Roaming\Python\Python311\site-packages\sklearn\ensemble\_weight_boosting.py:519: FutureWarning: The SAMME.R algorithm (the default) is deprecated and will be removed in 1.6. Use the SAMME algorithm to circumvent this warning.
  warnings.warn(

2026-06-19 23:44:55,584:WARNING:C:\Users\PC\AppData\Roaming\Python\Python311\site-packages\sklearn\ensemble\_weight_boosting.py:519: FutureWarning: The SAMME.R algorithm (the default) is deprecated and will be removed in 1.6. Use the SAMME algorithm to circumvent this warning.
  warnings.warn(

2026-06-19 23:44:55,669:WARNING:C:\Users\PC\AppData\Roaming\Python\Python311\site-packages\sklearn\ensemble\_weight_boosting.py:519: FutureWarning: The SAMME.R algorithm (the default) is deprecated and will be removed in 1.6. Use the SAMME algorithm to circumvent this warning.
  warnings.warn(

2026-06-19 23:44:55,780:WARNING:C:\Users\PC\AppData\Roaming\Python\Python311\site-packages\sklearn\ensemble\_weight_boosting.py:519: FutureWarning: The SAMME.R algorithm (the default) is deprecated and will be removed in 1.6. Use the SAMME algorithm to circumvent this warning.
  warnings.warn(

2026-06-19 23:44:55,902:WARNING:C:\Users\PC\AppData\Roaming\Python\Python311\site-packages\sklearn\ensemble\_weight_boosting.py:519: FutureWarning: The SAMME.R algorithm (the default) is deprecated and will be removed in 1.6. Use the SAMME algorithm to circumvent this warning.
  warnings.warn(

2026-06-19 23:44:56,030:WARNING:C:\Users\PC\AppData\Roaming\Python\Python311\site-packages\sklearn\ensemble\_weight_boosting.py:519: FutureWarning: The SAMME.R algorithm (the default) is deprecated and will be removed in 1.6. Use the SAMME algorithm to circumvent this warning.
  warnings.warn(

2026-06-19 23:44:56,157:WARNING:C:\Users\PC\AppData\Roaming\Python\Python311\site-packages\sklearn\ensemble\_weight_boosting.py:519: FutureWarning: The SAMME.R algorithm (the default) is deprecated and will be removed in 1.6. Use the SAMME algorithm to circumvent this warning.
  warnings.warn(

2026-06-19 23:44:56,291:WARNING:C:\Users\PC\AppData\Roaming\Python\Python311\site-packages\sklearn\ensemble\_weight_boosting.py:519: FutureWarning: The SAMME.R algorithm (the default) is deprecated and will be removed in 1.6. Use the SAMME algorithm to circumvent this warning.
  warnings.warn(

2026-06-19 23:44:56,398:WARNING:C:\Users\PC\AppData\Roaming\Python\Python311\site-packages\sklearn\ensemble\_weight_boosting.py:519: FutureWarning: The SAMME.R algorithm (the default) is deprecated and will be removed in 1.6. Use the SAMME algorithm to circumvent this warning.
  warnings.warn(

2026-06-19 23:45:05,681:INFO:Calculating mean and std
2026-06-19 23:45:05,682:INFO:Creating metrics dataframe
2026-06-19 23:45:05,684:INFO:Uploading results into container
2026-06-19 23:45:05,684:INFO:Uploading model into container now
2026-06-19 23:45:05,684:INFO:_master_model_container: 9
2026-06-19 23:45:05,684:INFO:_display_container: 2
2026-06-19 23:45:05,685:INFO:AdaBoostClassifier(algorithm='SAMME.R', estimator=None, learning_rate=1.0,
                   n_estimators=50, random_state=42)
2026-06-19 23:45:05,685:INFO:create_model() successfully completed......................................
2026-06-19 23:45:05,913:INFO:SubProcess create_model() end ==================================
2026-06-19 23:45:05,914:INFO:Creating metrics dataframe
2026-06-19 23:45:05,920:INFO:Initializing Gradient Boosting Classifier
2026-06-19 23:45:05,920:INFO:Total runtime is 2.477632677555084 minutes
2026-06-19 23:45:05,922:INFO:SubProcess create_model() called ==================================
2026-06-19 23:45:05,922:INFO:Initializing create_model()
2026-06-19 23:45:05,922:INFO:create_model(self=<pycaret.classification.oop.ClassificationExperiment object at 0x000001E95DB6D690>, estimator=gbc, fold=StratifiedKFold(n_splits=10, random_state=None, shuffle=False), round=4, cross_validation=True, predict=True, fit_kwargs={}, groups=None, refit=False, probability_threshold=None, experiment_custom_tags=None, verbose=False, system=False, add_to_model_list=True, metrics=None, display=<pycaret.internal.display.display.CommonDisplay object at 0x000001EA09A9ACD0>, model_only=True, return_train_score=False, error_score=0.0, kwargs={})
2026-06-19 23:45:05,922:INFO:Checking exceptions
2026-06-19 23:45:05,922:INFO:Importing libraries
2026-06-19 23:45:05,922:INFO:Copying training dataset
2026-06-19 23:45:06,130:INFO:Defining folds
2026-06-19 23:45:06,130:INFO:Declaring metric variables
2026-06-19 23:45:06,133:INFO:Importing untrained model
2026-06-19 23:45:06,135:INFO:Gradient Boosting Classifier Imported successfully
2026-06-19 23:45:06,139:INFO:Starting cross validation
2026-06-19 23:45:06,140:INFO:Cross validating with StratifiedKFold(n_splits=10, random_state=None, shuffle=False), n_jobs=-1
2026-06-19 23:45:55,243:INFO:Calculating mean and std
2026-06-19 23:45:55,244:INFO:Creating metrics dataframe
2026-06-19 23:45:55,246:INFO:Uploading results into container
2026-06-19 23:45:55,247:INFO:Uploading model into container now
2026-06-19 23:45:55,248:INFO:_master_model_container: 10
2026-06-19 23:45:55,248:INFO:_display_container: 2
2026-06-19 23:45:55,248:INFO:GradientBoostingClassifier(ccp_alpha=0.0, criterion='friedman_mse', init=None,
                           learning_rate=0.1, loss='log_loss', max_depth=3,
                           max_features=None, max_leaf_nodes=None,
                           min_impurity_decrease=0.0, min_samples_leaf=1,
                           min_samples_split=2, min_weight_fraction_leaf=0.0,
                           n_estimators=100, n_iter_no_change=None,
                           random_state=42, subsample=1.0, tol=0.0001,
                           validation_fraction=0.1, verbose=0,
                           warm_start=False)
2026-06-19 23:45:55,248:INFO:create_model() successfully completed......................................
2026-06-19 23:45:55,492:INFO:SubProcess create_model() end ==================================
2026-06-19 23:45:55,492:INFO:Creating metrics dataframe
2026-06-19 23:45:55,499:INFO:Initializing Linear Discriminant Analysis
2026-06-19 23:45:55,499:INFO:Total runtime is 3.3039576808611546 minutes
2026-06-19 23:45:55,502:INFO:SubProcess create_model() called ==================================
2026-06-19 23:45:55,502:INFO:Initializing create_model()
2026-06-19 23:45:55,502:INFO:create_model(self=<pycaret.classification.oop.ClassificationExperiment object at 0x000001E95DB6D690>, estimator=lda, fold=StratifiedKFold(n_splits=10, random_state=None, shuffle=False), round=4, cross_validation=True, predict=True, fit_kwargs={}, groups=None, refit=False, probability_threshold=None, experiment_custom_tags=None, verbose=False, system=False, add_to_model_list=True, metrics=None, display=<pycaret.internal.display.display.CommonDisplay object at 0x000001EA09A9ACD0>, model_only=True, return_train_score=False, error_score=0.0, kwargs={})
2026-06-19 23:45:55,502:INFO:Checking exceptions
2026-06-19 23:45:55,502:INFO:Importing libraries
2026-06-19 23:45:55,502:INFO:Copying training dataset
2026-06-19 23:45:55,713:INFO:Defining folds
2026-06-19 23:45:55,713:INFO:Declaring metric variables
2026-06-19 23:45:55,715:INFO:Importing untrained model
2026-06-19 23:45:55,719:INFO:Linear Discriminant Analysis Imported successfully
2026-06-19 23:45:55,723:INFO:Starting cross validation
2026-06-19 23:45:55,724:INFO:Cross validating with StratifiedKFold(n_splits=10, random_state=None, shuffle=False), n_jobs=-1
2026-06-19 23:46:06,512:INFO:Calculating mean and std
2026-06-19 23:46:06,514:INFO:Creating metrics dataframe
2026-06-19 23:46:06,516:INFO:Uploading results into container
2026-06-19 23:46:06,517:INFO:Uploading model into container now
2026-06-19 23:46:06,517:INFO:_master_model_container: 11
2026-06-19 23:46:06,517:INFO:_display_container: 2
2026-06-19 23:46:06,517:INFO:LinearDiscriminantAnalysis(covariance_estimator=None, n_components=None,
                           priors=None, shrinkage=None, solver='svd',
                           store_covariance=False, tol=0.0001)
2026-06-19 23:46:06,517:INFO:create_model() successfully completed......................................
2026-06-19 23:46:06,803:INFO:SubProcess create_model() end ==================================
2026-06-19 23:46:06,803:INFO:Creating metrics dataframe
2026-06-19 23:46:06,810:INFO:Initializing Extra Trees Classifier
2026-06-19 23:46:06,810:INFO:Total runtime is 3.4924660086631767 minutes
2026-06-19 23:46:06,812:INFO:SubProcess create_model() called ==================================
2026-06-19 23:46:06,812:INFO:Initializing create_model()
2026-06-19 23:46:06,812:INFO:create_model(self=<pycaret.classification.oop.ClassificationExperiment object at 0x000001E95DB6D690>, estimator=et, fold=StratifiedKFold(n_splits=10, random_state=None, shuffle=False), round=4, cross_validation=True, predict=True, fit_kwargs={}, groups=None, refit=False, probability_threshold=None, experiment_custom_tags=None, verbose=False, system=False, add_to_model_list=True, metrics=None, display=<pycaret.internal.display.display.CommonDisplay object at 0x000001EA09A9ACD0>, model_only=True, return_train_score=False, error_score=0.0, kwargs={})
2026-06-19 23:46:06,812:INFO:Checking exceptions
2026-06-19 23:46:06,813:INFO:Importing libraries
2026-06-19 23:46:06,813:INFO:Copying training dataset
2026-06-19 23:46:07,022:INFO:Defining folds
2026-06-19 23:46:07,023:INFO:Declaring metric variables
2026-06-19 23:46:07,025:INFO:Importing untrained model
2026-06-19 23:46:07,028:INFO:Extra Trees Classifier Imported successfully
2026-06-19 23:46:07,034:INFO:Starting cross validation
2026-06-19 23:46:07,034:INFO:Cross validating with StratifiedKFold(n_splits=10, random_state=None, shuffle=False), n_jobs=-1
2026-06-19 23:47:21,615:INFO:Calculating mean and std
2026-06-19 23:47:21,616:INFO:Creating metrics dataframe
2026-06-19 23:47:21,619:INFO:Uploading results into container
2026-06-19 23:47:21,620:INFO:Uploading model into container now
2026-06-19 23:47:21,621:INFO:_master_model_container: 12
2026-06-19 23:47:21,621:INFO:_display_container: 2
2026-06-19 23:47:21,622:INFO:ExtraTreesClassifier(bootstrap=False, ccp_alpha=0.0, class_weight=None,
                     criterion='gini', max_depth=None, max_features='sqrt',
                     max_leaf_nodes=None, max_samples=None,
                     min_impurity_decrease=0.0, min_samples_leaf=1,
                     min_samples_split=2, min_weight_fraction_leaf=0.0,
                     monotonic_cst=None, n_estimators=100, n_jobs=-1,
                     oob_score=False, random_state=42, verbose=0,
                     warm_start=False)
2026-06-19 23:47:21,622:INFO:create_model() successfully completed......................................
2026-06-19 23:47:22,150:INFO:SubProcess create_model() end ==================================
2026-06-19 23:47:22,150:INFO:Creating metrics dataframe
2026-06-19 23:47:22,161:INFO:Initializing Light Gradient Boosting Machine
2026-06-19 23:47:22,161:INFO:Total runtime is 4.748324358463287 minutes
2026-06-19 23:47:22,164:INFO:SubProcess create_model() called ==================================
2026-06-19 23:47:22,165:INFO:Initializing create_model()
2026-06-19 23:47:22,165:INFO:create_model(self=<pycaret.classification.oop.ClassificationExperiment object at 0x000001E95DB6D690>, estimator=lightgbm, fold=StratifiedKFold(n_splits=10, random_state=None, shuffle=False), round=4, cross_validation=True, predict=True, fit_kwargs={}, groups=None, refit=False, probability_threshold=None, experiment_custom_tags=None, verbose=False, system=False, add_to_model_list=True, metrics=None, display=<pycaret.internal.display.display.CommonDisplay object at 0x000001EA09A9ACD0>, model_only=True, return_train_score=False, error_score=0.0, kwargs={})
2026-06-19 23:47:22,165:INFO:Checking exceptions
2026-06-19 23:47:22,165:INFO:Importing libraries
2026-06-19 23:47:22,165:INFO:Copying training dataset
2026-06-19 23:47:22,450:INFO:Defining folds
2026-06-19 23:47:22,450:INFO:Declaring metric variables
2026-06-19 23:47:22,455:INFO:Importing untrained model
2026-06-19 23:47:22,459:INFO:Light Gradient Boosting Machine Imported successfully
2026-06-19 23:47:22,465:INFO:Starting cross validation
2026-06-19 23:47:22,466:INFO:Cross validating with StratifiedKFold(n_splits=10, random_state=None, shuffle=False), n_jobs=-1
2026-06-19 23:47:27,835:INFO:Calculating mean and std
2026-06-19 23:47:27,837:INFO:Creating metrics dataframe
2026-06-19 23:47:27,839:INFO:Uploading results into container
2026-06-19 23:47:27,839:INFO:Uploading model into container now
2026-06-19 23:47:27,840:INFO:_master_model_container: 13
2026-06-19 23:47:27,840:INFO:_display_container: 2
2026-06-19 23:47:27,841:INFO:LGBMClassifier(boosting_type='gbdt', class_weight=None, colsample_bytree=1.0,
               importance_type='split', learning_rate=0.1, max_depth=-1,
               min_child_samples=20, min_child_weight=0.001, min_split_gain=0.0,
               n_estimators=100, n_jobs=-1, num_leaves=31, objective=None,
               random_state=42, reg_alpha=0.0, reg_lambda=0.0, subsample=1.0,
               subsample_for_bin=200000, subsample_freq=0)
2026-06-19 23:47:27,841:INFO:create_model() successfully completed......................................
2026-06-19 23:47:28,192:INFO:SubProcess create_model() end ==================================
2026-06-19 23:47:28,193:INFO:Creating metrics dataframe
2026-06-19 23:47:28,201:INFO:Initializing Dummy Classifier
2026-06-19 23:47:28,202:INFO:Total runtime is 4.848999373118082 minutes
2026-06-19 23:47:28,207:INFO:SubProcess create_model() called ==================================
2026-06-19 23:47:28,207:INFO:Initializing create_model()
2026-06-19 23:47:28,207:INFO:create_model(self=<pycaret.classification.oop.ClassificationExperiment object at 0x000001E95DB6D690>, estimator=dummy, fold=StratifiedKFold(n_splits=10, random_state=None, shuffle=False), round=4, cross_validation=True, predict=True, fit_kwargs={}, groups=None, refit=False, probability_threshold=None, experiment_custom_tags=None, verbose=False, system=False, add_to_model_list=True, metrics=None, display=<pycaret.internal.display.display.CommonDisplay object at 0x000001EA09A9ACD0>, model_only=True, return_train_score=False, error_score=0.0, kwargs={})
2026-06-19 23:47:28,207:INFO:Checking exceptions
2026-06-19 23:47:28,207:INFO:Importing libraries
2026-06-19 23:47:28,207:INFO:Copying training dataset
2026-06-19 23:47:28,487:INFO:Defining folds
2026-06-19 23:47:28,487:INFO:Declaring metric variables
2026-06-19 23:47:28,490:INFO:Importing untrained model
2026-06-19 23:47:28,494:INFO:Dummy Classifier Imported successfully
2026-06-19 23:47:28,499:INFO:Starting cross validation
2026-06-19 23:47:28,500:INFO:Cross validating with StratifiedKFold(n_splits=10, random_state=None, shuffle=False), n_jobs=-1
2026-06-19 23:47:28,711:WARNING:C:\Users\PC\AppData\Roaming\Python\Python311\site-packages\sklearn\metrics\_classification.py:1509: UndefinedMetricWarning: Precision is ill-defined and being set to 0.0 due to no predicted samples. Use `zero_division` parameter to control this behavior.
  _warn_prf(average, modifier, f"{metric.capitalize()} is", len(result))

2026-06-19 23:47:28,782:WARNING:C:\Users\PC\AppData\Roaming\Python\Python311\site-packages\sklearn\metrics\_classification.py:1509: UndefinedMetricWarning: Precision is ill-defined and being set to 0.0 due to no predicted samples. Use `zero_division` parameter to control this behavior.
  _warn_prf(average, modifier, f"{metric.capitalize()} is", len(result))

2026-06-19 23:47:28,840:WARNING:C:\Users\PC\AppData\Roaming\Python\Python311\site-packages\sklearn\metrics\_classification.py:1509: UndefinedMetricWarning: Precision is ill-defined and being set to 0.0 due to no predicted samples. Use `zero_division` parameter to control this behavior.
  _warn_prf(average, modifier, f"{metric.capitalize()} is", len(result))

2026-06-19 23:47:28,919:WARNING:C:\Users\PC\AppData\Roaming\Python\Python311\site-packages\sklearn\metrics\_classification.py:1509: UndefinedMetricWarning: Precision is ill-defined and being set to 0.0 due to no predicted samples. Use `zero_division` parameter to control this behavior.
  _warn_prf(average, modifier, f"{metric.capitalize()} is", len(result))

2026-06-19 23:47:29,010:WARNING:C:\Users\PC\AppData\Roaming\Python\Python311\site-packages\sklearn\metrics\_classification.py:1509: UndefinedMetricWarning: Precision is ill-defined and being set to 0.0 due to no predicted samples. Use `zero_division` parameter to control this behavior.
  _warn_prf(average, modifier, f"{metric.capitalize()} is", len(result))

2026-06-19 23:47:29,082:WARNING:C:\Users\PC\AppData\Roaming\Python\Python311\site-packages\sklearn\metrics\_classification.py:1509: UndefinedMetricWarning: Precision is ill-defined and being set to 0.0 due to no predicted samples. Use `zero_division` parameter to control this behavior.
  _warn_prf(average, modifier, f"{metric.capitalize()} is", len(result))

2026-06-19 23:47:29,140:WARNING:C:\Users\PC\AppData\Roaming\Python\Python311\site-packages\sklearn\metrics\_classification.py:1509: UndefinedMetricWarning: Precision is ill-defined and being set to 0.0 due to no predicted samples. Use `zero_division` parameter to control this behavior.
  _warn_prf(average, modifier, f"{metric.capitalize()} is", len(result))

2026-06-19 23:47:29,218:WARNING:C:\Users\PC\AppData\Roaming\Python\Python311\site-packages\sklearn\metrics\_classification.py:1509: UndefinedMetricWarning: Precision is ill-defined and being set to 0.0 due to no predicted samples. Use `zero_division` parameter to control this behavior.
  _warn_prf(average, modifier, f"{metric.capitalize()} is", len(result))

2026-06-19 23:47:29,304:WARNING:C:\Users\PC\AppData\Roaming\Python\Python311\site-packages\sklearn\metrics\_classification.py:1509: UndefinedMetricWarning: Precision is ill-defined and being set to 0.0 due to no predicted samples. Use `zero_division` parameter to control this behavior.
  _warn_prf(average, modifier, f"{metric.capitalize()} is", len(result))

2026-06-19 23:47:29,362:WARNING:C:\Users\PC\AppData\Roaming\Python\Python311\site-packages\sklearn\metrics\_classification.py:1509: UndefinedMetricWarning: Precision is ill-defined and being set to 0.0 due to no predicted samples. Use `zero_division` parameter to control this behavior.
  _warn_prf(average, modifier, f"{metric.capitalize()} is", len(result))

2026-06-19 23:47:29,375:INFO:Calculating mean and std
2026-06-19 23:47:29,376:INFO:Creating metrics dataframe
2026-06-19 23:47:29,377:INFO:Uploading results into container
2026-06-19 23:47:29,378:INFO:Uploading model into container now
2026-06-19 23:47:29,378:INFO:_master_model_container: 14
2026-06-19 23:47:29,378:INFO:_display_container: 2
2026-06-19 23:47:29,378:INFO:DummyClassifier(constant=None, random_state=42, strategy='prior')
2026-06-19 23:47:29,378:INFO:create_model() successfully completed......................................
2026-06-19 23:47:30,015:INFO:SubProcess create_model() end ==================================
2026-06-19 23:47:30,015:INFO:Creating metrics dataframe
2026-06-19 23:47:30,035:INFO:Initializing create_model()
2026-06-19 23:47:30,036:INFO:create_model(self=<pycaret.classification.oop.ClassificationExperiment object at 0x000001E95DB6D690>, estimator=QuadraticDiscriminantAnalysis(priors=None, reg_param=0.0,
                              store_covariance=False, tol=0.0001), fold=StratifiedKFold(n_splits=10, random_state=None, shuffle=False), round=4, cross_validation=False, predict=False, fit_kwargs={}, groups=None, refit=True, probability_threshold=None, experiment_custom_tags=None, verbose=False, system=False, add_to_model_list=True, metrics=None, display=None, model_only=True, return_train_score=False, error_score=0.0, kwargs={})
2026-06-19 23:47:30,036:INFO:Checking exceptions
2026-06-19 23:47:30,039:INFO:Importing libraries
2026-06-19 23:47:30,039:INFO:Copying training dataset
2026-06-19 23:47:30,315:INFO:Defining folds
2026-06-19 23:47:30,315:INFO:Declaring metric variables
2026-06-19 23:47:30,316:INFO:Importing untrained model
2026-06-19 23:47:30,316:INFO:Declaring custom model
2026-06-19 23:47:30,316:INFO:Quadratic Discriminant Analysis Imported successfully
2026-06-19 23:47:30,317:INFO:Cross validation set to False
2026-06-19 23:47:30,317:INFO:Fitting Model
2026-06-19 23:47:31,929:INFO:QuadraticDiscriminantAnalysis(priors=None, reg_param=0.0,
                              store_covariance=False, tol=0.0001)
2026-06-19 23:47:31,929:INFO:create_model() successfully completed......................................
2026-06-19 23:47:32,207:INFO:_master_model_container: 14
2026-06-19 23:47:32,207:INFO:_display_container: 2
2026-06-19 23:47:32,208:INFO:QuadraticDiscriminantAnalysis(priors=None, reg_param=0.0,
                              store_covariance=False, tol=0.0001)
2026-06-19 23:47:32,208:INFO:compare_models() successfully completed......................................
2026-06-19 23:47:32,209:INFO:Initializing compare_models()
2026-06-19 23:47:32,209:INFO:compare_models(self=<pycaret.classification.oop.ClassificationExperiment object at 0x000001E95DB6D690>, include=None, exclude=None, fold=None, round=4, cross_validation=True, sort=F1, n_select=1, budget_time=None, turbo=True, errors=ignore, fit_kwargs=None, groups=None, experiment_custom_tags=None, probability_threshold=None, verbose=True, parallel=None, caller_params={'self': <pycaret.classification.oop.ClassificationExperiment object at 0x000001E95DB6D690>, 'include': None, 'exclude': None, 'fold': None, 'round': 4, 'cross_validation': True, 'sort': 'F1', 'n_select': 1, 'budget_time': None, 'turbo': True, 'errors': 'ignore', 'fit_kwargs': None, 'groups': None, 'experiment_custom_tags': None, 'probability_threshold': None, 'engine': None, 'verbose': True, 'parallel': None, '__class__': <class 'pycaret.classification.oop.ClassificationExperiment'>})
2026-06-19 23:47:32,209:INFO:Checking exceptions
2026-06-19 23:47:32,288:INFO:Preparing display monitor
2026-06-19 23:47:32,302:INFO:Initializing Logistic Regression
2026-06-19 23:47:32,302:INFO:Total runtime is 8.443991343180338e-06 minutes
2026-06-19 23:47:32,305:INFO:SubProcess create_model() called ==================================
2026-06-19 23:47:32,305:INFO:Initializing create_model()
2026-06-19 23:47:32,305:INFO:create_model(self=<pycaret.classification.oop.ClassificationExperiment object at 0x000001E95DB6D690>, estimator=lr, fold=StratifiedKFold(n_splits=10, random_state=None, shuffle=False), round=4, cross_validation=True, predict=True, fit_kwargs={}, groups=None, refit=False, probability_threshold=None, experiment_custom_tags=None, verbose=False, system=False, add_to_model_list=True, metrics=None, display=<pycaret.internal.display.display.CommonDisplay object at 0x000001E95DCBC310>, model_only=True, return_train_score=False, error_score=0.0, kwargs={})
2026-06-19 23:47:32,305:INFO:Checking exceptions
2026-06-19 23:47:32,305:INFO:Importing libraries
2026-06-19 23:47:32,305:INFO:Copying training dataset
2026-06-19 23:47:32,517:INFO:Defining folds
2026-06-19 23:47:32,517:INFO:Declaring metric variables
2026-06-19 23:47:32,520:INFO:Importing untrained model
2026-06-19 23:47:32,522:INFO:Logistic Regression Imported successfully
2026-06-19 23:47:32,527:INFO:Starting cross validation
2026-06-19 23:47:32,528:INFO:Cross validating with StratifiedKFold(n_splits=10, random_state=None, shuffle=False), n_jobs=-1
2026-06-19 23:48:11,468:INFO:Calculating mean and std
2026-06-19 23:48:11,469:INFO:Creating metrics dataframe
2026-06-19 23:48:11,471:INFO:Uploading results into container
2026-06-19 23:48:11,472:INFO:Uploading model into container now
2026-06-19 23:48:11,472:INFO:_master_model_container: 15
2026-06-19 23:48:11,473:INFO:_display_container: 3
2026-06-19 23:48:11,473:INFO:LogisticRegression(C=1.0, class_weight=None, dual=False, fit_intercept=True,
                   intercept_scaling=1, l1_ratio=None, max_iter=1000,
                   multi_class='auto', n_jobs=None, penalty='l2',
                   random_state=42, solver='lbfgs', tol=0.0001, verbose=0,
                   warm_start=False)
2026-06-19 23:48:11,473:INFO:create_model() successfully completed......................................
2026-06-19 23:48:11,752:INFO:SubProcess create_model() end ==================================
2026-06-19 23:48:11,752:INFO:Creating metrics dataframe
2026-06-19 23:48:11,757:INFO:Initializing K Neighbors Classifier
2026-06-19 23:48:11,757:INFO:Total runtime is 0.6575916687647502 minutes
2026-06-19 23:48:11,759:INFO:SubProcess create_model() called ==================================
2026-06-19 23:48:11,759:INFO:Initializing create_model()
2026-06-19 23:48:11,760:INFO:create_model(self=<pycaret.classification.oop.ClassificationExperiment object at 0x000001E95DB6D690>, estimator=knn, fold=StratifiedKFold(n_splits=10, random_state=None, shuffle=False), round=4, cross_validation=True, predict=True, fit_kwargs={}, groups=None, refit=False, probability_threshold=None, experiment_custom_tags=None, verbose=False, system=False, add_to_model_list=True, metrics=None, display=<pycaret.internal.display.display.CommonDisplay object at 0x000001E95DCBC310>, model_only=True, return_train_score=False, error_score=0.0, kwargs={})
2026-06-19 23:48:11,760:INFO:Checking exceptions
2026-06-19 23:48:11,760:INFO:Importing libraries
2026-06-19 23:48:11,760:INFO:Copying training dataset
2026-06-19 23:48:11,968:INFO:Defining folds
2026-06-19 23:48:11,968:INFO:Declaring metric variables
2026-06-19 23:48:11,970:INFO:Importing untrained model
2026-06-19 23:48:11,974:INFO:K Neighbors Classifier Imported successfully
2026-06-19 23:48:11,979:INFO:Starting cross validation
2026-06-19 23:48:11,980:INFO:Cross validating with StratifiedKFold(n_splits=10, random_state=None, shuffle=False), n_jobs=-1
2026-06-19 23:48:25,019:INFO:Calculating mean and std
2026-06-19 23:48:25,020:INFO:Creating metrics dataframe
2026-06-19 23:48:25,022:INFO:Uploading results into container
2026-06-19 23:48:25,022:INFO:Uploading model into container now
2026-06-19 23:48:25,022:INFO:_master_model_container: 16
2026-06-19 23:48:25,022:INFO:_display_container: 3
2026-06-19 23:48:25,023:INFO:KNeighborsClassifier(algorithm='auto', leaf_size=30, metric='minkowski',
                     metric_params=None, n_jobs=-1, n_neighbors=5, p=2,
                     weights='uniform')
2026-06-19 23:48:25,023:INFO:create_model() successfully completed......................................
2026-06-19 23:48:25,264:INFO:SubProcess create_model() end ==================================
2026-06-19 23:48:25,264:INFO:Creating metrics dataframe
2026-06-19 23:48:25,269:INFO:Initializing Naive Bayes
2026-06-19 23:48:25,270:INFO:Total runtime is 0.8828000028928121 minutes
2026-06-19 23:48:25,272:INFO:SubProcess create_model() called ==================================
2026-06-19 23:48:25,272:INFO:Initializing create_model()
2026-06-19 23:48:25,273:INFO:create_model(self=<pycaret.classification.oop.ClassificationExperiment object at 0x000001E95DB6D690>, estimator=nb, fold=StratifiedKFold(n_splits=10, random_state=None, shuffle=False), round=4, cross_validation=True, predict=True, fit_kwargs={}, groups=None, refit=False, probability_threshold=None, experiment_custom_tags=None, verbose=False, system=False, add_to_model_list=True, metrics=None, display=<pycaret.internal.display.display.CommonDisplay object at 0x000001E95DCBC310>, model_only=True, return_train_score=False, error_score=0.0, kwargs={})
2026-06-19 23:48:25,273:INFO:Checking exceptions
2026-06-19 23:48:25,273:INFO:Importing libraries
2026-06-19 23:48:25,273:INFO:Copying training dataset
2026-06-19 23:48:25,481:INFO:Defining folds
2026-06-19 23:48:25,481:INFO:Declaring metric variables
2026-06-19 23:48:25,484:INFO:Importing untrained model
2026-06-19 23:48:25,487:INFO:Naive Bayes Imported successfully
2026-06-19 23:48:25,493:INFO:Starting cross validation
2026-06-19 23:48:25,493:INFO:Cross validating with StratifiedKFold(n_splits=10, random_state=None, shuffle=False), n_jobs=-1
2026-06-19 23:48:27,187:INFO:Calculating mean and std
2026-06-19 23:48:27,188:INFO:Creating metrics dataframe
2026-06-19 23:48:27,190:INFO:Uploading results into container
2026-06-19 23:48:27,190:INFO:Uploading model into container now
2026-06-19 23:48:27,190:INFO:_master_model_container: 17
2026-06-19 23:48:27,190:INFO:_display_container: 3
2026-06-19 23:48:27,191:INFO:GaussianNB(priors=None, var_smoothing=1e-09)
2026-06-19 23:48:27,191:INFO:create_model() successfully completed......................................
2026-06-19 23:48:27,503:INFO:SubProcess create_model() end ==================================
2026-06-19 23:48:27,503:INFO:Creating metrics dataframe
2026-06-19 23:48:27,510:INFO:Initializing Decision Tree Classifier
2026-06-19 23:48:27,510:INFO:Total runtime is 0.9201333363850912 minutes
2026-06-19 23:48:27,512:INFO:SubProcess create_model() called ==================================
2026-06-19 23:48:27,513:INFO:Initializing create_model()
2026-06-19 23:48:27,513:INFO:create_model(self=<pycaret.classification.oop.ClassificationExperiment object at 0x000001E95DB6D690>, estimator=dt, fold=StratifiedKFold(n_splits=10, random_state=None, shuffle=False), round=4, cross_validation=True, predict=True, fit_kwargs={}, groups=None, refit=False, probability_threshold=None, experiment_custom_tags=None, verbose=False, system=False, add_to_model_list=True, metrics=None, display=<pycaret.internal.display.display.CommonDisplay object at 0x000001E95DCBC310>, model_only=True, return_train_score=False, error_score=0.0, kwargs={})
2026-06-19 23:48:27,513:INFO:Checking exceptions
2026-06-19 23:48:27,513:INFO:Importing libraries
2026-06-19 23:48:27,513:INFO:Copying training dataset
2026-06-19 23:48:27,723:INFO:Defining folds
2026-06-19 23:48:27,723:INFO:Declaring metric variables
2026-06-19 23:48:27,725:INFO:Importing untrained model
2026-06-19 23:48:27,729:INFO:Decision Tree Classifier Imported successfully
2026-06-19 23:48:27,734:INFO:Starting cross validation
2026-06-19 23:48:27,735:INFO:Cross validating with StratifiedKFold(n_splits=10, random_state=None, shuffle=False), n_jobs=-1
2026-06-19 23:48:34,941:INFO:Calculating mean and std
2026-06-19 23:48:34,942:INFO:Creating metrics dataframe
2026-06-19 23:48:34,943:INFO:Uploading results into container
2026-06-19 23:48:34,943:INFO:Uploading model into container now
2026-06-19 23:48:34,944:INFO:_master_model_container: 18
2026-06-19 23:48:34,944:INFO:_display_container: 3
2026-06-19 23:48:34,944:INFO:DecisionTreeClassifier(ccp_alpha=0.0, class_weight=None, criterion='gini',
                       max_depth=None, max_features=None, max_leaf_nodes=None,
                       min_impurity_decrease=0.0, min_samples_leaf=1,
                       min_samples_split=2, min_weight_fraction_leaf=0.0,
                       monotonic_cst=None, random_state=42, splitter='best')
2026-06-19 23:48:34,944:INFO:create_model() successfully completed......................................
2026-06-19 23:48:35,190:INFO:SubProcess create_model() end ==================================
2026-06-19 23:48:35,191:INFO:Creating metrics dataframe
2026-06-19 23:48:35,198:INFO:Initializing SVM - Linear Kernel
2026-06-19 23:48:35,198:INFO:Total runtime is 1.0482627669970195 minutes
2026-06-19 23:48:35,200:INFO:SubProcess create_model() called ==================================
2026-06-19 23:48:35,201:INFO:Initializing create_model()
2026-06-19 23:48:35,201:INFO:create_model(self=<pycaret.classification.oop.ClassificationExperiment object at 0x000001E95DB6D690>, estimator=svm, fold=StratifiedKFold(n_splits=10, random_state=None, shuffle=False), round=4, cross_validation=True, predict=True, fit_kwargs={}, groups=None, refit=False, probability_threshold=None, experiment_custom_tags=None, verbose=False, system=False, add_to_model_list=True, metrics=None, display=<pycaret.internal.display.display.CommonDisplay object at 0x000001E95DCBC310>, model_only=True, return_train_score=False, error_score=0.0, kwargs={})
2026-06-19 23:48:35,201:INFO:Checking exceptions
2026-06-19 23:48:35,201:INFO:Importing libraries
2026-06-19 23:48:35,201:INFO:Copying training dataset
2026-06-19 23:48:35,413:INFO:Defining folds
2026-06-19 23:48:35,413:INFO:Declaring metric variables
2026-06-19 23:48:35,416:INFO:Importing untrained model
2026-06-19 23:48:35,420:INFO:SVM - Linear Kernel Imported successfully
2026-06-19 23:48:35,424:INFO:Starting cross validation
2026-06-19 23:48:35,425:INFO:Cross validating with StratifiedKFold(n_splits=10, random_state=None, shuffle=False), n_jobs=-1
2026-06-19 23:48:37,924:WARNING:C:\Users\PC\AppData\Roaming\Python\Python311\site-packages\pycaret\internal\metrics.py:196: FitFailedWarning: Metric 'make_scorer(roc_auc_score, response_method='predict_proba', average=weighted, multi_class=ovr)' failed and error score 0.0 has been returned instead. If this is a custom metric, this usually means that the error is in the metric code. Full exception below:
Traceback (most recent call last):
  File "C:\Users\PC\AppData\Roaming\Python\Python311\site-packages\pycaret\internal\metrics.py", line 188, in _score
    return super()._score(
           ^^^^^^^^^^^^^^^
  File "C:\Users\PC\AppData\Roaming\Python\Python311\site-packages\sklearn\metrics\_scorer.py", line 344, in _score
    response_method = _check_response_method(estimator, self._response_method)
                      ^^^^^^^^^^^^^^^^^^^^^^^^^^^^^^^^^^^^^^^^^^^^^^^^^^^^^^^^
  File "C:\Users\PC\AppData\Roaming\Python\Python311\site-packages\sklearn\utils\validation.py", line 2106, in _check_response_method
    raise AttributeError(
AttributeError: Pipeline has none of the following attributes: predict_proba.

  warnings.warn(

2026-06-19 23:48:37,941:WARNING:C:\Users\PC\AppData\Roaming\Python\Python311\site-packages\pycaret\internal\metrics.py:196: FitFailedWarning: Metric 'make_scorer(roc_auc_score, response_method='predict_proba', average=weighted, multi_class=ovr)' failed and error score 0.0 has been returned instead. If this is a custom metric, this usually means that the error is in the metric code. Full exception below:
Traceback (most recent call last):
  File "C:\Users\PC\AppData\Roaming\Python\Python311\site-packages\pycaret\internal\metrics.py", line 188, in _score
    return super()._score(
           ^^^^^^^^^^^^^^^
  File "C:\Users\PC\AppData\Roaming\Python\Python311\site-packages\sklearn\metrics\_scorer.py", line 344, in _score
    response_method = _check_response_method(estimator, self._response_method)
                      ^^^^^^^^^^^^^^^^^^^^^^^^^^^^^^^^^^^^^^^^^^^^^^^^^^^^^^^^
  File "C:\Users\PC\AppData\Roaming\Python\Python311\site-packages\sklearn\utils\validation.py", line 2106, in _check_response_method
    raise AttributeError(
AttributeError: Pipeline has none of the following attributes: predict_proba.

  warnings.warn(

2026-06-19 23:48:38,213:WARNING:C:\Users\PC\AppData\Roaming\Python\Python311\site-packages\pycaret\internal\metrics.py:196: FitFailedWarning: Metric 'make_scorer(roc_auc_score, response_method='predict_proba', average=weighted, multi_class=ovr)' failed and error score 0.0 has been returned instead. If this is a custom metric, this usually means that the error is in the metric code. Full exception below:
Traceback (most recent call last):
  File "C:\Users\PC\AppData\Roaming\Python\Python311\site-packages\pycaret\internal\metrics.py", line 188, in _score
    return super()._score(
           ^^^^^^^^^^^^^^^
  File "C:\Users\PC\AppData\Roaming\Python\Python311\site-packages\sklearn\metrics\_scorer.py", line 344, in _score
    response_method = _check_response_method(estimator, self._response_method)
                      ^^^^^^^^^^^^^^^^^^^^^^^^^^^^^^^^^^^^^^^^^^^^^^^^^^^^^^^^
  File "C:\Users\PC\AppData\Roaming\Python\Python311\site-packages\sklearn\utils\validation.py", line 2106, in _check_response_method
    raise AttributeError(
AttributeError: Pipeline has none of the following attributes: predict_proba.

  warnings.warn(

2026-06-19 23:48:38,237:WARNING:C:\Users\PC\AppData\Roaming\Python\Python311\site-packages\pycaret\internal\metrics.py:196: FitFailedWarning: Metric 'make_scorer(roc_auc_score, response_method='predict_proba', average=weighted, multi_class=ovr)' failed and error score 0.0 has been returned instead. If this is a custom metric, this usually means that the error is in the metric code. Full exception below:
Traceback (most recent call last):
  File "C:\Users\PC\AppData\Roaming\Python\Python311\site-packages\pycaret\internal\metrics.py", line 188, in _score
    return super()._score(
           ^^^^^^^^^^^^^^^
  File "C:\Users\PC\AppData\Roaming\Python\Python311\site-packages\sklearn\metrics\_scorer.py", line 344, in _score
    response_method = _check_response_method(estimator, self._response_method)
                      ^^^^^^^^^^^^^^^^^^^^^^^^^^^^^^^^^^^^^^^^^^^^^^^^^^^^^^^^
  File "C:\Users\PC\AppData\Roaming\Python\Python311\site-packages\sklearn\utils\validation.py", line 2106, in _check_response_method
    raise AttributeError(
AttributeError: Pipeline has none of the following attributes: predict_proba.

  warnings.warn(

2026-06-19 23:48:38,484:WARNING:C:\Users\PC\AppData\Roaming\Python\Python311\site-packages\pycaret\internal\metrics.py:196: FitFailedWarning: Metric 'make_scorer(roc_auc_score, response_method='predict_proba', average=weighted, multi_class=ovr)' failed and error score 0.0 has been returned instead. If this is a custom metric, this usually means that the error is in the metric code. Full exception below:
Traceback (most recent call last):
  File "C:\Users\PC\AppData\Roaming\Python\Python311\site-packages\pycaret\internal\metrics.py", line 188, in _score
    return super()._score(
           ^^^^^^^^^^^^^^^
  File "C:\Users\PC\AppData\Roaming\Python\Python311\site-packages\sklearn\metrics\_scorer.py", line 344, in _score
    response_method = _check_response_method(estimator, self._response_method)
                      ^^^^^^^^^^^^^^^^^^^^^^^^^^^^^^^^^^^^^^^^^^^^^^^^^^^^^^^^
  File "C:\Users\PC\AppData\Roaming\Python\Python311\site-packages\sklearn\utils\validation.py", line 2106, in _check_response_method
    raise AttributeError(
AttributeError: Pipeline has none of the following attributes: predict_proba.

  warnings.warn(

2026-06-19 23:48:38,720:WARNING:C:\Users\PC\AppData\Roaming\Python\Python311\site-packages\pycaret\internal\metrics.py:196: FitFailedWarning: Metric 'make_scorer(roc_auc_score, response_method='predict_proba', average=weighted, multi_class=ovr)' failed and error score 0.0 has been returned instead. If this is a custom metric, this usually means that the error is in the metric code. Full exception below:
Traceback (most recent call last):
  File "C:\Users\PC\AppData\Roaming\Python\Python311\site-packages\pycaret\internal\metrics.py", line 188, in _score
    return super()._score(
           ^^^^^^^^^^^^^^^
  File "C:\Users\PC\AppData\Roaming\Python\Python311\site-packages\sklearn\metrics\_scorer.py", line 344, in _score
    response_method = _check_response_method(estimator, self._response_method)
                      ^^^^^^^^^^^^^^^^^^^^^^^^^^^^^^^^^^^^^^^^^^^^^^^^^^^^^^^^
  File "C:\Users\PC\AppData\Roaming\Python\Python311\site-packages\sklearn\utils\validation.py", line 2106, in _check_response_method
    raise AttributeError(
AttributeError: Pipeline has none of the following attributes: predict_proba.

  warnings.warn(

2026-06-19 23:48:38,765:WARNING:C:\Users\PC\AppData\Roaming\Python\Python311\site-packages\pycaret\internal\metrics.py:196: FitFailedWarning: Metric 'make_scorer(roc_auc_score, response_method='predict_proba', average=weighted, multi_class=ovr)' failed and error score 0.0 has been returned instead. If this is a custom metric, this usually means that the error is in the metric code. Full exception below:
Traceback (most recent call last):
  File "C:\Users\PC\AppData\Roaming\Python\Python311\site-packages\pycaret\internal\metrics.py", line 188, in _score
    return super()._score(
           ^^^^^^^^^^^^^^^
  File "C:\Users\PC\AppData\Roaming\Python\Python311\site-packages\sklearn\metrics\_scorer.py", line 344, in _score
    response_method = _check_response_method(estimator, self._response_method)
                      ^^^^^^^^^^^^^^^^^^^^^^^^^^^^^^^^^^^^^^^^^^^^^^^^^^^^^^^^
  File "C:\Users\PC\AppData\Roaming\Python\Python311\site-packages\sklearn\utils\validation.py", line 2106, in _check_response_method
    raise AttributeError(
AttributeError: Pipeline has none of the following attributes: predict_proba.

  warnings.warn(

2026-06-19 23:48:38,997:WARNING:C:\Users\PC\AppData\Roaming\Python\Python311\site-packages\pycaret\internal\metrics.py:196: FitFailedWarning: Metric 'make_scorer(roc_auc_score, response_method='predict_proba', average=weighted, multi_class=ovr)' failed and error score 0.0 has been returned instead. If this is a custom metric, this usually means that the error is in the metric code. Full exception below:
Traceback (most recent call last):
  File "C:\Users\PC\AppData\Roaming\Python\Python311\site-packages\pycaret\internal\metrics.py", line 188, in _score
    return super()._score(
           ^^^^^^^^^^^^^^^
  File "C:\Users\PC\AppData\Roaming\Python\Python311\site-packages\sklearn\metrics\_scorer.py", line 344, in _score
    response_method = _check_response_method(estimator, self._response_method)
                      ^^^^^^^^^^^^^^^^^^^^^^^^^^^^^^^^^^^^^^^^^^^^^^^^^^^^^^^^
  File "C:\Users\PC\AppData\Roaming\Python\Python311\site-packages\sklearn\utils\validation.py", line 2106, in _check_response_method
    raise AttributeError(
AttributeError: Pipeline has none of the following attributes: predict_proba.

  warnings.warn(

2026-06-19 23:48:39,200:WARNING:C:\Users\PC\AppData\Roaming\Python\Python311\site-packages\pycaret\internal\metrics.py:196: FitFailedWarning: Metric 'make_scorer(roc_auc_score, response_method='predict_proba', average=weighted, multi_class=ovr)' failed and error score 0.0 has been returned instead. If this is a custom metric, this usually means that the error is in the metric code. Full exception below:
Traceback (most recent call last):
  File "C:\Users\PC\AppData\Roaming\Python\Python311\site-packages\pycaret\internal\metrics.py", line 188, in _score
    return super()._score(
           ^^^^^^^^^^^^^^^
  File "C:\Users\PC\AppData\Roaming\Python\Python311\site-packages\sklearn\metrics\_scorer.py", line 344, in _score
    response_method = _check_response_method(estimator, self._response_method)
                      ^^^^^^^^^^^^^^^^^^^^^^^^^^^^^^^^^^^^^^^^^^^^^^^^^^^^^^^^
  File "C:\Users\PC\AppData\Roaming\Python\Python311\site-packages\sklearn\utils\validation.py", line 2106, in _check_response_method
    raise AttributeError(
AttributeError: Pipeline has none of the following attributes: predict_proba.

  warnings.warn(

2026-06-19 23:48:39,293:WARNING:C:\Users\PC\AppData\Roaming\Python\Python311\site-packages\pycaret\internal\metrics.py:196: FitFailedWarning: Metric 'make_scorer(roc_auc_score, response_method='predict_proba', average=weighted, multi_class=ovr)' failed and error score 0.0 has been returned instead. If this is a custom metric, this usually means that the error is in the metric code. Full exception below:
Traceback (most recent call last):
  File "C:\Users\PC\AppData\Roaming\Python\Python311\site-packages\pycaret\internal\metrics.py", line 188, in _score
    return super()._score(
           ^^^^^^^^^^^^^^^
  File "C:\Users\PC\AppData\Roaming\Python\Python311\site-packages\sklearn\metrics\_scorer.py", line 344, in _score
    response_method = _check_response_method(estimator, self._response_method)
                      ^^^^^^^^^^^^^^^^^^^^^^^^^^^^^^^^^^^^^^^^^^^^^^^^^^^^^^^^
  File "C:\Users\PC\AppData\Roaming\Python\Python311\site-packages\sklearn\utils\validation.py", line 2106, in _check_response_method
    raise AttributeError(
AttributeError: Pipeline has none of the following attributes: predict_proba.

  warnings.warn(

2026-06-19 23:48:39,316:INFO:Calculating mean and std
2026-06-19 23:48:39,317:INFO:Creating metrics dataframe
2026-06-19 23:48:39,318:INFO:Uploading results into container
2026-06-19 23:48:39,319:INFO:Uploading model into container now
2026-06-19 23:48:39,319:INFO:_master_model_container: 19
2026-06-19 23:48:39,319:INFO:_display_container: 3
2026-06-19 23:48:39,319:INFO:SGDClassifier(alpha=0.0001, average=False, class_weight=None,
              early_stopping=False, epsilon=0.1, eta0=0.001, fit_intercept=True,
              l1_ratio=0.15, learning_rate='optimal', loss='hinge',
              max_iter=1000, n_iter_no_change=5, n_jobs=-1, penalty='l2',
              power_t=0.5, random_state=42, shuffle=True, tol=0.001,
              validation_fraction=0.1, verbose=0, warm_start=False)
2026-06-19 23:48:39,320:INFO:create_model() successfully completed......................................
2026-06-19 23:48:39,571:INFO:SubProcess create_model() end ==================================
2026-06-19 23:48:39,572:INFO:Creating metrics dataframe
2026-06-19 23:48:39,577:INFO:Initializing Ridge Classifier
2026-06-19 23:48:39,577:INFO:Total runtime is 1.1212544202804566 minutes
2026-06-19 23:48:39,579:INFO:SubProcess create_model() called ==================================
2026-06-19 23:48:39,580:INFO:Initializing create_model()
2026-06-19 23:48:39,580:INFO:create_model(self=<pycaret.classification.oop.ClassificationExperiment object at 0x000001E95DB6D690>, estimator=ridge, fold=StratifiedKFold(n_splits=10, random_state=None, shuffle=False), round=4, cross_validation=True, predict=True, fit_kwargs={}, groups=None, refit=False, probability_threshold=None, experiment_custom_tags=None, verbose=False, system=False, add_to_model_list=True, metrics=None, display=<pycaret.internal.display.display.CommonDisplay object at 0x000001E95DCBC310>, model_only=True, return_train_score=False, error_score=0.0, kwargs={})
2026-06-19 23:48:39,580:INFO:Checking exceptions
2026-06-19 23:48:39,580:INFO:Importing libraries
2026-06-19 23:48:39,580:INFO:Copying training dataset
2026-06-19 23:48:39,795:INFO:Defining folds
2026-06-19 23:48:39,795:INFO:Declaring metric variables
2026-06-19 23:48:39,799:INFO:Importing untrained model
2026-06-19 23:48:39,802:INFO:Ridge Classifier Imported successfully
2026-06-19 23:48:39,808:INFO:Starting cross validation
2026-06-19 23:48:39,809:INFO:Cross validating with StratifiedKFold(n_splits=10, random_state=None, shuffle=False), n_jobs=-1
2026-06-19 23:48:40,174:WARNING:C:\Users\PC\AppData\Roaming\Python\Python311\site-packages\pycaret\internal\metrics.py:196: FitFailedWarning: Metric 'make_scorer(roc_auc_score, response_method='predict_proba', average=weighted, multi_class=ovr)' failed and error score 0.0 has been returned instead. If this is a custom metric, this usually means that the error is in the metric code. Full exception below:
Traceback (most recent call last):
  File "C:\Users\PC\AppData\Roaming\Python\Python311\site-packages\pycaret\internal\metrics.py", line 188, in _score
    return super()._score(
           ^^^^^^^^^^^^^^^
  File "C:\Users\PC\AppData\Roaming\Python\Python311\site-packages\sklearn\metrics\_scorer.py", line 344, in _score
    response_method = _check_response_method(estimator, self._response_method)
                      ^^^^^^^^^^^^^^^^^^^^^^^^^^^^^^^^^^^^^^^^^^^^^^^^^^^^^^^^
  File "C:\Users\PC\AppData\Roaming\Python\Python311\site-packages\sklearn\utils\validation.py", line 2106, in _check_response_method
    raise AttributeError(
AttributeError: Pipeline has none of the following attributes: predict_proba.

  warnings.warn(

2026-06-19 23:48:40,261:WARNING:C:\Users\PC\AppData\Roaming\Python\Python311\site-packages\pycaret\internal\metrics.py:196: FitFailedWarning: Metric 'make_scorer(roc_auc_score, response_method='predict_proba', average=weighted, multi_class=ovr)' failed and error score 0.0 has been returned instead. If this is a custom metric, this usually means that the error is in the metric code. Full exception below:
Traceback (most recent call last):
  File "C:\Users\PC\AppData\Roaming\Python\Python311\site-packages\pycaret\internal\metrics.py", line 188, in _score
    return super()._score(
           ^^^^^^^^^^^^^^^
  File "C:\Users\PC\AppData\Roaming\Python\Python311\site-packages\sklearn\metrics\_scorer.py", line 344, in _score
    response_method = _check_response_method(estimator, self._response_method)
                      ^^^^^^^^^^^^^^^^^^^^^^^^^^^^^^^^^^^^^^^^^^^^^^^^^^^^^^^^
  File "C:\Users\PC\AppData\Roaming\Python\Python311\site-packages\sklearn\utils\validation.py", line 2106, in _check_response_method
    raise AttributeError(
AttributeError: Pipeline has none of the following attributes: predict_proba.

  warnings.warn(

2026-06-19 23:48:40,354:WARNING:C:\Users\PC\AppData\Roaming\Python\Python311\site-packages\pycaret\internal\metrics.py:196: FitFailedWarning: Metric 'make_scorer(roc_auc_score, response_method='predict_proba', average=weighted, multi_class=ovr)' failed and error score 0.0 has been returned instead. If this is a custom metric, this usually means that the error is in the metric code. Full exception below:
Traceback (most recent call last):
  File "C:\Users\PC\AppData\Roaming\Python\Python311\site-packages\pycaret\internal\metrics.py", line 188, in _score
    return super()._score(
           ^^^^^^^^^^^^^^^
  File "C:\Users\PC\AppData\Roaming\Python\Python311\site-packages\sklearn\metrics\_scorer.py", line 344, in _score
    response_method = _check_response_method(estimator, self._response_method)
                      ^^^^^^^^^^^^^^^^^^^^^^^^^^^^^^^^^^^^^^^^^^^^^^^^^^^^^^^^
  File "C:\Users\PC\AppData\Roaming\Python\Python311\site-packages\sklearn\utils\validation.py", line 2106, in _check_response_method
    raise AttributeError(
AttributeError: Pipeline has none of the following attributes: predict_proba.

  warnings.warn(

2026-06-19 23:48:40,447:WARNING:C:\Users\PC\AppData\Roaming\Python\Python311\site-packages\pycaret\internal\metrics.py:196: FitFailedWarning: Metric 'make_scorer(roc_auc_score, response_method='predict_proba', average=weighted, multi_class=ovr)' failed and error score 0.0 has been returned instead. If this is a custom metric, this usually means that the error is in the metric code. Full exception below:
Traceback (most recent call last):
  File "C:\Users\PC\AppData\Roaming\Python\Python311\site-packages\pycaret\internal\metrics.py", line 188, in _score
    return super()._score(
           ^^^^^^^^^^^^^^^
  File "C:\Users\PC\AppData\Roaming\Python\Python311\site-packages\sklearn\metrics\_scorer.py", line 344, in _score
    response_method = _check_response_method(estimator, self._response_method)
                      ^^^^^^^^^^^^^^^^^^^^^^^^^^^^^^^^^^^^^^^^^^^^^^^^^^^^^^^^
  File "C:\Users\PC\AppData\Roaming\Python\Python311\site-packages\sklearn\utils\validation.py", line 2106, in _check_response_method
    raise AttributeError(
AttributeError: Pipeline has none of the following attributes: predict_proba.

  warnings.warn(

2026-06-19 23:48:40,576:WARNING:C:\Users\PC\AppData\Roaming\Python\Python311\site-packages\pycaret\internal\metrics.py:196: FitFailedWarning: Metric 'make_scorer(roc_auc_score, response_method='predict_proba', average=weighted, multi_class=ovr)' failed and error score 0.0 has been returned instead. If this is a custom metric, this usually means that the error is in the metric code. Full exception below:
Traceback (most recent call last):
  File "C:\Users\PC\AppData\Roaming\Python\Python311\site-packages\pycaret\internal\metrics.py", line 188, in _score
    return super()._score(
           ^^^^^^^^^^^^^^^
  File "C:\Users\PC\AppData\Roaming\Python\Python311\site-packages\sklearn\metrics\_scorer.py", line 344, in _score
    response_method = _check_response_method(estimator, self._response_method)
                      ^^^^^^^^^^^^^^^^^^^^^^^^^^^^^^^^^^^^^^^^^^^^^^^^^^^^^^^^
  File "C:\Users\PC\AppData\Roaming\Python\Python311\site-packages\sklearn\utils\validation.py", line 2106, in _check_response_method
    raise AttributeError(
AttributeError: Pipeline has none of the following attributes: predict_proba.

  warnings.warn(

2026-06-19 23:48:40,714:WARNING:C:\Users\PC\AppData\Roaming\Python\Python311\site-packages\pycaret\internal\metrics.py:196: FitFailedWarning: Metric 'make_scorer(roc_auc_score, response_method='predict_proba', average=weighted, multi_class=ovr)' failed and error score 0.0 has been returned instead. If this is a custom metric, this usually means that the error is in the metric code. Full exception below:
Traceback (most recent call last):
  File "C:\Users\PC\AppData\Roaming\Python\Python311\site-packages\pycaret\internal\metrics.py", line 188, in _score
    return super()._score(
           ^^^^^^^^^^^^^^^
  File "C:\Users\PC\AppData\Roaming\Python\Python311\site-packages\sklearn\metrics\_scorer.py", line 344, in _score
    response_method = _check_response_method(estimator, self._response_method)
                      ^^^^^^^^^^^^^^^^^^^^^^^^^^^^^^^^^^^^^^^^^^^^^^^^^^^^^^^^
  File "C:\Users\PC\AppData\Roaming\Python\Python311\site-packages\sklearn\utils\validation.py", line 2106, in _check_response_method
    raise AttributeError(
AttributeError: Pipeline has none of the following attributes: predict_proba.

  warnings.warn(

2026-06-19 23:48:40,798:WARNING:C:\Users\PC\AppData\Roaming\Python\Python311\site-packages\pycaret\internal\metrics.py:196: FitFailedWarning: Metric 'make_scorer(roc_auc_score, response_method='predict_proba', average=weighted, multi_class=ovr)' failed and error score 0.0 has been returned instead. If this is a custom metric, this usually means that the error is in the metric code. Full exception below:
Traceback (most recent call last):
  File "C:\Users\PC\AppData\Roaming\Python\Python311\site-packages\pycaret\internal\metrics.py", line 188, in _score
    return super()._score(
           ^^^^^^^^^^^^^^^
  File "C:\Users\PC\AppData\Roaming\Python\Python311\site-packages\sklearn\metrics\_scorer.py", line 344, in _score
    response_method = _check_response_method(estimator, self._response_method)
                      ^^^^^^^^^^^^^^^^^^^^^^^^^^^^^^^^^^^^^^^^^^^^^^^^^^^^^^^^
  File "C:\Users\PC\AppData\Roaming\Python\Python311\site-packages\sklearn\utils\validation.py", line 2106, in _check_response_method
    raise AttributeError(
AttributeError: Pipeline has none of the following attributes: predict_proba.

  warnings.warn(

2026-06-19 23:48:40,932:WARNING:C:\Users\PC\AppData\Roaming\Python\Python311\site-packages\pycaret\internal\metrics.py:196: FitFailedWarning: Metric 'make_scorer(roc_auc_score, response_method='predict_proba', average=weighted, multi_class=ovr)' failed and error score 0.0 has been returned instead. If this is a custom metric, this usually means that the error is in the metric code. Full exception below:
Traceback (most recent call last):
  File "C:\Users\PC\AppData\Roaming\Python\Python311\site-packages\pycaret\internal\metrics.py", line 188, in _score
    return super()._score(
           ^^^^^^^^^^^^^^^
  File "C:\Users\PC\AppData\Roaming\Python\Python311\site-packages\sklearn\metrics\_scorer.py", line 344, in _score
    response_method = _check_response_method(estimator, self._response_method)
                      ^^^^^^^^^^^^^^^^^^^^^^^^^^^^^^^^^^^^^^^^^^^^^^^^^^^^^^^^
  File "C:\Users\PC\AppData\Roaming\Python\Python311\site-packages\sklearn\utils\validation.py", line 2106, in _check_response_method
    raise AttributeError(
AttributeError: Pipeline has none of the following attributes: predict_proba.

  warnings.warn(

2026-06-19 23:48:41,034:WARNING:C:\Users\PC\AppData\Roaming\Python\Python311\site-packages\pycaret\internal\metrics.py:196: FitFailedWarning: Metric 'make_scorer(roc_auc_score, response_method='predict_proba', average=weighted, multi_class=ovr)' failed and error score 0.0 has been returned instead. If this is a custom metric, this usually means that the error is in the metric code. Full exception below:
Traceback (most recent call last):
  File "C:\Users\PC\AppData\Roaming\Python\Python311\site-packages\pycaret\internal\metrics.py", line 188, in _score
    return super()._score(
           ^^^^^^^^^^^^^^^
  File "C:\Users\PC\AppData\Roaming\Python\Python311\site-packages\sklearn\metrics\_scorer.py", line 344, in _score
    response_method = _check_response_method(estimator, self._response_method)
                      ^^^^^^^^^^^^^^^^^^^^^^^^^^^^^^^^^^^^^^^^^^^^^^^^^^^^^^^^
  File "C:\Users\PC\AppData\Roaming\Python\Python311\site-packages\sklearn\utils\validation.py", line 2106, in _check_response_method
    raise AttributeError(
AttributeError: Pipeline has none of the following attributes: predict_proba.

  warnings.warn(

2026-06-19 23:48:41,138:WARNING:C:\Users\PC\AppData\Roaming\Python\Python311\site-packages\pycaret\internal\metrics.py:196: FitFailedWarning: Metric 'make_scorer(roc_auc_score, response_method='predict_proba', average=weighted, multi_class=ovr)' failed and error score 0.0 has been returned instead. If this is a custom metric, this usually means that the error is in the metric code. Full exception below:
Traceback (most recent call last):
  File "C:\Users\PC\AppData\Roaming\Python\Python311\site-packages\pycaret\internal\metrics.py", line 188, in _score
    return super()._score(
           ^^^^^^^^^^^^^^^
  File "C:\Users\PC\AppData\Roaming\Python\Python311\site-packages\sklearn\metrics\_scorer.py", line 344, in _score
    response_method = _check_response_method(estimator, self._response_method)
                      ^^^^^^^^^^^^^^^^^^^^^^^^^^^^^^^^^^^^^^^^^^^^^^^^^^^^^^^^
  File "C:\Users\PC\AppData\Roaming\Python\Python311\site-packages\sklearn\utils\validation.py", line 2106, in _check_response_method
    raise AttributeError(
AttributeError: Pipeline has none of the following attributes: predict_proba.

  warnings.warn(

2026-06-19 23:48:41,157:INFO:Calculating mean and std
2026-06-19 23:48:41,158:INFO:Creating metrics dataframe
2026-06-19 23:48:41,159:INFO:Uploading results into container
2026-06-19 23:48:41,160:INFO:Uploading model into container now
2026-06-19 23:48:41,160:INFO:_master_model_container: 20
2026-06-19 23:48:41,160:INFO:_display_container: 3
2026-06-19 23:48:41,161:INFO:RidgeClassifier(alpha=1.0, class_weight=None, copy_X=True, fit_intercept=True,
                max_iter=None, positive=False, random_state=42, solver='auto',
                tol=0.0001)
2026-06-19 23:48:41,161:INFO:create_model() successfully completed......................................
2026-06-19 23:48:41,470:INFO:SubProcess create_model() end ==================================
2026-06-19 23:48:41,470:INFO:Creating metrics dataframe
2026-06-19 23:48:41,476:INFO:Initializing Random Forest Classifier
2026-06-19 23:48:41,476:INFO:Total runtime is 1.1529044151306154 minutes
2026-06-19 23:48:41,479:INFO:SubProcess create_model() called ==================================
2026-06-19 23:48:41,479:INFO:Initializing create_model()
2026-06-19 23:48:41,479:INFO:create_model(self=<pycaret.classification.oop.ClassificationExperiment object at 0x000001E95DB6D690>, estimator=rf, fold=StratifiedKFold(n_splits=10, random_state=None, shuffle=False), round=4, cross_validation=True, predict=True, fit_kwargs={}, groups=None, refit=False, probability_threshold=None, experiment_custom_tags=None, verbose=False, system=False, add_to_model_list=True, metrics=None, display=<pycaret.internal.display.display.CommonDisplay object at 0x000001E95DCBC310>, model_only=True, return_train_score=False, error_score=0.0, kwargs={})
2026-06-19 23:48:41,479:INFO:Checking exceptions
2026-06-19 23:48:41,479:INFO:Importing libraries
2026-06-19 23:48:41,479:INFO:Copying training dataset
2026-06-19 23:48:41,686:INFO:Defining folds
2026-06-19 23:48:41,687:INFO:Declaring metric variables
2026-06-19 23:48:41,689:INFO:Importing untrained model
2026-06-19 23:48:41,693:INFO:Random Forest Classifier Imported successfully
2026-06-19 23:48:41,697:INFO:Starting cross validation
2026-06-19 23:48:41,698:INFO:Cross validating with StratifiedKFold(n_splits=10, random_state=None, shuffle=False), n_jobs=-1
2026-06-19 23:49:27,721:INFO:Calculating mean and std
2026-06-19 23:49:27,723:INFO:Creating metrics dataframe
2026-06-19 23:49:27,725:INFO:Uploading results into container
2026-06-19 23:49:27,726:INFO:Uploading model into container now
2026-06-19 23:49:27,727:INFO:_master_model_container: 21
2026-06-19 23:49:27,727:INFO:_display_container: 3
2026-06-19 23:49:27,728:INFO:RandomForestClassifier(bootstrap=True, ccp_alpha=0.0, class_weight=None,
                       criterion='gini', max_depth=None, max_features='sqrt',
                       max_leaf_nodes=None, max_samples=None,
                       min_impurity_decrease=0.0, min_samples_leaf=1,
                       min_samples_split=2, min_weight_fraction_leaf=0.0,
                       monotonic_cst=None, n_estimators=100, n_jobs=-1,
                       oob_score=False, random_state=42, verbose=0,
                       warm_start=False)
2026-06-19 23:49:27,728:INFO:create_model() successfully completed......................................
2026-06-19 23:49:28,178:INFO:SubProcess create_model() end ==================================
2026-06-19 23:49:28,178:INFO:Creating metrics dataframe
2026-06-19 23:49:28,185:INFO:Initializing Quadratic Discriminant Analysis
2026-06-19 23:49:28,185:INFO:Total runtime is 1.931382179260254 minutes
2026-06-19 23:49:28,188:INFO:SubProcess create_model() called ==================================
2026-06-19 23:49:28,188:INFO:Initializing create_model()
2026-06-19 23:49:28,188:INFO:create_model(self=<pycaret.classification.oop.ClassificationExperiment object at 0x000001E95DB6D690>, estimator=qda, fold=StratifiedKFold(n_splits=10, random_state=None, shuffle=False), round=4, cross_validation=True, predict=True, fit_kwargs={}, groups=None, refit=False, probability_threshold=None, experiment_custom_tags=None, verbose=False, system=False, add_to_model_list=True, metrics=None, display=<pycaret.internal.display.display.CommonDisplay object at 0x000001E95DCBC310>, model_only=True, return_train_score=False, error_score=0.0, kwargs={})
2026-06-19 23:49:28,188:INFO:Checking exceptions
2026-06-19 23:49:28,188:INFO:Importing libraries
2026-06-19 23:49:28,188:INFO:Copying training dataset
2026-06-19 23:49:28,451:INFO:Defining folds
2026-06-19 23:49:28,451:INFO:Declaring metric variables
2026-06-19 23:49:28,454:INFO:Importing untrained model
2026-06-19 23:49:28,458:INFO:Quadratic Discriminant Analysis Imported successfully
2026-06-19 23:49:28,466:INFO:Starting cross validation
2026-06-19 23:49:28,467:INFO:Cross validating with StratifiedKFold(n_splits=10, random_state=None, shuffle=False), n_jobs=-1
2026-06-19 23:49:49,414:INFO:Calculating mean and std
2026-06-19 23:49:49,415:INFO:Creating metrics dataframe
2026-06-19 23:49:49,416:INFO:Uploading results into container
2026-06-19 23:49:49,417:INFO:Uploading model into container now
2026-06-19 23:49:49,417:INFO:_master_model_container: 22
2026-06-19 23:49:49,417:INFO:_display_container: 3
2026-06-19 23:49:49,417:INFO:QuadraticDiscriminantAnalysis(priors=None, reg_param=0.0,
                              store_covariance=False, tol=0.0001)
2026-06-19 23:49:49,418:INFO:create_model() successfully completed......................................
2026-06-19 23:49:49,728:INFO:SubProcess create_model() end ==================================
2026-06-19 23:49:49,728:INFO:Creating metrics dataframe
2026-06-19 23:49:49,735:INFO:Initializing Ada Boost Classifier
2026-06-19 23:49:49,735:INFO:Total runtime is 2.2905571659406028 minutes
2026-06-19 23:49:49,738:INFO:SubProcess create_model() called ==================================
2026-06-19 23:49:49,738:INFO:Initializing create_model()
2026-06-19 23:49:49,738:INFO:create_model(self=<pycaret.classification.oop.ClassificationExperiment object at 0x000001E95DB6D690>, estimator=ada, fold=StratifiedKFold(n_splits=10, random_state=None, shuffle=False), round=4, cross_validation=True, predict=True, fit_kwargs={}, groups=None, refit=False, probability_threshold=None, experiment_custom_tags=None, verbose=False, system=False, add_to_model_list=True, metrics=None, display=<pycaret.internal.display.display.CommonDisplay object at 0x000001E95DCBC310>, model_only=True, return_train_score=False, error_score=0.0, kwargs={})
2026-06-19 23:49:49,738:INFO:Checking exceptions
2026-06-19 23:49:49,738:INFO:Importing libraries
2026-06-19 23:49:49,739:INFO:Copying training dataset
2026-06-19 23:49:49,954:INFO:Defining folds
2026-06-19 23:49:49,954:INFO:Declaring metric variables
2026-06-19 23:49:49,956:INFO:Importing untrained model
2026-06-19 23:49:49,958:INFO:Ada Boost Classifier Imported successfully
2026-06-19 23:49:49,964:INFO:Starting cross validation
2026-06-19 23:49:49,965:INFO:Cross validating with StratifiedKFold(n_splits=10, random_state=None, shuffle=False), n_jobs=-1
2026-06-19 23:49:50,122:WARNING:C:\Users\PC\AppData\Roaming\Python\Python311\site-packages\sklearn\ensemble\_weight_boosting.py:519: FutureWarning: The SAMME.R algorithm (the default) is deprecated and will be removed in 1.6. Use the SAMME algorithm to circumvent this warning.
  warnings.warn(

2026-06-19 23:49:50,187:WARNING:C:\Users\PC\AppData\Roaming\Python\Python311\site-packages\sklearn\ensemble\_weight_boosting.py:519: FutureWarning: The SAMME.R algorithm (the default) is deprecated and will be removed in 1.6. Use the SAMME algorithm to circumvent this warning.
  warnings.warn(

2026-06-19 23:49:50,266:WARNING:C:\Users\PC\AppData\Roaming\Python\Python311\site-packages\sklearn\ensemble\_weight_boosting.py:519: FutureWarning: The SAMME.R algorithm (the default) is deprecated and will be removed in 1.6. Use the SAMME algorithm to circumvent this warning.
  warnings.warn(

2026-06-19 23:49:50,346:WARNING:C:\Users\PC\AppData\Roaming\Python\Python311\site-packages\sklearn\ensemble\_weight_boosting.py:519: FutureWarning: The SAMME.R algorithm (the default) is deprecated and will be removed in 1.6. Use the SAMME algorithm to circumvent this warning.
  warnings.warn(

2026-06-19 23:49:50,434:WARNING:C:\Users\PC\AppData\Roaming\Python\Python311\site-packages\sklearn\ensemble\_weight_boosting.py:519: FutureWarning: The SAMME.R algorithm (the default) is deprecated and will be removed in 1.6. Use the SAMME algorithm to circumvent this warning.
  warnings.warn(

2026-06-19 23:49:50,559:WARNING:C:\Users\PC\AppData\Roaming\Python\Python311\site-packages\sklearn\ensemble\_weight_boosting.py:519: FutureWarning: The SAMME.R algorithm (the default) is deprecated and will be removed in 1.6. Use the SAMME algorithm to circumvent this warning.
  warnings.warn(

2026-06-19 23:49:50,710:WARNING:C:\Users\PC\AppData\Roaming\Python\Python311\site-packages\sklearn\ensemble\_weight_boosting.py:519: FutureWarning: The SAMME.R algorithm (the default) is deprecated and will be removed in 1.6. Use the SAMME algorithm to circumvent this warning.
  warnings.warn(

2026-06-19 23:49:50,839:WARNING:C:\Users\PC\AppData\Roaming\Python\Python311\site-packages\sklearn\ensemble\_weight_boosting.py:519: FutureWarning: The SAMME.R algorithm (the default) is deprecated and will be removed in 1.6. Use the SAMME algorithm to circumvent this warning.
  warnings.warn(

2026-06-19 23:49:50,996:WARNING:C:\Users\PC\AppData\Roaming\Python\Python311\site-packages\sklearn\ensemble\_weight_boosting.py:519: FutureWarning: The SAMME.R algorithm (the default) is deprecated and will be removed in 1.6. Use the SAMME algorithm to circumvent this warning.
  warnings.warn(

2026-06-19 23:49:51,138:WARNING:C:\Users\PC\AppData\Roaming\Python\Python311\site-packages\sklearn\ensemble\_weight_boosting.py:519: FutureWarning: The SAMME.R algorithm (the default) is deprecated and will be removed in 1.6. Use the SAMME algorithm to circumvent this warning.
  warnings.warn(

2026-06-19 23:50:01,729:INFO:Calculating mean and std
2026-06-19 23:50:01,730:INFO:Creating metrics dataframe
2026-06-19 23:50:01,732:INFO:Uploading results into container
2026-06-19 23:50:01,732:INFO:Uploading model into container now
2026-06-19 23:50:01,732:INFO:_master_model_container: 23
2026-06-19 23:50:01,732:INFO:_display_container: 3
2026-06-19 23:50:01,733:INFO:AdaBoostClassifier(algorithm='SAMME.R', estimator=None, learning_rate=1.0,
                   n_estimators=50, random_state=42)
2026-06-19 23:50:01,733:INFO:create_model() successfully completed......................................
2026-06-19 23:50:01,973:INFO:SubProcess create_model() end ==================================
2026-06-19 23:50:01,973:INFO:Creating metrics dataframe
2026-06-19 23:50:01,980:INFO:Initializing Gradient Boosting Classifier
2026-06-19 23:50:01,981:INFO:Total runtime is 2.494648861885071 minutes
2026-06-19 23:50:01,983:INFO:SubProcess create_model() called ==================================
2026-06-19 23:50:01,984:INFO:Initializing create_model()
2026-06-19 23:50:01,984:INFO:create_model(self=<pycaret.classification.oop.ClassificationExperiment object at 0x000001E95DB6D690>, estimator=gbc, fold=StratifiedKFold(n_splits=10, random_state=None, shuffle=False), round=4, cross_validation=True, predict=True, fit_kwargs={}, groups=None, refit=False, probability_threshold=None, experiment_custom_tags=None, verbose=False, system=False, add_to_model_list=True, metrics=None, display=<pycaret.internal.display.display.CommonDisplay object at 0x000001E95DCBC310>, model_only=True, return_train_score=False, error_score=0.0, kwargs={})
2026-06-19 23:50:01,984:INFO:Checking exceptions
2026-06-19 23:50:01,984:INFO:Importing libraries
2026-06-19 23:50:01,984:INFO:Copying training dataset
2026-06-19 23:50:02,194:INFO:Defining folds
2026-06-19 23:50:02,194:INFO:Declaring metric variables
2026-06-19 23:50:02,197:INFO:Importing untrained model
2026-06-19 23:50:02,200:INFO:Gradient Boosting Classifier Imported successfully
2026-06-19 23:50:02,205:INFO:Starting cross validation
2026-06-19 23:50:02,205:INFO:Cross validating with StratifiedKFold(n_splits=10, random_state=None, shuffle=False), n_jobs=-1
2026-06-19 23:50:53,032:INFO:Calculating mean and std
2026-06-19 23:50:53,033:INFO:Creating metrics dataframe
2026-06-19 23:50:53,034:INFO:Uploading results into container
2026-06-19 23:50:53,035:INFO:Uploading model into container now
2026-06-19 23:50:53,035:INFO:_master_model_container: 24
2026-06-19 23:50:53,035:INFO:_display_container: 3
2026-06-19 23:50:53,036:INFO:GradientBoostingClassifier(ccp_alpha=0.0, criterion='friedman_mse', init=None,
                           learning_rate=0.1, loss='log_loss', max_depth=3,
                           max_features=None, max_leaf_nodes=None,
                           min_impurity_decrease=0.0, min_samples_leaf=1,
                           min_samples_split=2, min_weight_fraction_leaf=0.0,
                           n_estimators=100, n_iter_no_change=None,
                           random_state=42, subsample=1.0, tol=0.0001,
                           validation_fraction=0.1, verbose=0,
                           warm_start=False)
2026-06-19 23:50:53,036:INFO:create_model() successfully completed......................................
2026-06-19 23:50:53,276:INFO:SubProcess create_model() end ==================================
2026-06-19 23:50:53,276:INFO:Creating metrics dataframe
2026-06-19 23:50:53,283:INFO:Initializing Linear Discriminant Analysis
2026-06-19 23:50:53,283:INFO:Total runtime is 3.3496905247370403 minutes
2026-06-19 23:50:53,286:INFO:SubProcess create_model() called ==================================
2026-06-19 23:50:53,287:INFO:Initializing create_model()
2026-06-19 23:50:53,287:INFO:create_model(self=<pycaret.classification.oop.ClassificationExperiment object at 0x000001E95DB6D690>, estimator=lda, fold=StratifiedKFold(n_splits=10, random_state=None, shuffle=False), round=4, cross_validation=True, predict=True, fit_kwargs={}, groups=None, refit=False, probability_threshold=None, experiment_custom_tags=None, verbose=False, system=False, add_to_model_list=True, metrics=None, display=<pycaret.internal.display.display.CommonDisplay object at 0x000001E95DCBC310>, model_only=True, return_train_score=False, error_score=0.0, kwargs={})
2026-06-19 23:50:53,287:INFO:Checking exceptions
2026-06-19 23:50:53,287:INFO:Importing libraries
2026-06-19 23:50:53,287:INFO:Copying training dataset
2026-06-19 23:50:53,500:INFO:Defining folds
2026-06-19 23:50:53,501:INFO:Declaring metric variables
2026-06-19 23:50:53,503:INFO:Importing untrained model
2026-06-19 23:50:53,506:INFO:Linear Discriminant Analysis Imported successfully
2026-06-19 23:50:53,511:INFO:Starting cross validation
2026-06-19 23:50:53,512:INFO:Cross validating with StratifiedKFold(n_splits=10, random_state=None, shuffle=False), n_jobs=-1
2026-06-19 23:51:04,405:INFO:Calculating mean and std
2026-06-19 23:51:04,406:INFO:Creating metrics dataframe
2026-06-19 23:51:04,408:INFO:Uploading results into container
2026-06-19 23:51:04,408:INFO:Uploading model into container now
2026-06-19 23:51:04,408:INFO:_master_model_container: 25
2026-06-19 23:51:04,408:INFO:_display_container: 3
2026-06-19 23:51:04,409:INFO:LinearDiscriminantAnalysis(covariance_estimator=None, n_components=None,
                           priors=None, shrinkage=None, solver='svd',
                           store_covariance=False, tol=0.0001)
2026-06-19 23:51:04,409:INFO:create_model() successfully completed......................................
2026-06-19 23:51:04,662:INFO:SubProcess create_model() end ==================================
2026-06-19 23:51:04,663:INFO:Creating metrics dataframe
2026-06-19 23:51:04,670:INFO:Initializing Extra Trees Classifier
2026-06-19 23:51:04,670:INFO:Total runtime is 3.539473835627238 minutes
2026-06-19 23:51:04,673:INFO:SubProcess create_model() called ==================================
2026-06-19 23:51:04,673:INFO:Initializing create_model()
2026-06-19 23:51:04,673:INFO:create_model(self=<pycaret.classification.oop.ClassificationExperiment object at 0x000001E95DB6D690>, estimator=et, fold=StratifiedKFold(n_splits=10, random_state=None, shuffle=False), round=4, cross_validation=True, predict=True, fit_kwargs={}, groups=None, refit=False, probability_threshold=None, experiment_custom_tags=None, verbose=False, system=False, add_to_model_list=True, metrics=None, display=<pycaret.internal.display.display.CommonDisplay object at 0x000001E95DCBC310>, model_only=True, return_train_score=False, error_score=0.0, kwargs={})
2026-06-19 23:51:04,673:INFO:Checking exceptions
2026-06-19 23:51:04,673:INFO:Importing libraries
2026-06-19 23:51:04,673:INFO:Copying training dataset
2026-06-19 23:51:04,882:INFO:Defining folds
2026-06-19 23:51:04,882:INFO:Declaring metric variables
2026-06-19 23:51:04,884:INFO:Importing untrained model
2026-06-19 23:51:04,887:INFO:Extra Trees Classifier Imported successfully
2026-06-19 23:51:04,892:INFO:Starting cross validation
2026-06-19 23:51:04,893:INFO:Cross validating with StratifiedKFold(n_splits=10, random_state=None, shuffle=False), n_jobs=-1
2026-06-19 23:52:18,833:INFO:Calculating mean and std
2026-06-19 23:52:18,834:INFO:Creating metrics dataframe
2026-06-19 23:52:18,836:INFO:Uploading results into container
2026-06-19 23:52:18,837:INFO:Uploading model into container now
2026-06-19 23:52:18,837:INFO:_master_model_container: 26
2026-06-19 23:52:18,837:INFO:_display_container: 3
2026-06-19 23:52:18,838:INFO:ExtraTreesClassifier(bootstrap=False, ccp_alpha=0.0, class_weight=None,
                     criterion='gini', max_depth=None, max_features='sqrt',
                     max_leaf_nodes=None, max_samples=None,
                     min_impurity_decrease=0.0, min_samples_leaf=1,
                     min_samples_split=2, min_weight_fraction_leaf=0.0,
                     monotonic_cst=None, n_estimators=100, n_jobs=-1,
                     oob_score=False, random_state=42, verbose=0,
                     warm_start=False)
2026-06-19 23:52:18,838:INFO:create_model() successfully completed......................................
2026-06-19 23:52:19,345:INFO:SubProcess create_model() end ==================================
2026-06-19 23:52:19,345:INFO:Creating metrics dataframe
2026-06-19 23:52:19,355:INFO:Initializing Light Gradient Boosting Machine
2026-06-19 23:52:19,355:INFO:Total runtime is 4.784217846393585 minutes
2026-06-19 23:52:19,359:INFO:SubProcess create_model() called ==================================
2026-06-19 23:52:19,359:INFO:Initializing create_model()
2026-06-19 23:52:19,360:INFO:create_model(self=<pycaret.classification.oop.ClassificationExperiment object at 0x000001E95DB6D690>, estimator=lightgbm, fold=StratifiedKFold(n_splits=10, random_state=None, shuffle=False), round=4, cross_validation=True, predict=True, fit_kwargs={}, groups=None, refit=False, probability_threshold=None, experiment_custom_tags=None, verbose=False, system=False, add_to_model_list=True, metrics=None, display=<pycaret.internal.display.display.CommonDisplay object at 0x000001E95DCBC310>, model_only=True, return_train_score=False, error_score=0.0, kwargs={})
2026-06-19 23:52:19,360:INFO:Checking exceptions
2026-06-19 23:52:19,360:INFO:Importing libraries
2026-06-19 23:52:19,360:INFO:Copying training dataset
2026-06-19 23:52:19,618:INFO:Defining folds
2026-06-19 23:52:19,618:INFO:Declaring metric variables
2026-06-19 23:52:19,621:INFO:Importing untrained model
2026-06-19 23:52:19,625:INFO:Light Gradient Boosting Machine Imported successfully
2026-06-19 23:52:19,631:INFO:Starting cross validation
2026-06-19 23:52:19,632:INFO:Cross validating with StratifiedKFold(n_splits=10, random_state=None, shuffle=False), n_jobs=-1
2026-06-19 23:52:24,280:INFO:Calculating mean and std
2026-06-19 23:52:24,282:INFO:Creating metrics dataframe
2026-06-19 23:52:24,284:INFO:Uploading results into container
2026-06-19 23:52:24,285:INFO:Uploading model into container now
2026-06-19 23:52:24,285:INFO:_master_model_container: 27
2026-06-19 23:52:24,285:INFO:_display_container: 3
2026-06-19 23:52:24,286:INFO:LGBMClassifier(boosting_type='gbdt', class_weight=None, colsample_bytree=1.0,
               importance_type='split', learning_rate=0.1, max_depth=-1,
               min_child_samples=20, min_child_weight=0.001, min_split_gain=0.0,
               n_estimators=100, n_jobs=-1, num_leaves=31, objective=None,
               random_state=42, reg_alpha=0.0, reg_lambda=0.0, subsample=1.0,
               subsample_for_bin=200000, subsample_freq=0)
2026-06-19 23:52:24,287:INFO:create_model() successfully completed......................................
2026-06-19 23:52:24,829:INFO:SubProcess create_model() end ==================================
2026-06-19 23:52:24,829:INFO:Creating metrics dataframe
2026-06-19 23:52:24,839:INFO:Initializing Dummy Classifier
2026-06-19 23:52:24,839:INFO:Total runtime is 4.875617587566376 minutes
2026-06-19 23:52:24,841:INFO:SubProcess create_model() called ==================================
2026-06-19 23:52:24,842:INFO:Initializing create_model()
2026-06-19 23:52:24,842:INFO:create_model(self=<pycaret.classification.oop.ClassificationExperiment object at 0x000001E95DB6D690>, estimator=dummy, fold=StratifiedKFold(n_splits=10, random_state=None, shuffle=False), round=4, cross_validation=True, predict=True, fit_kwargs={}, groups=None, refit=False, probability_threshold=None, experiment_custom_tags=None, verbose=False, system=False, add_to_model_list=True, metrics=None, display=<pycaret.internal.display.display.CommonDisplay object at 0x000001E95DCBC310>, model_only=True, return_train_score=False, error_score=0.0, kwargs={})
2026-06-19 23:52:24,842:INFO:Checking exceptions
2026-06-19 23:52:24,842:INFO:Importing libraries
2026-06-19 23:52:24,842:INFO:Copying training dataset
2026-06-19 23:52:25,120:INFO:Defining folds
2026-06-19 23:52:25,120:INFO:Declaring metric variables
2026-06-19 23:52:25,124:INFO:Importing untrained model
2026-06-19 23:52:25,126:INFO:Dummy Classifier Imported successfully
2026-06-19 23:52:25,131:INFO:Starting cross validation
2026-06-19 23:52:25,132:INFO:Cross validating with StratifiedKFold(n_splits=10, random_state=None, shuffle=False), n_jobs=-1
2026-06-19 23:52:25,313:WARNING:C:\Users\PC\AppData\Roaming\Python\Python311\site-packages\sklearn\metrics\_classification.py:1509: UndefinedMetricWarning: Precision is ill-defined and being set to 0.0 due to no predicted samples. Use `zero_division` parameter to control this behavior.
  _warn_prf(average, modifier, f"{metric.capitalize()} is", len(result))

2026-06-19 23:52:25,379:WARNING:C:\Users\PC\AppData\Roaming\Python\Python311\site-packages\sklearn\metrics\_classification.py:1509: UndefinedMetricWarning: Precision is ill-defined and being set to 0.0 due to no predicted samples. Use `zero_division` parameter to control this behavior.
  _warn_prf(average, modifier, f"{metric.capitalize()} is", len(result))

2026-06-19 23:52:25,443:WARNING:C:\Users\PC\AppData\Roaming\Python\Python311\site-packages\sklearn\metrics\_classification.py:1509: UndefinedMetricWarning: Precision is ill-defined and being set to 0.0 due to no predicted samples. Use `zero_division` parameter to control this behavior.
  _warn_prf(average, modifier, f"{metric.capitalize()} is", len(result))

2026-06-19 23:52:25,500:WARNING:C:\Users\PC\AppData\Roaming\Python\Python311\site-packages\sklearn\metrics\_classification.py:1509: UndefinedMetricWarning: Precision is ill-defined and being set to 0.0 due to no predicted samples. Use `zero_division` parameter to control this behavior.
  _warn_prf(average, modifier, f"{metric.capitalize()} is", len(result))

2026-06-19 23:52:25,565:WARNING:C:\Users\PC\AppData\Roaming\Python\Python311\site-packages\sklearn\metrics\_classification.py:1509: UndefinedMetricWarning: Precision is ill-defined and being set to 0.0 due to no predicted samples. Use `zero_division` parameter to control this behavior.
  _warn_prf(average, modifier, f"{metric.capitalize()} is", len(result))

2026-06-19 23:52:25,620:WARNING:C:\Users\PC\AppData\Roaming\Python\Python311\site-packages\sklearn\metrics\_classification.py:1509: UndefinedMetricWarning: Precision is ill-defined and being set to 0.0 due to no predicted samples. Use `zero_division` parameter to control this behavior.
  _warn_prf(average, modifier, f"{metric.capitalize()} is", len(result))

2026-06-19 23:52:25,686:WARNING:C:\Users\PC\AppData\Roaming\Python\Python311\site-packages\sklearn\metrics\_classification.py:1509: UndefinedMetricWarning: Precision is ill-defined and being set to 0.0 due to no predicted samples. Use `zero_division` parameter to control this behavior.
  _warn_prf(average, modifier, f"{metric.capitalize()} is", len(result))

2026-06-19 23:52:25,737:WARNING:C:\Users\PC\AppData\Roaming\Python\Python311\site-packages\sklearn\metrics\_classification.py:1509: UndefinedMetricWarning: Precision is ill-defined and being set to 0.0 due to no predicted samples. Use `zero_division` parameter to control this behavior.
  _warn_prf(average, modifier, f"{metric.capitalize()} is", len(result))

2026-06-19 23:52:25,799:WARNING:C:\Users\PC\AppData\Roaming\Python\Python311\site-packages\sklearn\metrics\_classification.py:1509: UndefinedMetricWarning: Precision is ill-defined and being set to 0.0 due to no predicted samples. Use `zero_division` parameter to control this behavior.
  _warn_prf(average, modifier, f"{metric.capitalize()} is", len(result))

2026-06-19 23:52:25,841:WARNING:C:\Users\PC\AppData\Roaming\Python\Python311\site-packages\sklearn\metrics\_classification.py:1509: UndefinedMetricWarning: Precision is ill-defined and being set to 0.0 due to no predicted samples. Use `zero_division` parameter to control this behavior.
  _warn_prf(average, modifier, f"{metric.capitalize()} is", len(result))

2026-06-19 23:52:25,858:INFO:Calculating mean and std
2026-06-19 23:52:25,859:INFO:Creating metrics dataframe
2026-06-19 23:52:25,860:INFO:Uploading results into container
2026-06-19 23:52:25,861:INFO:Uploading model into container now
2026-06-19 23:52:25,861:INFO:_master_model_container: 28
2026-06-19 23:52:25,861:INFO:_display_container: 3
2026-06-19 23:52:25,861:INFO:DummyClassifier(constant=None, random_state=42, strategy='prior')
2026-06-19 23:52:25,861:INFO:create_model() successfully completed......................................
2026-06-19 23:52:26,109:INFO:SubProcess create_model() end ==================================
2026-06-19 23:52:26,110:INFO:Creating metrics dataframe
2026-06-19 23:52:26,126:INFO:Initializing create_model()
2026-06-19 23:52:26,127:INFO:create_model(self=<pycaret.classification.oop.ClassificationExperiment object at 0x000001E95DB6D690>, estimator=LGBMClassifier(boosting_type='gbdt', class_weight=None, colsample_bytree=1.0,
               importance_type='split', learning_rate=0.1, max_depth=-1,
               min_child_samples=20, min_child_weight=0.001, min_split_gain=0.0,
               n_estimators=100, n_jobs=-1, num_leaves=31, objective=None,
               random_state=42, reg_alpha=0.0, reg_lambda=0.0, subsample=1.0,
               subsample_for_bin=200000, subsample_freq=0), fold=StratifiedKFold(n_splits=10, random_state=None, shuffle=False), round=4, cross_validation=False, predict=False, fit_kwargs={}, groups=None, refit=True, probability_threshold=None, experiment_custom_tags=None, verbose=False, system=False, add_to_model_list=True, metrics=None, display=None, model_only=True, return_train_score=False, error_score=0.0, kwargs={})
2026-06-19 23:52:26,127:INFO:Checking exceptions
2026-06-19 23:52:26,128:INFO:Importing libraries
2026-06-19 23:52:26,128:INFO:Copying training dataset
2026-06-19 23:52:26,359:INFO:Defining folds
2026-06-19 23:52:26,359:INFO:Declaring metric variables
2026-06-19 23:52:26,359:INFO:Importing untrained model
2026-06-19 23:52:26,359:INFO:Declaring custom model
2026-06-19 23:52:26,360:INFO:Light Gradient Boosting Machine Imported successfully
2026-06-19 23:52:26,360:INFO:Cross validation set to False
2026-06-19 23:52:26,360:INFO:Fitting Model
2026-06-19 23:52:26,611:INFO:[LightGBM] [Info] Number of positive: 17849, number of negative: 61756
2026-06-19 23:52:26,617:INFO:[LightGBM] [Info] Auto-choosing col-wise multi-threading, the overhead of testing was 0.004422 seconds.
2026-06-19 23:52:26,617:INFO:You can set `force_col_wise=true` to remove the overhead.
2026-06-19 23:52:26,618:INFO:[LightGBM] [Info] Total Bins 4928
2026-06-19 23:52:26,619:INFO:[LightGBM] [Info] Number of data points in the train set: 79605, number of used features: 116
2026-06-19 23:52:26,620:INFO:[LightGBM] [Info] [binary:BoostFromScore]: pavg=0.224220 -> initscore=-1.241244
2026-06-19 23:52:26,620:INFO:[LightGBM] [Info] Start training from score -1.241244
2026-06-19 23:52:26,950:INFO:LGBMClassifier(boosting_type='gbdt', class_weight=None, colsample_bytree=1.0,
               importance_type='split', learning_rate=0.1, max_depth=-1,
               min_child_samples=20, min_child_weight=0.001, min_split_gain=0.0,
               n_estimators=100, n_jobs=-1, num_leaves=31, objective=None,
               random_state=42, reg_alpha=0.0, reg_lambda=0.0, subsample=1.0,
               subsample_for_bin=200000, subsample_freq=0)
2026-06-19 23:52:26,950:INFO:create_model() successfully completed......................................
2026-06-19 23:52:27,346:INFO:_master_model_container: 28
2026-06-19 23:52:27,347:INFO:_display_container: 3
2026-06-19 23:52:27,348:INFO:LGBMClassifier(boosting_type='gbdt', class_weight=None, colsample_bytree=1.0,
               importance_type='split', learning_rate=0.1, max_depth=-1,
               min_child_samples=20, min_child_weight=0.001, min_split_gain=0.0,
               n_estimators=100, n_jobs=-1, num_leaves=31, objective=None,
               random_state=42, reg_alpha=0.0, reg_lambda=0.0, subsample=1.0,
               subsample_for_bin=200000, subsample_freq=0)
2026-06-19 23:52:27,348:INFO:compare_models() successfully completed......................................
2026-06-20 02:29:18,901:WARNING:C:\Users\PC\AppData\Roaming\Python\Python311\site-packages\sklearn\metrics\_classification.py:1509: UndefinedMetricWarning: Precision is ill-defined and being set to 0.0 due to no predicted samples. Use `zero_division` parameter to control this behavior.
  _warn_prf(average, modifier, f"{metric.capitalize()} is", len(result))

2026-06-20 02:32:29,121:INFO:PyCaret ClassificationExperiment
2026-06-20 02:32:29,121:INFO:Logging name: clf-default-name
2026-06-20 02:32:29,121:INFO:ML Usecase: MLUsecase.CLASSIFICATION
2026-06-20 02:32:29,121:INFO:version 3.3.0
2026-06-20 02:32:29,121:INFO:Initializing setup()
2026-06-20 02:32:29,121:INFO:self.USI: d039
2026-06-20 02:32:29,121:INFO:self._variable_keys: {'exp_id', 'idx', 'y', 'pipeline', 'exp_name_log', 'fix_imbalance', 'gpu_n_jobs_param', 'X', 'X_test', 'logging_param', 'memory', 'fold_generator', 'fold_groups_param', 'y_test', 'seed', '_ml_usecase', '_available_plots', 'html_param', 'gpu_param', 'data', 'fold_shuffle_param', 'X_train', 'target_param', 'log_plots_param', 'y_train', 'is_multiclass', 'n_jobs_param', 'USI'}
2026-06-20 02:32:29,121:INFO:Checking environment
2026-06-20 02:32:29,121:INFO:python_version: 3.11.9
2026-06-20 02:32:29,121:INFO:python_build: ('tags/v3.11.9:de54cf5', 'Apr  2 2024 10:12:12')
2026-06-20 02:32:29,121:INFO:machine: AMD64
2026-06-20 02:32:29,122:INFO:platform: Windows-10-10.0.19045-SP0
2026-06-20 02:32:29,125:INFO:Memory: svmem(total=17103945728, available=2382381056, percent=86.1, used=14721564672, free=2382381056)
2026-06-20 02:32:29,125:INFO:Physical Core: 10
2026-06-20 02:32:29,125:INFO:Logical Core: 20
2026-06-20 02:32:29,126:INFO:Checking libraries
2026-06-20 02:32:29,126:INFO:System:
2026-06-20 02:32:29,126:INFO:    python: 3.11.9 (tags/v3.11.9:de54cf5, Apr  2 2024, 10:12:12) [MSC v.1938 64 bit (AMD64)]
2026-06-20 02:32:29,126:INFO:executable: c:\Users\PC\AppData\Local\Programs\Python\Python311\python.exe
2026-06-20 02:32:29,126:INFO:   machine: Windows-10-10.0.19045-SP0
2026-06-20 02:32:29,126:INFO:PyCaret required dependencies:
2026-06-20 02:32:29,126:INFO:                 pip: 24.0
2026-06-20 02:32:29,126:INFO:          setuptools: 82.0.1
2026-06-20 02:32:29,126:INFO:             pycaret: 3.3.0
2026-06-20 02:32:29,126:INFO:             IPython: 9.14.1
2026-06-20 02:32:29,126:INFO:          ipywidgets: 8.1.8
2026-06-20 02:32:29,126:INFO:                tqdm: 4.68.3
2026-06-20 02:32:29,126:INFO:               numpy: 1.26.4
2026-06-20 02:32:29,126:INFO:              pandas: 2.1.4
2026-06-20 02:32:29,126:INFO:              jinja2: 3.1.6
2026-06-20 02:32:29,126:INFO:               scipy: 1.11.4
2026-06-20 02:32:29,126:INFO:              joblib: 1.5.3
2026-06-20 02:32:29,126:INFO:             sklearn: 1.4.2
2026-06-20 02:32:29,126:INFO:                pyod: 3.6.1
2026-06-20 02:32:29,126:INFO:            imblearn: 0.14.2
2026-06-20 02:32:29,127:INFO:   category_encoders: 2.7.0
2026-06-20 02:32:29,127:INFO:            lightgbm: 4.6.0
2026-06-20 02:32:29,127:INFO:               numba: 0.65.1
2026-06-20 02:32:29,127:INFO:            requests: 2.34.2
2026-06-20 02:32:29,127:INFO:          matplotlib: 3.7.5
2026-06-20 02:32:29,127:INFO:          scikitplot: 0.3.7
2026-06-20 02:32:29,127:INFO:         yellowbrick: 1.5
2026-06-20 02:32:29,127:INFO:              plotly: 6.8.0
2026-06-20 02:32:29,127:INFO:    plotly-resampler: Not installed
2026-06-20 02:32:29,127:INFO:             kaleido: 1.3.0
2026-06-20 02:32:29,127:INFO:           schemdraw: 0.15
2026-06-20 02:32:29,127:INFO:         statsmodels: 0.14.6
2026-06-20 02:32:29,127:INFO:              sktime: 1.0.1
2026-06-20 02:32:29,127:INFO:               tbats: 1.1.3
2026-06-20 02:32:29,127:INFO:            pmdarima: 2.0.4
2026-06-20 02:32:29,127:INFO:              psutil: 7.2.2
2026-06-20 02:32:29,127:INFO:          markupsafe: 3.0.3
2026-06-20 02:32:29,127:INFO:             pickle5: Not installed
2026-06-20 02:32:29,127:INFO:         cloudpickle: 3.1.2
2026-06-20 02:32:29,127:INFO:         deprecation: 2.1.0
2026-06-20 02:32:29,127:INFO:              xxhash: 3.7.0
2026-06-20 02:32:29,127:INFO:           wurlitzer: Not installed
2026-06-20 02:32:29,128:INFO:PyCaret optional dependencies:
2026-06-20 02:32:29,128:INFO:                shap: 0.49.1
2026-06-20 02:32:29,128:INFO:           interpret: Not installed
2026-06-20 02:32:29,128:INFO:                umap: Not installed
2026-06-20 02:32:29,128:INFO:     ydata_profiling: Not installed
2026-06-20 02:32:29,128:INFO:  explainerdashboard: Not installed
2026-06-20 02:32:29,128:INFO:             autoviz: Not installed
2026-06-20 02:32:29,128:INFO:           fairlearn: Not installed
2026-06-20 02:32:29,128:INFO:          deepchecks: Not installed
2026-06-20 02:32:29,128:INFO:             xgboost: Not installed
2026-06-20 02:32:29,128:INFO:            catboost: Not installed
2026-06-20 02:32:29,128:INFO:              kmodes: Not installed
2026-06-20 02:32:29,128:INFO:             mlxtend: Not installed
2026-06-20 02:32:29,128:INFO:       statsforecast: Not installed
2026-06-20 02:32:29,128:INFO:        tune_sklearn: Not installed
2026-06-20 02:32:29,128:INFO:                 ray: Not installed
2026-06-20 02:32:29,128:INFO:            hyperopt: Not installed
2026-06-20 02:32:29,128:INFO:              optuna: 4.9.0
2026-06-20 02:32:29,128:INFO:               skopt: Not installed
2026-06-20 02:32:29,129:INFO:              mlflow: Not installed
2026-06-20 02:32:29,129:INFO:              gradio: Not installed
2026-06-20 02:32:29,129:INFO:             fastapi: Not installed
2026-06-20 02:32:29,129:INFO:             uvicorn: 0.49.0
2026-06-20 02:32:29,129:INFO:              m2cgen: Not installed
2026-06-20 02:32:29,129:INFO:           evidently: Not installed
2026-06-20 02:32:29,129:INFO:               fugue: Not installed
2026-06-20 02:32:29,129:INFO:           streamlit: Not installed
2026-06-20 02:32:29,129:INFO:             prophet: Not installed
2026-06-20 02:32:29,129:INFO:None
2026-06-20 02:32:29,129:INFO:Set up data.
2026-06-20 02:32:29,290:INFO:Set up folding strategy.
2026-06-20 02:32:29,290:INFO:Set up train/test split.
2026-06-20 02:32:29,551:INFO:Set up index.
2026-06-20 02:32:29,560:INFO:Assigning column types.
2026-06-20 02:32:29,881:INFO:Engine successfully changes for model 'lr' to 'sklearn'.
2026-06-20 02:32:29,915:INFO:Engine for model 'knn' has not been set explicitly, hence returning None.
2026-06-20 02:32:29,916:INFO:Engine for model 'rbfsvm' has not been set explicitly, hence returning None.
2026-06-20 02:32:29,937:WARNING:
'xgboost' is a soft dependency and not included in the pycaret installation. Please run: `pip install xgboost` to install.
Alternately, you can install this by running `pip install pycaret[models]`
2026-06-20 02:32:29,937:WARNING:
'catboost' is a soft dependency and not included in the pycaret installation. Please run: `pip install catboost` to install.
Alternately, you can install this by running `pip install pycaret[models]`
2026-06-20 02:32:29,970:INFO:Engine for model 'knn' has not been set explicitly, hence returning None.
2026-06-20 02:32:29,971:INFO:Engine for model 'rbfsvm' has not been set explicitly, hence returning None.
2026-06-20 02:32:29,992:WARNING:
'xgboost' is a soft dependency and not included in the pycaret installation. Please run: `pip install xgboost` to install.
Alternately, you can install this by running `pip install pycaret[models]`
2026-06-20 02:32:29,992:WARNING:
'catboost' is a soft dependency and not included in the pycaret installation. Please run: `pip install catboost` to install.
Alternately, you can install this by running `pip install pycaret[models]`
2026-06-20 02:32:29,993:INFO:Engine successfully changes for model 'knn' to 'sklearn'.
2026-06-20 02:32:30,028:INFO:Engine for model 'rbfsvm' has not been set explicitly, hence returning None.
2026-06-20 02:32:30,049:WARNING:
'xgboost' is a soft dependency and not included in the pycaret installation. Please run: `pip install xgboost` to install.
Alternately, you can install this by running `pip install pycaret[models]`
2026-06-20 02:32:30,050:WARNING:
'catboost' is a soft dependency and not included in the pycaret installation. Please run: `pip install catboost` to install.
Alternately, you can install this by running `pip install pycaret[models]`
2026-06-20 02:32:30,089:INFO:Engine for model 'rbfsvm' has not been set explicitly, hence returning None.
2026-06-20 02:32:30,113:WARNING:
'xgboost' is a soft dependency and not included in the pycaret installation. Please run: `pip install xgboost` to install.
Alternately, you can install this by running `pip install pycaret[models]`
2026-06-20 02:32:30,113:WARNING:
'catboost' is a soft dependency and not included in the pycaret installation. Please run: `pip install catboost` to install.
Alternately, you can install this by running `pip install pycaret[models]`
2026-06-20 02:32:30,114:INFO:Engine successfully changes for model 'rbfsvm' to 'sklearn'.
2026-06-20 02:32:30,181:WARNING:
'xgboost' is a soft dependency and not included in the pycaret installation. Please run: `pip install xgboost` to install.
Alternately, you can install this by running `pip install pycaret[models]`
2026-06-20 02:32:30,181:WARNING:
'catboost' is a soft dependency and not included in the pycaret installation. Please run: `pip install catboost` to install.
Alternately, you can install this by running `pip install pycaret[models]`
2026-06-20 02:32:30,255:WARNING:
'xgboost' is a soft dependency and not included in the pycaret installation. Please run: `pip install xgboost` to install.
Alternately, you can install this by running `pip install pycaret[models]`
2026-06-20 02:32:30,256:WARNING:
'catboost' is a soft dependency and not included in the pycaret installation. Please run: `pip install catboost` to install.
Alternately, you can install this by running `pip install pycaret[models]`
2026-06-20 02:32:30,494:INFO:Finished creating preprocessing pipeline.
2026-06-20 02:32:30,494:INFO:Pipeline: Pipeline(memory=FastMemory(location=C:\Users\PC\AppData\Local\Temp\joblib),
         steps=[('placeholder', None)], verbose=False)
2026-06-20 02:32:30,494:INFO:Creating final display dataframe.
2026-06-20 02:32:31,359:INFO:Setup _display_container:                    Description          Value
0                   Session id             42
1                       Target   RainTomorrow
2                  Target type         Binary
3          Original data shape  (113722, 116)
4       Transformed data shape  (113722, 116)
5  Transformed train set shape   (79605, 116)
6   Transformed test set shape   (34117, 116)
7             Numeric features            115
2026-06-20 02:32:31,420:WARNING:
'xgboost' is a soft dependency and not included in the pycaret installation. Please run: `pip install xgboost` to install.
Alternately, you can install this by running `pip install pycaret[models]`
2026-06-20 02:32:31,420:WARNING:
'catboost' is a soft dependency and not included in the pycaret installation. Please run: `pip install catboost` to install.
Alternately, you can install this by running `pip install pycaret[models]`
2026-06-20 02:32:31,475:WARNING:
'xgboost' is a soft dependency and not included in the pycaret installation. Please run: `pip install xgboost` to install.
Alternately, you can install this by running `pip install pycaret[models]`
2026-06-20 02:32:31,475:WARNING:
'catboost' is a soft dependency and not included in the pycaret installation. Please run: `pip install catboost` to install.
Alternately, you can install this by running `pip install pycaret[models]`
2026-06-20 02:32:31,476:INFO:setup() successfully completed in 2.36s...............
2026-06-20 02:32:31,490:INFO:Initializing compare_models()
2026-06-20 02:32:31,490:INFO:compare_models(self=<pycaret.classification.oop.ClassificationExperiment object at 0x000001E96175C850>, include=None, exclude=None, fold=None, round=4, cross_validation=True, sort=Recall, n_select=1, budget_time=None, turbo=True, errors=ignore, fit_kwargs=None, groups=None, experiment_custom_tags=None, probability_threshold=None, verbose=True, parallel=None, caller_params={'self': <pycaret.classification.oop.ClassificationExperiment object at 0x000001E96175C850>, 'include': None, 'exclude': None, 'fold': None, 'round': 4, 'cross_validation': True, 'sort': 'Recall', 'n_select': 1, 'budget_time': None, 'turbo': True, 'errors': 'ignore', 'fit_kwargs': None, 'groups': None, 'experiment_custom_tags': None, 'probability_threshold': None, 'engine': None, 'verbose': True, 'parallel': None, '__class__': <class 'pycaret.classification.oop.ClassificationExperiment'>})
2026-06-20 02:32:31,490:INFO:Checking exceptions
2026-06-20 02:32:31,701:INFO:Preparing display monitor
2026-06-20 02:32:31,718:INFO:Initializing Logistic Regression
2026-06-20 02:32:31,718:INFO:Total runtime is 0.0 minutes
2026-06-20 02:32:31,721:INFO:SubProcess create_model() called ==================================
2026-06-20 02:32:31,721:INFO:Initializing create_model()
2026-06-20 02:32:31,722:INFO:create_model(self=<pycaret.classification.oop.ClassificationExperiment object at 0x000001E96175C850>, estimator=lr, fold=StratifiedKFold(n_splits=10, random_state=None, shuffle=False), round=4, cross_validation=True, predict=True, fit_kwargs={}, groups=None, refit=False, probability_threshold=None, experiment_custom_tags=None, verbose=False, system=False, add_to_model_list=True, metrics=None, display=<pycaret.internal.display.display.CommonDisplay object at 0x000001EA09539350>, model_only=True, return_train_score=False, error_score=0.0, kwargs={})
2026-06-20 02:32:31,722:INFO:Checking exceptions
2026-06-20 02:32:31,722:INFO:Importing libraries
2026-06-20 02:32:31,722:INFO:Copying training dataset
2026-06-20 02:32:31,988:INFO:Defining folds
2026-06-20 02:32:31,988:INFO:Declaring metric variables
2026-06-20 02:32:31,990:INFO:Importing untrained model
2026-06-20 02:32:31,993:INFO:Logistic Regression Imported successfully
2026-06-20 02:32:31,998:INFO:Starting cross validation
2026-06-20 02:32:31,998:INFO:Cross validating with StratifiedKFold(n_splits=10, random_state=None, shuffle=False), n_jobs=-1
2026-06-20 02:33:23,992:INFO:Calculating mean and std
2026-06-20 02:33:23,993:INFO:Creating metrics dataframe
2026-06-20 02:33:23,996:INFO:Uploading results into container
2026-06-20 02:33:23,997:INFO:Uploading model into container now
2026-06-20 02:33:23,998:INFO:_master_model_container: 1
2026-06-20 02:33:23,998:INFO:_display_container: 2
2026-06-20 02:33:23,999:INFO:LogisticRegression(C=1.0, class_weight=None, dual=False, fit_intercept=True,
                   intercept_scaling=1, l1_ratio=None, max_iter=1000,
                   multi_class='auto', n_jobs=None, penalty='l2',
                   random_state=42, solver='lbfgs', tol=0.0001, verbose=0,
                   warm_start=False)
2026-06-20 02:33:23,999:INFO:create_model() successfully completed......................................
2026-06-20 02:33:25,404:INFO:SubProcess create_model() end ==================================
2026-06-20 02:33:25,404:INFO:Creating metrics dataframe
2026-06-20 02:33:25,411:INFO:Initializing K Neighbors Classifier
2026-06-20 02:33:25,411:INFO:Total runtime is 0.8948695460955302 minutes
2026-06-20 02:33:25,413:INFO:SubProcess create_model() called ==================================
2026-06-20 02:33:25,413:INFO:Initializing create_model()
2026-06-20 02:33:25,413:INFO:create_model(self=<pycaret.classification.oop.ClassificationExperiment object at 0x000001E96175C850>, estimator=knn, fold=StratifiedKFold(n_splits=10, random_state=None, shuffle=False), round=4, cross_validation=True, predict=True, fit_kwargs={}, groups=None, refit=False, probability_threshold=None, experiment_custom_tags=None, verbose=False, system=False, add_to_model_list=True, metrics=None, display=<pycaret.internal.display.display.CommonDisplay object at 0x000001EA09539350>, model_only=True, return_train_score=False, error_score=0.0, kwargs={})
2026-06-20 02:33:25,413:INFO:Checking exceptions
2026-06-20 02:33:25,413:INFO:Importing libraries
2026-06-20 02:33:25,414:INFO:Copying training dataset
2026-06-20 02:33:25,655:INFO:Defining folds
2026-06-20 02:33:25,655:INFO:Declaring metric variables
2026-06-20 02:33:25,658:INFO:Importing untrained model
2026-06-20 02:33:25,660:INFO:K Neighbors Classifier Imported successfully
2026-06-20 02:33:25,665:INFO:Starting cross validation
2026-06-20 02:33:25,666:INFO:Cross validating with StratifiedKFold(n_splits=10, random_state=None, shuffle=False), n_jobs=-1
2026-06-20 02:33:42,487:INFO:Calculating mean and std
2026-06-20 02:33:42,488:INFO:Creating metrics dataframe
2026-06-20 02:33:42,489:INFO:Uploading results into container
2026-06-20 02:33:42,490:INFO:Uploading model into container now
2026-06-20 02:33:42,490:INFO:_master_model_container: 2
2026-06-20 02:33:42,490:INFO:_display_container: 2
2026-06-20 02:33:42,490:INFO:KNeighborsClassifier(algorithm='auto', leaf_size=30, metric='minkowski',
                     metric_params=None, n_jobs=-1, n_neighbors=5, p=2,
                     weights='uniform')
2026-06-20 02:33:42,490:INFO:create_model() successfully completed......................................
2026-06-20 02:33:42,783:INFO:SubProcess create_model() end ==================================
2026-06-20 02:33:42,783:INFO:Creating metrics dataframe
2026-06-20 02:33:42,788:INFO:Initializing Naive Bayes
2026-06-20 02:33:42,788:INFO:Total runtime is 1.1844945351282754 minutes
2026-06-20 02:33:42,790:INFO:SubProcess create_model() called ==================================
2026-06-20 02:33:42,791:INFO:Initializing create_model()
2026-06-20 02:33:42,791:INFO:create_model(self=<pycaret.classification.oop.ClassificationExperiment object at 0x000001E96175C850>, estimator=nb, fold=StratifiedKFold(n_splits=10, random_state=None, shuffle=False), round=4, cross_validation=True, predict=True, fit_kwargs={}, groups=None, refit=False, probability_threshold=None, experiment_custom_tags=None, verbose=False, system=False, add_to_model_list=True, metrics=None, display=<pycaret.internal.display.display.CommonDisplay object at 0x000001EA09539350>, model_only=True, return_train_score=False, error_score=0.0, kwargs={})
2026-06-20 02:33:42,791:INFO:Checking exceptions
2026-06-20 02:33:42,791:INFO:Importing libraries
2026-06-20 02:33:42,791:INFO:Copying training dataset
2026-06-20 02:33:43,039:INFO:Defining folds
2026-06-20 02:33:43,039:INFO:Declaring metric variables
2026-06-20 02:33:43,042:INFO:Importing untrained model
2026-06-20 02:33:43,044:INFO:Naive Bayes Imported successfully
2026-06-20 02:33:43,048:INFO:Starting cross validation
2026-06-20 02:33:43,049:INFO:Cross validating with StratifiedKFold(n_splits=10, random_state=None, shuffle=False), n_jobs=-1
2026-06-20 02:33:45,745:INFO:Calculating mean and std
2026-06-20 02:33:45,746:INFO:Creating metrics dataframe
2026-06-20 02:33:45,748:INFO:Uploading results into container
2026-06-20 02:33:45,749:INFO:Uploading model into container now
2026-06-20 02:33:45,750:INFO:_master_model_container: 3
2026-06-20 02:33:45,750:INFO:_display_container: 2
2026-06-20 02:33:45,750:INFO:GaussianNB(priors=None, var_smoothing=1e-09)
2026-06-20 02:33:45,751:INFO:create_model() successfully completed......................................
2026-06-20 02:33:46,024:INFO:SubProcess create_model() end ==================================
2026-06-20 02:33:46,024:INFO:Creating metrics dataframe
2026-06-20 02:33:46,029:INFO:Initializing Decision Tree Classifier
2026-06-20 02:33:46,029:INFO:Total runtime is 1.2385070840517678 minutes
2026-06-20 02:33:46,031:INFO:SubProcess create_model() called ==================================
2026-06-20 02:33:46,032:INFO:Initializing create_model()
2026-06-20 02:33:46,032:INFO:create_model(self=<pycaret.classification.oop.ClassificationExperiment object at 0x000001E96175C850>, estimator=dt, fold=StratifiedKFold(n_splits=10, random_state=None, shuffle=False), round=4, cross_validation=True, predict=True, fit_kwargs={}, groups=None, refit=False, probability_threshold=None, experiment_custom_tags=None, verbose=False, system=False, add_to_model_list=True, metrics=None, display=<pycaret.internal.display.display.CommonDisplay object at 0x000001EA09539350>, model_only=True, return_train_score=False, error_score=0.0, kwargs={})
2026-06-20 02:33:46,032:INFO:Checking exceptions
2026-06-20 02:33:46,032:INFO:Importing libraries
2026-06-20 02:33:46,032:INFO:Copying training dataset
2026-06-20 02:33:46,257:INFO:Defining folds
2026-06-20 02:33:46,257:INFO:Declaring metric variables
2026-06-20 02:33:46,259:INFO:Importing untrained model
2026-06-20 02:33:46,262:INFO:Decision Tree Classifier Imported successfully
2026-06-20 02:33:46,272:INFO:Starting cross validation
2026-06-20 02:33:46,273:INFO:Cross validating with StratifiedKFold(n_splits=10, random_state=None, shuffle=False), n_jobs=-1
2026-06-20 02:33:54,220:INFO:Calculating mean and std
2026-06-20 02:33:54,221:INFO:Creating metrics dataframe
2026-06-20 02:33:54,222:INFO:Uploading results into container
2026-06-20 02:33:54,223:INFO:Uploading model into container now
2026-06-20 02:33:54,223:INFO:_master_model_container: 4
2026-06-20 02:33:54,223:INFO:_display_container: 2
2026-06-20 02:33:54,223:INFO:DecisionTreeClassifier(ccp_alpha=0.0, class_weight=None, criterion='gini',
                       max_depth=None, max_features=None, max_leaf_nodes=None,
                       min_impurity_decrease=0.0, min_samples_leaf=1,
                       min_samples_split=2, min_weight_fraction_leaf=0.0,
                       monotonic_cst=None, random_state=42, splitter='best')
2026-06-20 02:33:54,223:INFO:create_model() successfully completed......................................
2026-06-20 02:33:54,521:INFO:SubProcess create_model() end ==================================
2026-06-20 02:33:54,521:INFO:Creating metrics dataframe
2026-06-20 02:33:54,527:INFO:Initializing SVM - Linear Kernel
2026-06-20 02:33:54,527:INFO:Total runtime is 1.3801487723986305 minutes
2026-06-20 02:33:54,529:INFO:SubProcess create_model() called ==================================
2026-06-20 02:33:54,529:INFO:Initializing create_model()
2026-06-20 02:33:54,529:INFO:create_model(self=<pycaret.classification.oop.ClassificationExperiment object at 0x000001E96175C850>, estimator=svm, fold=StratifiedKFold(n_splits=10, random_state=None, shuffle=False), round=4, cross_validation=True, predict=True, fit_kwargs={}, groups=None, refit=False, probability_threshold=None, experiment_custom_tags=None, verbose=False, system=False, add_to_model_list=True, metrics=None, display=<pycaret.internal.display.display.CommonDisplay object at 0x000001EA09539350>, model_only=True, return_train_score=False, error_score=0.0, kwargs={})
2026-06-20 02:33:54,529:INFO:Checking exceptions
2026-06-20 02:33:54,530:INFO:Importing libraries
2026-06-20 02:33:54,530:INFO:Copying training dataset
2026-06-20 02:33:54,766:INFO:Defining folds
2026-06-20 02:33:54,766:INFO:Declaring metric variables
2026-06-20 02:33:54,768:INFO:Importing untrained model
2026-06-20 02:33:54,772:INFO:SVM - Linear Kernel Imported successfully
2026-06-20 02:33:54,777:INFO:Starting cross validation
2026-06-20 02:33:54,778:INFO:Cross validating with StratifiedKFold(n_splits=10, random_state=None, shuffle=False), n_jobs=-1
2026-06-20 02:33:56,999:WARNING:C:\Users\PC\AppData\Roaming\Python\Python311\site-packages\pycaret\internal\metrics.py:196: FitFailedWarning: Metric 'make_scorer(roc_auc_score, response_method='predict_proba', average=weighted, multi_class=ovr)' failed and error score 0.0 has been returned instead. If this is a custom metric, this usually means that the error is in the metric code. Full exception below:
Traceback (most recent call last):
  File "C:\Users\PC\AppData\Roaming\Python\Python311\site-packages\pycaret\internal\metrics.py", line 188, in _score
    return super()._score(
           ^^^^^^^^^^^^^^^
  File "C:\Users\PC\AppData\Roaming\Python\Python311\site-packages\sklearn\metrics\_scorer.py", line 344, in _score
    response_method = _check_response_method(estimator, self._response_method)
                      ^^^^^^^^^^^^^^^^^^^^^^^^^^^^^^^^^^^^^^^^^^^^^^^^^^^^^^^^
  File "C:\Users\PC\AppData\Roaming\Python\Python311\site-packages\sklearn\utils\validation.py", line 2106, in _check_response_method
    raise AttributeError(
AttributeError: Pipeline has none of the following attributes: predict_proba.

  warnings.warn(

2026-06-20 02:33:57,320:WARNING:C:\Users\PC\AppData\Roaming\Python\Python311\site-packages\pycaret\internal\metrics.py:196: FitFailedWarning: Metric 'make_scorer(roc_auc_score, response_method='predict_proba', average=weighted, multi_class=ovr)' failed and error score 0.0 has been returned instead. If this is a custom metric, this usually means that the error is in the metric code. Full exception below:
Traceback (most recent call last):
  File "C:\Users\PC\AppData\Roaming\Python\Python311\site-packages\pycaret\internal\metrics.py", line 188, in _score
    return super()._score(
           ^^^^^^^^^^^^^^^
  File "C:\Users\PC\AppData\Roaming\Python\Python311\site-packages\sklearn\metrics\_scorer.py", line 344, in _score
    response_method = _check_response_method(estimator, self._response_method)
                      ^^^^^^^^^^^^^^^^^^^^^^^^^^^^^^^^^^^^^^^^^^^^^^^^^^^^^^^^
  File "C:\Users\PC\AppData\Roaming\Python\Python311\site-packages\sklearn\utils\validation.py", line 2106, in _check_response_method
    raise AttributeError(
AttributeError: Pipeline has none of the following attributes: predict_proba.

  warnings.warn(

2026-06-20 02:33:58,745:WARNING:C:\Users\PC\AppData\Roaming\Python\Python311\site-packages\pycaret\internal\metrics.py:196: FitFailedWarning: Metric 'make_scorer(roc_auc_score, response_method='predict_proba', average=weighted, multi_class=ovr)' failed and error score 0.0 has been returned instead. If this is a custom metric, this usually means that the error is in the metric code. Full exception below:
Traceback (most recent call last):
  File "C:\Users\PC\AppData\Roaming\Python\Python311\site-packages\pycaret\internal\metrics.py", line 188, in _score
    return super()._score(
           ^^^^^^^^^^^^^^^
  File "C:\Users\PC\AppData\Roaming\Python\Python311\site-packages\sklearn\metrics\_scorer.py", line 344, in _score
    response_method = _check_response_method(estimator, self._response_method)
                      ^^^^^^^^^^^^^^^^^^^^^^^^^^^^^^^^^^^^^^^^^^^^^^^^^^^^^^^^
  File "C:\Users\PC\AppData\Roaming\Python\Python311\site-packages\sklearn\utils\validation.py", line 2106, in _check_response_method
    raise AttributeError(
AttributeError: Pipeline has none of the following attributes: predict_proba.

  warnings.warn(

2026-06-20 02:33:59,043:WARNING:C:\Users\PC\AppData\Roaming\Python\Python311\site-packages\pycaret\internal\metrics.py:196: FitFailedWarning: Metric 'make_scorer(roc_auc_score, response_method='predict_proba', average=weighted, multi_class=ovr)' failed and error score 0.0 has been returned instead. If this is a custom metric, this usually means that the error is in the metric code. Full exception below:
Traceback (most recent call last):
  File "C:\Users\PC\AppData\Roaming\Python\Python311\site-packages\pycaret\internal\metrics.py", line 188, in _score
    return super()._score(
           ^^^^^^^^^^^^^^^
  File "C:\Users\PC\AppData\Roaming\Python\Python311\site-packages\sklearn\metrics\_scorer.py", line 344, in _score
    response_method = _check_response_method(estimator, self._response_method)
                      ^^^^^^^^^^^^^^^^^^^^^^^^^^^^^^^^^^^^^^^^^^^^^^^^^^^^^^^^
  File "C:\Users\PC\AppData\Roaming\Python\Python311\site-packages\sklearn\utils\validation.py", line 2106, in _check_response_method
    raise AttributeError(
AttributeError: Pipeline has none of the following attributes: predict_proba.

  warnings.warn(

2026-06-20 02:33:59,044:WARNING:C:\Users\PC\AppData\Roaming\Python\Python311\site-packages\pycaret\internal\metrics.py:196: FitFailedWarning: Metric 'make_scorer(roc_auc_score, response_method='predict_proba', average=weighted, multi_class=ovr)' failed and error score 0.0 has been returned instead. If this is a custom metric, this usually means that the error is in the metric code. Full exception below:
Traceback (most recent call last):
  File "C:\Users\PC\AppData\Roaming\Python\Python311\site-packages\pycaret\internal\metrics.py", line 188, in _score
    return super()._score(
           ^^^^^^^^^^^^^^^
  File "C:\Users\PC\AppData\Roaming\Python\Python311\site-packages\sklearn\metrics\_scorer.py", line 344, in _score
    response_method = _check_response_method(estimator, self._response_method)
                      ^^^^^^^^^^^^^^^^^^^^^^^^^^^^^^^^^^^^^^^^^^^^^^^^^^^^^^^^
  File "C:\Users\PC\AppData\Roaming\Python\Python311\site-packages\sklearn\utils\validation.py", line 2106, in _check_response_method
    raise AttributeError(
AttributeError: Pipeline has none of the following attributes: predict_proba.

  warnings.warn(

2026-06-20 02:33:59,700:WARNING:C:\Users\PC\AppData\Roaming\Python\Python311\site-packages\pycaret\internal\metrics.py:196: FitFailedWarning: Metric 'make_scorer(roc_auc_score, response_method='predict_proba', average=weighted, multi_class=ovr)' failed and error score 0.0 has been returned instead. If this is a custom metric, this usually means that the error is in the metric code. Full exception below:
Traceback (most recent call last):
  File "C:\Users\PC\AppData\Roaming\Python\Python311\site-packages\pycaret\internal\metrics.py", line 188, in _score
    return super()._score(
           ^^^^^^^^^^^^^^^
  File "C:\Users\PC\AppData\Roaming\Python\Python311\site-packages\sklearn\metrics\_scorer.py", line 344, in _score
    response_method = _check_response_method(estimator, self._response_method)
                      ^^^^^^^^^^^^^^^^^^^^^^^^^^^^^^^^^^^^^^^^^^^^^^^^^^^^^^^^
  File "C:\Users\PC\AppData\Roaming\Python\Python311\site-packages\sklearn\utils\validation.py", line 2106, in _check_response_method
    raise AttributeError(
AttributeError: Pipeline has none of the following attributes: predict_proba.

  warnings.warn(

2026-06-20 02:33:59,873:WARNING:C:\Users\PC\AppData\Roaming\Python\Python311\site-packages\pycaret\internal\metrics.py:196: FitFailedWarning: Metric 'make_scorer(roc_auc_score, response_method='predict_proba', average=weighted, multi_class=ovr)' failed and error score 0.0 has been returned instead. If this is a custom metric, this usually means that the error is in the metric code. Full exception below:
Traceback (most recent call last):
  File "C:\Users\PC\AppData\Roaming\Python\Python311\site-packages\pycaret\internal\metrics.py", line 188, in _score
    return super()._score(
           ^^^^^^^^^^^^^^^
  File "C:\Users\PC\AppData\Roaming\Python\Python311\site-packages\sklearn\metrics\_scorer.py", line 344, in _score
    response_method = _check_response_method(estimator, self._response_method)
                      ^^^^^^^^^^^^^^^^^^^^^^^^^^^^^^^^^^^^^^^^^^^^^^^^^^^^^^^^
  File "C:\Users\PC\AppData\Roaming\Python\Python311\site-packages\sklearn\utils\validation.py", line 2106, in _check_response_method
    raise AttributeError(
AttributeError: Pipeline has none of the following attributes: predict_proba.

  warnings.warn(

2026-06-20 02:33:59,873:WARNING:C:\Users\PC\AppData\Roaming\Python\Python311\site-packages\pycaret\internal\metrics.py:196: FitFailedWarning: Metric 'make_scorer(roc_auc_score, response_method='predict_proba', average=weighted, multi_class=ovr)' failed and error score 0.0 has been returned instead. If this is a custom metric, this usually means that the error is in the metric code. Full exception below:
Traceback (most recent call last):
  File "C:\Users\PC\AppData\Roaming\Python\Python311\site-packages\pycaret\internal\metrics.py", line 188, in _score
    return super()._score(
           ^^^^^^^^^^^^^^^
  File "C:\Users\PC\AppData\Roaming\Python\Python311\site-packages\sklearn\metrics\_scorer.py", line 344, in _score
    response_method = _check_response_method(estimator, self._response_method)
                      ^^^^^^^^^^^^^^^^^^^^^^^^^^^^^^^^^^^^^^^^^^^^^^^^^^^^^^^^
  File "C:\Users\PC\AppData\Roaming\Python\Python311\site-packages\sklearn\utils\validation.py", line 2106, in _check_response_method
    raise AttributeError(
AttributeError: Pipeline has none of the following attributes: predict_proba.

  warnings.warn(

2026-06-20 02:34:00,008:WARNING:C:\Users\PC\AppData\Roaming\Python\Python311\site-packages\pycaret\internal\metrics.py:196: FitFailedWarning: Metric 'make_scorer(roc_auc_score, response_method='predict_proba', average=weighted, multi_class=ovr)' failed and error score 0.0 has been returned instead. If this is a custom metric, this usually means that the error is in the metric code. Full exception below:
Traceback (most recent call last):
  File "C:\Users\PC\AppData\Roaming\Python\Python311\site-packages\pycaret\internal\metrics.py", line 188, in _score
    return super()._score(
           ^^^^^^^^^^^^^^^
  File "C:\Users\PC\AppData\Roaming\Python\Python311\site-packages\sklearn\metrics\_scorer.py", line 344, in _score
    response_method = _check_response_method(estimator, self._response_method)
                      ^^^^^^^^^^^^^^^^^^^^^^^^^^^^^^^^^^^^^^^^^^^^^^^^^^^^^^^^
  File "C:\Users\PC\AppData\Roaming\Python\Python311\site-packages\sklearn\utils\validation.py", line 2106, in _check_response_method
    raise AttributeError(
AttributeError: Pipeline has none of the following attributes: predict_proba.

  warnings.warn(

2026-06-20 02:34:00,460:WARNING:C:\Users\PC\AppData\Roaming\Python\Python311\site-packages\pycaret\internal\metrics.py:196: FitFailedWarning: Metric 'make_scorer(roc_auc_score, response_method='predict_proba', average=weighted, multi_class=ovr)' failed and error score 0.0 has been returned instead. If this is a custom metric, this usually means that the error is in the metric code. Full exception below:
Traceback (most recent call last):
  File "C:\Users\PC\AppData\Roaming\Python\Python311\site-packages\pycaret\internal\metrics.py", line 188, in _score
    return super()._score(
           ^^^^^^^^^^^^^^^
  File "C:\Users\PC\AppData\Roaming\Python\Python311\site-packages\sklearn\metrics\_scorer.py", line 344, in _score
    response_method = _check_response_method(estimator, self._response_method)
                      ^^^^^^^^^^^^^^^^^^^^^^^^^^^^^^^^^^^^^^^^^^^^^^^^^^^^^^^^
  File "C:\Users\PC\AppData\Roaming\Python\Python311\site-packages\sklearn\utils\validation.py", line 2106, in _check_response_method
    raise AttributeError(
AttributeError: Pipeline has none of the following attributes: predict_proba.

  warnings.warn(

2026-06-20 02:34:00,896:INFO:Calculating mean and std
2026-06-20 02:34:00,897:INFO:Creating metrics dataframe
2026-06-20 02:34:00,899:INFO:Uploading results into container
2026-06-20 02:34:00,899:INFO:Uploading model into container now
2026-06-20 02:34:00,899:INFO:_master_model_container: 5
2026-06-20 02:34:00,900:INFO:_display_container: 2
2026-06-20 02:34:00,900:INFO:SGDClassifier(alpha=0.0001, average=False, class_weight=None,
              early_stopping=False, epsilon=0.1, eta0=0.001, fit_intercept=True,
              l1_ratio=0.15, learning_rate='optimal', loss='hinge',
              max_iter=1000, n_iter_no_change=5, n_jobs=-1, penalty='l2',
              power_t=0.5, random_state=42, shuffle=True, tol=0.001,
              validation_fraction=0.1, verbose=0, warm_start=False)
2026-06-20 02:34:00,900:INFO:create_model() successfully completed......................................
2026-06-20 02:34:01,203:INFO:SubProcess create_model() end ==================================
2026-06-20 02:34:01,203:INFO:Creating metrics dataframe
2026-06-20 02:34:01,209:INFO:Initializing Ridge Classifier
2026-06-20 02:34:01,209:INFO:Total runtime is 1.4915101369222004 minutes
2026-06-20 02:34:01,212:INFO:SubProcess create_model() called ==================================
2026-06-20 02:34:01,212:INFO:Initializing create_model()
2026-06-20 02:34:01,212:INFO:create_model(self=<pycaret.classification.oop.ClassificationExperiment object at 0x000001E96175C850>, estimator=ridge, fold=StratifiedKFold(n_splits=10, random_state=None, shuffle=False), round=4, cross_validation=True, predict=True, fit_kwargs={}, groups=None, refit=False, probability_threshold=None, experiment_custom_tags=None, verbose=False, system=False, add_to_model_list=True, metrics=None, display=<pycaret.internal.display.display.CommonDisplay object at 0x000001EA09539350>, model_only=True, return_train_score=False, error_score=0.0, kwargs={})
2026-06-20 02:34:01,212:INFO:Checking exceptions
2026-06-20 02:34:01,212:INFO:Importing libraries
2026-06-20 02:34:01,212:INFO:Copying training dataset
2026-06-20 02:34:01,478:INFO:Defining folds
2026-06-20 02:34:01,478:INFO:Declaring metric variables
2026-06-20 02:34:01,481:INFO:Importing untrained model
2026-06-20 02:34:01,483:INFO:Ridge Classifier Imported successfully
2026-06-20 02:34:01,488:INFO:Starting cross validation
2026-06-20 02:34:01,489:INFO:Cross validating with StratifiedKFold(n_splits=10, random_state=None, shuffle=False), n_jobs=-1
2026-06-20 02:34:01,882:WARNING:C:\Users\PC\AppData\Roaming\Python\Python311\site-packages\pycaret\internal\metrics.py:196: FitFailedWarning: Metric 'make_scorer(roc_auc_score, response_method='predict_proba', average=weighted, multi_class=ovr)' failed and error score 0.0 has been returned instead. If this is a custom metric, this usually means that the error is in the metric code. Full exception below:
Traceback (most recent call last):
  File "C:\Users\PC\AppData\Roaming\Python\Python311\site-packages\pycaret\internal\metrics.py", line 188, in _score
    return super()._score(
           ^^^^^^^^^^^^^^^
  File "C:\Users\PC\AppData\Roaming\Python\Python311\site-packages\sklearn\metrics\_scorer.py", line 344, in _score
    response_method = _check_response_method(estimator, self._response_method)
                      ^^^^^^^^^^^^^^^^^^^^^^^^^^^^^^^^^^^^^^^^^^^^^^^^^^^^^^^^
  File "C:\Users\PC\AppData\Roaming\Python\Python311\site-packages\sklearn\utils\validation.py", line 2106, in _check_response_method
    raise AttributeError(
AttributeError: Pipeline has none of the following attributes: predict_proba.

  warnings.warn(

2026-06-20 02:34:02,073:WARNING:C:\Users\PC\AppData\Roaming\Python\Python311\site-packages\pycaret\internal\metrics.py:196: FitFailedWarning: Metric 'make_scorer(roc_auc_score, response_method='predict_proba', average=weighted, multi_class=ovr)' failed and error score 0.0 has been returned instead. If this is a custom metric, this usually means that the error is in the metric code. Full exception below:
Traceback (most recent call last):
  File "C:\Users\PC\AppData\Roaming\Python\Python311\site-packages\pycaret\internal\metrics.py", line 188, in _score
    return super()._score(
           ^^^^^^^^^^^^^^^
  File "C:\Users\PC\AppData\Roaming\Python\Python311\site-packages\sklearn\metrics\_scorer.py", line 344, in _score
    response_method = _check_response_method(estimator, self._response_method)
                      ^^^^^^^^^^^^^^^^^^^^^^^^^^^^^^^^^^^^^^^^^^^^^^^^^^^^^^^^
  File "C:\Users\PC\AppData\Roaming\Python\Python311\site-packages\sklearn\utils\validation.py", line 2106, in _check_response_method
    raise AttributeError(
AttributeError: Pipeline has none of the following attributes: predict_proba.

  warnings.warn(

2026-06-20 02:34:02,296:WARNING:C:\Users\PC\AppData\Roaming\Python\Python311\site-packages\pycaret\internal\metrics.py:196: FitFailedWarning: Metric 'make_scorer(roc_auc_score, response_method='predict_proba', average=weighted, multi_class=ovr)' failed and error score 0.0 has been returned instead. If this is a custom metric, this usually means that the error is in the metric code. Full exception below:
Traceback (most recent call last):
  File "C:\Users\PC\AppData\Roaming\Python\Python311\site-packages\pycaret\internal\metrics.py", line 188, in _score
    return super()._score(
           ^^^^^^^^^^^^^^^
  File "C:\Users\PC\AppData\Roaming\Python\Python311\site-packages\sklearn\metrics\_scorer.py", line 344, in _score
    response_method = _check_response_method(estimator, self._response_method)
                      ^^^^^^^^^^^^^^^^^^^^^^^^^^^^^^^^^^^^^^^^^^^^^^^^^^^^^^^^
  File "C:\Users\PC\AppData\Roaming\Python\Python311\site-packages\sklearn\utils\validation.py", line 2106, in _check_response_method
    raise AttributeError(
AttributeError: Pipeline has none of the following attributes: predict_proba.

  warnings.warn(

2026-06-20 02:34:02,537:WARNING:C:\Users\PC\AppData\Roaming\Python\Python311\site-packages\pycaret\internal\metrics.py:196: FitFailedWarning: Metric 'make_scorer(roc_auc_score, response_method='predict_proba', average=weighted, multi_class=ovr)' failed and error score 0.0 has been returned instead. If this is a custom metric, this usually means that the error is in the metric code. Full exception below:
Traceback (most recent call last):
  File "C:\Users\PC\AppData\Roaming\Python\Python311\site-packages\pycaret\internal\metrics.py", line 188, in _score
    return super()._score(
           ^^^^^^^^^^^^^^^
  File "C:\Users\PC\AppData\Roaming\Python\Python311\site-packages\sklearn\metrics\_scorer.py", line 344, in _score
    response_method = _check_response_method(estimator, self._response_method)
                      ^^^^^^^^^^^^^^^^^^^^^^^^^^^^^^^^^^^^^^^^^^^^^^^^^^^^^^^^
  File "C:\Users\PC\AppData\Roaming\Python\Python311\site-packages\sklearn\utils\validation.py", line 2106, in _check_response_method
    raise AttributeError(
AttributeError: Pipeline has none of the following attributes: predict_proba.

  warnings.warn(

2026-06-20 02:34:02,762:WARNING:C:\Users\PC\AppData\Roaming\Python\Python311\site-packages\pycaret\internal\metrics.py:196: FitFailedWarning: Metric 'make_scorer(roc_auc_score, response_method='predict_proba', average=weighted, multi_class=ovr)' failed and error score 0.0 has been returned instead. If this is a custom metric, this usually means that the error is in the metric code. Full exception below:
Traceback (most recent call last):
  File "C:\Users\PC\AppData\Roaming\Python\Python311\site-packages\pycaret\internal\metrics.py", line 188, in _score
    return super()._score(
           ^^^^^^^^^^^^^^^
  File "C:\Users\PC\AppData\Roaming\Python\Python311\site-packages\sklearn\metrics\_scorer.py", line 344, in _score
    response_method = _check_response_method(estimator, self._response_method)
                      ^^^^^^^^^^^^^^^^^^^^^^^^^^^^^^^^^^^^^^^^^^^^^^^^^^^^^^^^
  File "C:\Users\PC\AppData\Roaming\Python\Python311\site-packages\sklearn\utils\validation.py", line 2106, in _check_response_method
    raise AttributeError(
AttributeError: Pipeline has none of the following attributes: predict_proba.

  warnings.warn(

2026-06-20 02:34:03,003:WARNING:C:\Users\PC\AppData\Roaming\Python\Python311\site-packages\pycaret\internal\metrics.py:196: FitFailedWarning: Metric 'make_scorer(roc_auc_score, response_method='predict_proba', average=weighted, multi_class=ovr)' failed and error score 0.0 has been returned instead. If this is a custom metric, this usually means that the error is in the metric code. Full exception below:
Traceback (most recent call last):
  File "C:\Users\PC\AppData\Roaming\Python\Python311\site-packages\pycaret\internal\metrics.py", line 188, in _score
    return super()._score(
           ^^^^^^^^^^^^^^^
  File "C:\Users\PC\AppData\Roaming\Python\Python311\site-packages\sklearn\metrics\_scorer.py", line 344, in _score
    response_method = _check_response_method(estimator, self._response_method)
                      ^^^^^^^^^^^^^^^^^^^^^^^^^^^^^^^^^^^^^^^^^^^^^^^^^^^^^^^^
  File "C:\Users\PC\AppData\Roaming\Python\Python311\site-packages\sklearn\utils\validation.py", line 2106, in _check_response_method
    raise AttributeError(
AttributeError: Pipeline has none of the following attributes: predict_proba.

  warnings.warn(

2026-06-20 02:34:03,224:WARNING:C:\Users\PC\AppData\Roaming\Python\Python311\site-packages\pycaret\internal\metrics.py:196: FitFailedWarning: Metric 'make_scorer(roc_auc_score, response_method='predict_proba', average=weighted, multi_class=ovr)' failed and error score 0.0 has been returned instead. If this is a custom metric, this usually means that the error is in the metric code. Full exception below:
Traceback (most recent call last):
  File "C:\Users\PC\AppData\Roaming\Python\Python311\site-packages\pycaret\internal\metrics.py", line 188, in _score
    return super()._score(
           ^^^^^^^^^^^^^^^
  File "C:\Users\PC\AppData\Roaming\Python\Python311\site-packages\sklearn\metrics\_scorer.py", line 344, in _score
    response_method = _check_response_method(estimator, self._response_method)
                      ^^^^^^^^^^^^^^^^^^^^^^^^^^^^^^^^^^^^^^^^^^^^^^^^^^^^^^^^
  File "C:\Users\PC\AppData\Roaming\Python\Python311\site-packages\sklearn\utils\validation.py", line 2106, in _check_response_method
    raise AttributeError(
AttributeError: Pipeline has none of the following attributes: predict_proba.

  warnings.warn(

2026-06-20 02:34:03,463:WARNING:C:\Users\PC\AppData\Roaming\Python\Python311\site-packages\pycaret\internal\metrics.py:196: FitFailedWarning: Metric 'make_scorer(roc_auc_score, response_method='predict_proba', average=weighted, multi_class=ovr)' failed and error score 0.0 has been returned instead. If this is a custom metric, this usually means that the error is in the metric code. Full exception below:
Traceback (most recent call last):
  File "C:\Users\PC\AppData\Roaming\Python\Python311\site-packages\pycaret\internal\metrics.py", line 188, in _score
    return super()._score(
           ^^^^^^^^^^^^^^^
  File "C:\Users\PC\AppData\Roaming\Python\Python311\site-packages\sklearn\metrics\_scorer.py", line 344, in _score
    response_method = _check_response_method(estimator, self._response_method)
                      ^^^^^^^^^^^^^^^^^^^^^^^^^^^^^^^^^^^^^^^^^^^^^^^^^^^^^^^^
  File "C:\Users\PC\AppData\Roaming\Python\Python311\site-packages\sklearn\utils\validation.py", line 2106, in _check_response_method
    raise AttributeError(
AttributeError: Pipeline has none of the following attributes: predict_proba.

  warnings.warn(

2026-06-20 02:34:03,651:WARNING:C:\Users\PC\AppData\Roaming\Python\Python311\site-packages\pycaret\internal\metrics.py:196: FitFailedWarning: Metric 'make_scorer(roc_auc_score, response_method='predict_proba', average=weighted, multi_class=ovr)' failed and error score 0.0 has been returned instead. If this is a custom metric, this usually means that the error is in the metric code. Full exception below:
Traceback (most recent call last):
  File "C:\Users\PC\AppData\Roaming\Python\Python311\site-packages\pycaret\internal\metrics.py", line 188, in _score
    return super()._score(
           ^^^^^^^^^^^^^^^
  File "C:\Users\PC\AppData\Roaming\Python\Python311\site-packages\sklearn\metrics\_scorer.py", line 344, in _score
    response_method = _check_response_method(estimator, self._response_method)
                      ^^^^^^^^^^^^^^^^^^^^^^^^^^^^^^^^^^^^^^^^^^^^^^^^^^^^^^^^
  File "C:\Users\PC\AppData\Roaming\Python\Python311\site-packages\sklearn\utils\validation.py", line 2106, in _check_response_method
    raise AttributeError(
AttributeError: Pipeline has none of the following attributes: predict_proba.

  warnings.warn(

2026-06-20 02:34:03,790:WARNING:C:\Users\PC\AppData\Roaming\Python\Python311\site-packages\pycaret\internal\metrics.py:196: FitFailedWarning: Metric 'make_scorer(roc_auc_score, response_method='predict_proba', average=weighted, multi_class=ovr)' failed and error score 0.0 has been returned instead. If this is a custom metric, this usually means that the error is in the metric code. Full exception below:
Traceback (most recent call last):
  File "C:\Users\PC\AppData\Roaming\Python\Python311\site-packages\pycaret\internal\metrics.py", line 188, in _score
    return super()._score(
           ^^^^^^^^^^^^^^^
  File "C:\Users\PC\AppData\Roaming\Python\Python311\site-packages\sklearn\metrics\_scorer.py", line 344, in _score
    response_method = _check_response_method(estimator, self._response_method)
                      ^^^^^^^^^^^^^^^^^^^^^^^^^^^^^^^^^^^^^^^^^^^^^^^^^^^^^^^^
  File "C:\Users\PC\AppData\Roaming\Python\Python311\site-packages\sklearn\utils\validation.py", line 2106, in _check_response_method
    raise AttributeError(
AttributeError: Pipeline has none of the following attributes: predict_proba.

  warnings.warn(

2026-06-20 02:34:03,809:INFO:Calculating mean and std
2026-06-20 02:34:03,810:INFO:Creating metrics dataframe
2026-06-20 02:34:03,812:INFO:Uploading results into container
2026-06-20 02:34:03,812:INFO:Uploading model into container now
2026-06-20 02:34:03,812:INFO:_master_model_container: 6
2026-06-20 02:34:03,812:INFO:_display_container: 2
2026-06-20 02:34:03,813:INFO:RidgeClassifier(alpha=1.0, class_weight=None, copy_X=True, fit_intercept=True,
                max_iter=None, positive=False, random_state=42, solver='auto',
                tol=0.0001)
2026-06-20 02:34:03,813:INFO:create_model() successfully completed......................................
2026-06-20 02:34:04,087:INFO:SubProcess create_model() end ==================================
2026-06-20 02:34:04,087:INFO:Creating metrics dataframe
2026-06-20 02:34:04,093:INFO:Initializing Random Forest Classifier
2026-06-20 02:34:04,093:INFO:Total runtime is 1.5395695726076761 minutes
2026-06-20 02:34:04,095:INFO:SubProcess create_model() called ==================================
2026-06-20 02:34:04,095:INFO:Initializing create_model()
2026-06-20 02:34:04,095:INFO:create_model(self=<pycaret.classification.oop.ClassificationExperiment object at 0x000001E96175C850>, estimator=rf, fold=StratifiedKFold(n_splits=10, random_state=None, shuffle=False), round=4, cross_validation=True, predict=True, fit_kwargs={}, groups=None, refit=False, probability_threshold=None, experiment_custom_tags=None, verbose=False, system=False, add_to_model_list=True, metrics=None, display=<pycaret.internal.display.display.CommonDisplay object at 0x000001EA09539350>, model_only=True, return_train_score=False, error_score=0.0, kwargs={})
2026-06-20 02:34:04,095:INFO:Checking exceptions
2026-06-20 02:34:04,095:INFO:Importing libraries
2026-06-20 02:34:04,096:INFO:Copying training dataset
2026-06-20 02:34:04,346:INFO:Defining folds
2026-06-20 02:34:04,346:INFO:Declaring metric variables
2026-06-20 02:34:04,349:INFO:Importing untrained model
2026-06-20 02:34:04,352:INFO:Random Forest Classifier Imported successfully
2026-06-20 02:34:04,357:INFO:Starting cross validation
2026-06-20 02:34:04,357:INFO:Cross validating with StratifiedKFold(n_splits=10, random_state=None, shuffle=False), n_jobs=-1
2026-06-20 02:34:49,587:INFO:Calculating mean and std
2026-06-20 02:34:49,588:INFO:Creating metrics dataframe
2026-06-20 02:34:49,590:INFO:Uploading results into container
2026-06-20 02:34:49,591:INFO:Uploading model into container now
2026-06-20 02:34:49,591:INFO:_master_model_container: 7
2026-06-20 02:34:49,591:INFO:_display_container: 2
2026-06-20 02:34:49,592:INFO:RandomForestClassifier(bootstrap=True, ccp_alpha=0.0, class_weight=None,
                       criterion='gini', max_depth=None, max_features='sqrt',
                       max_leaf_nodes=None, max_samples=None,
                       min_impurity_decrease=0.0, min_samples_leaf=1,
                       min_samples_split=2, min_weight_fraction_leaf=0.0,
                       monotonic_cst=None, n_estimators=100, n_jobs=-1,
                       oob_score=False, random_state=42, verbose=0,
                       warm_start=False)
2026-06-20 02:34:49,592:INFO:create_model() successfully completed......................................
2026-06-20 02:34:49,912:INFO:SubProcess create_model() end ==================================
2026-06-20 02:34:49,912:INFO:Creating metrics dataframe
2026-06-20 02:34:49,922:INFO:Initializing Quadratic Discriminant Analysis
2026-06-20 02:34:49,922:INFO:Total runtime is 2.3033862392107647 minutes
2026-06-20 02:34:49,925:INFO:SubProcess create_model() called ==================================
2026-06-20 02:34:49,925:INFO:Initializing create_model()
2026-06-20 02:34:49,925:INFO:create_model(self=<pycaret.classification.oop.ClassificationExperiment object at 0x000001E96175C850>, estimator=qda, fold=StratifiedKFold(n_splits=10, random_state=None, shuffle=False), round=4, cross_validation=True, predict=True, fit_kwargs={}, groups=None, refit=False, probability_threshold=None, experiment_custom_tags=None, verbose=False, system=False, add_to_model_list=True, metrics=None, display=<pycaret.internal.display.display.CommonDisplay object at 0x000001EA09539350>, model_only=True, return_train_score=False, error_score=0.0, kwargs={})
2026-06-20 02:34:49,925:INFO:Checking exceptions
2026-06-20 02:34:49,926:INFO:Importing libraries
2026-06-20 02:34:49,926:INFO:Copying training dataset
2026-06-20 02:34:50,169:INFO:Defining folds
2026-06-20 02:34:50,170:INFO:Declaring metric variables
2026-06-20 02:34:50,173:INFO:Importing untrained model
2026-06-20 02:34:50,175:INFO:Quadratic Discriminant Analysis Imported successfully
2026-06-20 02:34:50,179:INFO:Starting cross validation
2026-06-20 02:34:50,180:INFO:Cross validating with StratifiedKFold(n_splits=10, random_state=None, shuffle=False), n_jobs=-1
2026-06-20 02:35:09,843:INFO:Calculating mean and std
2026-06-20 02:35:09,844:INFO:Creating metrics dataframe
2026-06-20 02:35:09,846:INFO:Uploading results into container
2026-06-20 02:35:09,846:INFO:Uploading model into container now
2026-06-20 02:35:09,847:INFO:_master_model_container: 8
2026-06-20 02:35:09,847:INFO:_display_container: 2
2026-06-20 02:35:09,847:INFO:QuadraticDiscriminantAnalysis(priors=None, reg_param=0.0,
                              store_covariance=False, tol=0.0001)
2026-06-20 02:35:09,847:INFO:create_model() successfully completed......................................
2026-06-20 02:35:10,102:INFO:SubProcess create_model() end ==================================
2026-06-20 02:35:10,102:INFO:Creating metrics dataframe
2026-06-20 02:35:10,109:INFO:Initializing Ada Boost Classifier
2026-06-20 02:35:10,110:INFO:Total runtime is 2.6398533662160237 minutes
2026-06-20 02:35:10,112:INFO:SubProcess create_model() called ==================================
2026-06-20 02:35:10,112:INFO:Initializing create_model()
2026-06-20 02:35:10,113:INFO:create_model(self=<pycaret.classification.oop.ClassificationExperiment object at 0x000001E96175C850>, estimator=ada, fold=StratifiedKFold(n_splits=10, random_state=None, shuffle=False), round=4, cross_validation=True, predict=True, fit_kwargs={}, groups=None, refit=False, probability_threshold=None, experiment_custom_tags=None, verbose=False, system=False, add_to_model_list=True, metrics=None, display=<pycaret.internal.display.display.CommonDisplay object at 0x000001EA09539350>, model_only=True, return_train_score=False, error_score=0.0, kwargs={})
2026-06-20 02:35:10,113:INFO:Checking exceptions
2026-06-20 02:35:10,113:INFO:Importing libraries
2026-06-20 02:35:10,113:INFO:Copying training dataset
2026-06-20 02:35:10,340:INFO:Defining folds
2026-06-20 02:35:10,340:INFO:Declaring metric variables
2026-06-20 02:35:10,342:INFO:Importing untrained model
2026-06-20 02:35:10,344:INFO:Ada Boost Classifier Imported successfully
2026-06-20 02:35:10,348:INFO:Starting cross validation
2026-06-20 02:35:10,349:INFO:Cross validating with StratifiedKFold(n_splits=10, random_state=None, shuffle=False), n_jobs=-1
2026-06-20 02:35:10,581:WARNING:C:\Users\PC\AppData\Roaming\Python\Python311\site-packages\sklearn\ensemble\_weight_boosting.py:519: FutureWarning: The SAMME.R algorithm (the default) is deprecated and will be removed in 1.6. Use the SAMME algorithm to circumvent this warning.
  warnings.warn(

2026-06-20 02:35:10,733:WARNING:C:\Users\PC\AppData\Roaming\Python\Python311\site-packages\sklearn\ensemble\_weight_boosting.py:519: FutureWarning: The SAMME.R algorithm (the default) is deprecated and will be removed in 1.6. Use the SAMME algorithm to circumvent this warning.
  warnings.warn(

2026-06-20 02:35:10,886:WARNING:C:\Users\PC\AppData\Roaming\Python\Python311\site-packages\sklearn\ensemble\_weight_boosting.py:519: FutureWarning: The SAMME.R algorithm (the default) is deprecated and will be removed in 1.6. Use the SAMME algorithm to circumvent this warning.
  warnings.warn(

2026-06-20 02:35:11,059:WARNING:C:\Users\PC\AppData\Roaming\Python\Python311\site-packages\sklearn\ensemble\_weight_boosting.py:519: FutureWarning: The SAMME.R algorithm (the default) is deprecated and will be removed in 1.6. Use the SAMME algorithm to circumvent this warning.
  warnings.warn(

2026-06-20 02:35:11,338:WARNING:C:\Users\PC\AppData\Roaming\Python\Python311\site-packages\sklearn\ensemble\_weight_boosting.py:519: FutureWarning: The SAMME.R algorithm (the default) is deprecated and will be removed in 1.6. Use the SAMME algorithm to circumvent this warning.
  warnings.warn(

2026-06-20 02:35:11,632:WARNING:C:\Users\PC\AppData\Roaming\Python\Python311\site-packages\sklearn\ensemble\_weight_boosting.py:519: FutureWarning: The SAMME.R algorithm (the default) is deprecated and will be removed in 1.6. Use the SAMME algorithm to circumvent this warning.
  warnings.warn(

2026-06-20 02:35:11,929:WARNING:C:\Users\PC\AppData\Roaming\Python\Python311\site-packages\sklearn\ensemble\_weight_boosting.py:519: FutureWarning: The SAMME.R algorithm (the default) is deprecated and will be removed in 1.6. Use the SAMME algorithm to circumvent this warning.
  warnings.warn(

2026-06-20 02:35:12,285:WARNING:C:\Users\PC\AppData\Roaming\Python\Python311\site-packages\sklearn\ensemble\_weight_boosting.py:519: FutureWarning: The SAMME.R algorithm (the default) is deprecated and will be removed in 1.6. Use the SAMME algorithm to circumvent this warning.
  warnings.warn(

2026-06-20 02:35:12,785:WARNING:C:\Users\PC\AppData\Roaming\Python\Python311\site-packages\sklearn\ensemble\_weight_boosting.py:519: FutureWarning: The SAMME.R algorithm (the default) is deprecated and will be removed in 1.6. Use the SAMME algorithm to circumvent this warning.
  warnings.warn(

2026-06-20 02:35:13,170:WARNING:C:\Users\PC\AppData\Roaming\Python\Python311\site-packages\sklearn\ensemble\_weight_boosting.py:519: FutureWarning: The SAMME.R algorithm (the default) is deprecated and will be removed in 1.6. Use the SAMME algorithm to circumvent this warning.
  warnings.warn(

2026-06-20 02:35:22,439:INFO:Calculating mean and std
2026-06-20 02:35:22,440:INFO:Creating metrics dataframe
2026-06-20 02:35:22,441:INFO:Uploading results into container
2026-06-20 02:35:22,441:INFO:Uploading model into container now
2026-06-20 02:35:22,442:INFO:_master_model_container: 9
2026-06-20 02:35:22,442:INFO:_display_container: 2
2026-06-20 02:35:22,442:INFO:AdaBoostClassifier(algorithm='SAMME.R', estimator=None, learning_rate=1.0,
                   n_estimators=50, random_state=42)
2026-06-20 02:35:22,442:INFO:create_model() successfully completed......................................
2026-06-20 02:35:22,710:INFO:SubProcess create_model() end ==================================
2026-06-20 02:35:22,710:INFO:Creating metrics dataframe
2026-06-20 02:35:22,716:INFO:Initializing Gradient Boosting Classifier
2026-06-20 02:35:22,716:INFO:Total runtime is 2.849961241086324 minutes
2026-06-20 02:35:22,718:INFO:SubProcess create_model() called ==================================
2026-06-20 02:35:22,718:INFO:Initializing create_model()
2026-06-20 02:35:22,718:INFO:create_model(self=<pycaret.classification.oop.ClassificationExperiment object at 0x000001E96175C850>, estimator=gbc, fold=StratifiedKFold(n_splits=10, random_state=None, shuffle=False), round=4, cross_validation=True, predict=True, fit_kwargs={}, groups=None, refit=False, probability_threshold=None, experiment_custom_tags=None, verbose=False, system=False, add_to_model_list=True, metrics=None, display=<pycaret.internal.display.display.CommonDisplay object at 0x000001EA09539350>, model_only=True, return_train_score=False, error_score=0.0, kwargs={})
2026-06-20 02:35:22,719:INFO:Checking exceptions
2026-06-20 02:35:22,719:INFO:Importing libraries
2026-06-20 02:35:22,719:INFO:Copying training dataset
2026-06-20 02:35:22,960:INFO:Defining folds
2026-06-20 02:35:22,960:INFO:Declaring metric variables
2026-06-20 02:35:22,963:INFO:Importing untrained model
2026-06-20 02:35:22,965:INFO:Gradient Boosting Classifier Imported successfully
2026-06-20 02:35:22,969:INFO:Starting cross validation
2026-06-20 02:35:22,970:INFO:Cross validating with StratifiedKFold(n_splits=10, random_state=None, shuffle=False), n_jobs=-1
2026-06-20 02:36:32,112:INFO:Calculating mean and std
2026-06-20 02:36:32,113:INFO:Creating metrics dataframe
2026-06-20 02:36:32,115:INFO:Uploading results into container
2026-06-20 02:36:32,116:INFO:Uploading model into container now
2026-06-20 02:36:32,116:INFO:_master_model_container: 10
2026-06-20 02:36:32,116:INFO:_display_container: 2
2026-06-20 02:36:32,117:INFO:GradientBoostingClassifier(ccp_alpha=0.0, criterion='friedman_mse', init=None,
                           learning_rate=0.1, loss='log_loss', max_depth=3,
                           max_features=None, max_leaf_nodes=None,
                           min_impurity_decrease=0.0, min_samples_leaf=1,
                           min_samples_split=2, min_weight_fraction_leaf=0.0,
                           n_estimators=100, n_iter_no_change=None,
                           random_state=42, subsample=1.0, tol=0.0001,
                           validation_fraction=0.1, verbose=0,
                           warm_start=False)
2026-06-20 02:36:32,117:INFO:create_model() successfully completed......................................
2026-06-20 02:36:32,527:INFO:SubProcess create_model() end ==================================
2026-06-20 02:36:32,527:INFO:Creating metrics dataframe
2026-06-20 02:36:32,535:INFO:Initializing Linear Discriminant Analysis
2026-06-20 02:36:32,535:INFO:Total runtime is 4.0136084755261745 minutes
2026-06-20 02:36:32,537:INFO:SubProcess create_model() called ==================================
2026-06-20 02:36:32,537:INFO:Initializing create_model()
2026-06-20 02:36:32,537:INFO:create_model(self=<pycaret.classification.oop.ClassificationExperiment object at 0x000001E96175C850>, estimator=lda, fold=StratifiedKFold(n_splits=10, random_state=None, shuffle=False), round=4, cross_validation=True, predict=True, fit_kwargs={}, groups=None, refit=False, probability_threshold=None, experiment_custom_tags=None, verbose=False, system=False, add_to_model_list=True, metrics=None, display=<pycaret.internal.display.display.CommonDisplay object at 0x000001EA09539350>, model_only=True, return_train_score=False, error_score=0.0, kwargs={})
2026-06-20 02:36:32,537:INFO:Checking exceptions
2026-06-20 02:36:32,537:INFO:Importing libraries
2026-06-20 02:36:32,538:INFO:Copying training dataset
2026-06-20 02:36:32,799:INFO:Defining folds
2026-06-20 02:36:32,799:INFO:Declaring metric variables
2026-06-20 02:36:32,801:INFO:Importing untrained model
2026-06-20 02:36:32,803:INFO:Linear Discriminant Analysis Imported successfully
2026-06-20 02:36:32,807:INFO:Starting cross validation
2026-06-20 02:36:32,808:INFO:Cross validating with StratifiedKFold(n_splits=10, random_state=None, shuffle=False), n_jobs=-1
2026-06-20 02:36:46,387:INFO:Calculating mean and std
2026-06-20 02:36:46,389:INFO:Creating metrics dataframe
2026-06-20 02:36:46,390:INFO:Uploading results into container
2026-06-20 02:36:46,391:INFO:Uploading model into container now
2026-06-20 02:36:46,391:INFO:_master_model_container: 11
2026-06-20 02:36:46,391:INFO:_display_container: 2
2026-06-20 02:36:46,391:INFO:LinearDiscriminantAnalysis(covariance_estimator=None, n_components=None,
                           priors=None, shrinkage=None, solver='svd',
                           store_covariance=False, tol=0.0001)
2026-06-20 02:36:46,391:INFO:create_model() successfully completed......................................
2026-06-20 02:36:46,705:INFO:SubProcess create_model() end ==================================
2026-06-20 02:36:46,705:INFO:Creating metrics dataframe
2026-06-20 02:36:46,714:INFO:Initializing Extra Trees Classifier
2026-06-20 02:36:46,714:INFO:Total runtime is 4.249925136566163 minutes
2026-06-20 02:36:46,717:INFO:SubProcess create_model() called ==================================
2026-06-20 02:36:46,717:INFO:Initializing create_model()
2026-06-20 02:36:46,717:INFO:create_model(self=<pycaret.classification.oop.ClassificationExperiment object at 0x000001E96175C850>, estimator=et, fold=StratifiedKFold(n_splits=10, random_state=None, shuffle=False), round=4, cross_validation=True, predict=True, fit_kwargs={}, groups=None, refit=False, probability_threshold=None, experiment_custom_tags=None, verbose=False, system=False, add_to_model_list=True, metrics=None, display=<pycaret.internal.display.display.CommonDisplay object at 0x000001EA09539350>, model_only=True, return_train_score=False, error_score=0.0, kwargs={})
2026-06-20 02:36:46,717:INFO:Checking exceptions
2026-06-20 02:36:46,717:INFO:Importing libraries
2026-06-20 02:36:46,717:INFO:Copying training dataset
2026-06-20 02:36:46,961:INFO:Defining folds
2026-06-20 02:36:46,961:INFO:Declaring metric variables
2026-06-20 02:36:46,963:INFO:Importing untrained model
2026-06-20 02:36:46,965:INFO:Extra Trees Classifier Imported successfully
2026-06-20 02:36:46,970:INFO:Starting cross validation
2026-06-20 02:36:46,970:INFO:Cross validating with StratifiedKFold(n_splits=10, random_state=None, shuffle=False), n_jobs=-1
2026-06-20 02:38:11,815:INFO:Calculating mean and std
2026-06-20 02:38:11,818:INFO:Creating metrics dataframe
2026-06-20 02:38:11,821:INFO:Uploading results into container
2026-06-20 02:38:11,822:INFO:Uploading model into container now
2026-06-20 02:38:11,823:INFO:_master_model_container: 12
2026-06-20 02:38:11,823:INFO:_display_container: 2
2026-06-20 02:38:11,823:INFO:ExtraTreesClassifier(bootstrap=False, ccp_alpha=0.0, class_weight=None,
                     criterion='gini', max_depth=None, max_features='sqrt',
                     max_leaf_nodes=None, max_samples=None,
                     min_impurity_decrease=0.0, min_samples_leaf=1,
                     min_samples_split=2, min_weight_fraction_leaf=0.0,
                     monotonic_cst=None, n_estimators=100, n_jobs=-1,
                     oob_score=False, random_state=42, verbose=0,
                     warm_start=False)
2026-06-20 02:38:11,823:INFO:create_model() successfully completed......................................
2026-06-20 02:38:12,715:INFO:SubProcess create_model() end ==================================
2026-06-20 02:38:12,716:INFO:Creating metrics dataframe
2026-06-20 02:38:12,728:INFO:Initializing Light Gradient Boosting Machine
2026-06-20 02:38:12,728:INFO:Total runtime is 5.683491802215578 minutes
2026-06-20 02:38:12,731:INFO:SubProcess create_model() called ==================================
2026-06-20 02:38:12,731:INFO:Initializing create_model()
2026-06-20 02:38:12,731:INFO:create_model(self=<pycaret.classification.oop.ClassificationExperiment object at 0x000001E96175C850>, estimator=lightgbm, fold=StratifiedKFold(n_splits=10, random_state=None, shuffle=False), round=4, cross_validation=True, predict=True, fit_kwargs={}, groups=None, refit=False, probability_threshold=None, experiment_custom_tags=None, verbose=False, system=False, add_to_model_list=True, metrics=None, display=<pycaret.internal.display.display.CommonDisplay object at 0x000001EA09539350>, model_only=True, return_train_score=False, error_score=0.0, kwargs={})
2026-06-20 02:38:12,731:INFO:Checking exceptions
2026-06-20 02:38:12,731:INFO:Importing libraries
2026-06-20 02:38:12,731:INFO:Copying training dataset
2026-06-20 02:38:13,173:INFO:Defining folds
2026-06-20 02:38:13,173:INFO:Declaring metric variables
2026-06-20 02:38:13,176:INFO:Importing untrained model
2026-06-20 02:38:13,179:INFO:Light Gradient Boosting Machine Imported successfully
2026-06-20 02:38:13,186:INFO:Starting cross validation
2026-06-20 02:38:13,187:INFO:Cross validating with StratifiedKFold(n_splits=10, random_state=None, shuffle=False), n_jobs=-1
2026-06-20 02:38:17,980:INFO:Calculating mean and std
2026-06-20 02:38:17,981:INFO:Creating metrics dataframe
2026-06-20 02:38:17,983:INFO:Uploading results into container
2026-06-20 02:38:17,984:INFO:Uploading model into container now
2026-06-20 02:38:17,984:INFO:_master_model_container: 13
2026-06-20 02:38:17,984:INFO:_display_container: 2
2026-06-20 02:38:17,985:INFO:LGBMClassifier(boosting_type='gbdt', class_weight=None, colsample_bytree=1.0,
               importance_type='split', learning_rate=0.1, max_depth=-1,
               min_child_samples=20, min_child_weight=0.001, min_split_gain=0.0,
               n_estimators=100, n_jobs=-1, num_leaves=31, objective=None,
               random_state=42, reg_alpha=0.0, reg_lambda=0.0, subsample=1.0,
               subsample_for_bin=200000, subsample_freq=0)
2026-06-20 02:38:17,985:INFO:create_model() successfully completed......................................
2026-06-20 02:38:18,364:INFO:SubProcess create_model() end ==================================
2026-06-20 02:38:18,364:INFO:Creating metrics dataframe
2026-06-20 02:38:18,374:INFO:Initializing Dummy Classifier
2026-06-20 02:38:18,375:INFO:Total runtime is 5.777608470122021 minutes
2026-06-20 02:38:18,377:INFO:SubProcess create_model() called ==================================
2026-06-20 02:38:18,378:INFO:Initializing create_model()
2026-06-20 02:38:18,378:INFO:create_model(self=<pycaret.classification.oop.ClassificationExperiment object at 0x000001E96175C850>, estimator=dummy, fold=StratifiedKFold(n_splits=10, random_state=None, shuffle=False), round=4, cross_validation=True, predict=True, fit_kwargs={}, groups=None, refit=False, probability_threshold=None, experiment_custom_tags=None, verbose=False, system=False, add_to_model_list=True, metrics=None, display=<pycaret.internal.display.display.CommonDisplay object at 0x000001EA09539350>, model_only=True, return_train_score=False, error_score=0.0, kwargs={})
2026-06-20 02:38:18,378:INFO:Checking exceptions
2026-06-20 02:38:18,378:INFO:Importing libraries
2026-06-20 02:38:18,378:INFO:Copying training dataset
2026-06-20 02:38:18,622:INFO:Defining folds
2026-06-20 02:38:18,622:INFO:Declaring metric variables
2026-06-20 02:38:18,625:INFO:Importing untrained model
2026-06-20 02:38:18,627:INFO:Dummy Classifier Imported successfully
2026-06-20 02:38:18,637:INFO:Starting cross validation
2026-06-20 02:38:18,639:INFO:Cross validating with StratifiedKFold(n_splits=10, random_state=None, shuffle=False), n_jobs=-1
2026-06-20 02:38:18,918:WARNING:C:\Users\PC\AppData\Roaming\Python\Python311\site-packages\sklearn\metrics\_classification.py:1509: UndefinedMetricWarning: Precision is ill-defined and being set to 0.0 due to no predicted samples. Use `zero_division` parameter to control this behavior.
  _warn_prf(average, modifier, f"{metric.capitalize()} is", len(result))

2026-06-20 02:38:19,042:WARNING:C:\Users\PC\AppData\Roaming\Python\Python311\site-packages\sklearn\metrics\_classification.py:1509: UndefinedMetricWarning: Precision is ill-defined and being set to 0.0 due to no predicted samples. Use `zero_division` parameter to control this behavior.
  _warn_prf(average, modifier, f"{metric.capitalize()} is", len(result))

2026-06-20 02:38:19,196:WARNING:C:\Users\PC\AppData\Roaming\Python\Python311\site-packages\sklearn\metrics\_classification.py:1509: UndefinedMetricWarning: Precision is ill-defined and being set to 0.0 due to no predicted samples. Use `zero_division` parameter to control this behavior.
  _warn_prf(average, modifier, f"{metric.capitalize()} is", len(result))

2026-06-20 02:38:19,351:WARNING:C:\Users\PC\AppData\Roaming\Python\Python311\site-packages\sklearn\metrics\_classification.py:1509: UndefinedMetricWarning: Precision is ill-defined and being set to 0.0 due to no predicted samples. Use `zero_division` parameter to control this behavior.
  _warn_prf(average, modifier, f"{metric.capitalize()} is", len(result))

2026-06-20 02:38:19,512:WARNING:C:\Users\PC\AppData\Roaming\Python\Python311\site-packages\sklearn\metrics\_classification.py:1509: UndefinedMetricWarning: Precision is ill-defined and being set to 0.0 due to no predicted samples. Use `zero_division` parameter to control this behavior.
  _warn_prf(average, modifier, f"{metric.capitalize()} is", len(result))

2026-06-20 02:38:19,664:WARNING:C:\Users\PC\AppData\Roaming\Python\Python311\site-packages\sklearn\metrics\_classification.py:1509: UndefinedMetricWarning: Precision is ill-defined and being set to 0.0 due to no predicted samples. Use `zero_division` parameter to control this behavior.
  _warn_prf(average, modifier, f"{metric.capitalize()} is", len(result))

2026-06-20 02:38:19,804:WARNING:C:\Users\PC\AppData\Roaming\Python\Python311\site-packages\sklearn\metrics\_classification.py:1509: UndefinedMetricWarning: Precision is ill-defined and being set to 0.0 due to no predicted samples. Use `zero_division` parameter to control this behavior.
  _warn_prf(average, modifier, f"{metric.capitalize()} is", len(result))

2026-06-20 02:38:19,960:WARNING:C:\Users\PC\AppData\Roaming\Python\Python311\site-packages\sklearn\metrics\_classification.py:1509: UndefinedMetricWarning: Precision is ill-defined and being set to 0.0 due to no predicted samples. Use `zero_division` parameter to control this behavior.
  _warn_prf(average, modifier, f"{metric.capitalize()} is", len(result))

2026-06-20 02:38:20,131:WARNING:C:\Users\PC\AppData\Roaming\Python\Python311\site-packages\sklearn\metrics\_classification.py:1509: UndefinedMetricWarning: Precision is ill-defined and being set to 0.0 due to no predicted samples. Use `zero_division` parameter to control this behavior.
  _warn_prf(average, modifier, f"{metric.capitalize()} is", len(result))

2026-06-20 02:38:20,296:WARNING:C:\Users\PC\AppData\Roaming\Python\Python311\site-packages\sklearn\metrics\_classification.py:1509: UndefinedMetricWarning: Precision is ill-defined and being set to 0.0 due to no predicted samples. Use `zero_division` parameter to control this behavior.
  _warn_prf(average, modifier, f"{metric.capitalize()} is", len(result))

2026-06-20 02:38:20,313:INFO:Calculating mean and std
2026-06-20 02:38:20,314:INFO:Creating metrics dataframe
2026-06-20 02:38:20,315:INFO:Uploading results into container
2026-06-20 02:38:20,315:INFO:Uploading model into container now
2026-06-20 02:38:20,316:INFO:_master_model_container: 14
2026-06-20 02:38:20,316:INFO:_display_container: 2
2026-06-20 02:38:20,316:INFO:DummyClassifier(constant=None, random_state=42, strategy='prior')
2026-06-20 02:38:20,316:INFO:create_model() successfully completed......................................
2026-06-20 02:38:20,690:INFO:SubProcess create_model() end ==================================
2026-06-20 02:38:20,690:INFO:Creating metrics dataframe
2026-06-20 02:38:20,708:INFO:Initializing create_model()
2026-06-20 02:38:20,708:INFO:create_model(self=<pycaret.classification.oop.ClassificationExperiment object at 0x000001E96175C850>, estimator=GaussianNB(priors=None, var_smoothing=1e-09), fold=StratifiedKFold(n_splits=10, random_state=None, shuffle=False), round=4, cross_validation=False, predict=False, fit_kwargs={}, groups=None, refit=True, probability_threshold=None, experiment_custom_tags=None, verbose=False, system=False, add_to_model_list=True, metrics=None, display=None, model_only=True, return_train_score=False, error_score=0.0, kwargs={})
2026-06-20 02:38:20,708:INFO:Checking exceptions
2026-06-20 02:38:20,710:INFO:Importing libraries
2026-06-20 02:38:20,710:INFO:Copying training dataset
2026-06-20 02:38:20,982:INFO:Defining folds
2026-06-20 02:38:20,982:INFO:Declaring metric variables
2026-06-20 02:38:20,982:INFO:Importing untrained model
2026-06-20 02:38:20,982:INFO:Declaring custom model
2026-06-20 02:38:20,982:INFO:Naive Bayes Imported successfully
2026-06-20 02:38:20,983:INFO:Cross validation set to False
2026-06-20 02:38:20,983:INFO:Fitting Model
2026-06-20 02:38:21,093:INFO:GaussianNB(priors=None, var_smoothing=1e-09)
2026-06-20 02:38:21,093:INFO:create_model() successfully completed......................................
2026-06-20 02:38:21,402:INFO:_master_model_container: 14
2026-06-20 02:38:21,403:INFO:_display_container: 2
2026-06-20 02:38:21,403:INFO:GaussianNB(priors=None, var_smoothing=1e-09)
2026-06-20 02:38:21,403:INFO:compare_models() successfully completed......................................
2026-06-20 02:38:21,404:INFO:Initializing compare_models()
2026-06-20 02:38:21,404:INFO:compare_models(self=<pycaret.classification.oop.ClassificationExperiment object at 0x000001E96175C850>, include=None, exclude=None, fold=None, round=4, cross_validation=True, sort=F1, n_select=1, budget_time=None, turbo=True, errors=ignore, fit_kwargs=None, groups=None, experiment_custom_tags=None, probability_threshold=None, verbose=True, parallel=None, caller_params={'self': <pycaret.classification.oop.ClassificationExperiment object at 0x000001E96175C850>, 'include': None, 'exclude': None, 'fold': None, 'round': 4, 'cross_validation': True, 'sort': 'F1', 'n_select': 1, 'budget_time': None, 'turbo': True, 'errors': 'ignore', 'fit_kwargs': None, 'groups': None, 'experiment_custom_tags': None, 'probability_threshold': None, 'engine': None, 'verbose': True, 'parallel': None, '__class__': <class 'pycaret.classification.oop.ClassificationExperiment'>})
2026-06-20 02:38:21,404:INFO:Checking exceptions
2026-06-20 02:38:21,484:INFO:Preparing display monitor
2026-06-20 02:38:21,502:INFO:Initializing Logistic Regression
2026-06-20 02:38:21,502:INFO:Total runtime is 0.0 minutes
2026-06-20 02:38:21,504:INFO:SubProcess create_model() called ==================================
2026-06-20 02:38:21,504:INFO:Initializing create_model()
2026-06-20 02:38:21,504:INFO:create_model(self=<pycaret.classification.oop.ClassificationExperiment object at 0x000001E96175C850>, estimator=lr, fold=StratifiedKFold(n_splits=10, random_state=None, shuffle=False), round=4, cross_validation=True, predict=True, fit_kwargs={}, groups=None, refit=False, probability_threshold=None, experiment_custom_tags=None, verbose=False, system=False, add_to_model_list=True, metrics=None, display=<pycaret.internal.display.display.CommonDisplay object at 0x000001E95CA73010>, model_only=True, return_train_score=False, error_score=0.0, kwargs={})
2026-06-20 02:38:21,504:INFO:Checking exceptions
2026-06-20 02:38:21,505:INFO:Importing libraries
2026-06-20 02:38:21,505:INFO:Copying training dataset
2026-06-20 02:38:21,736:INFO:Defining folds
2026-06-20 02:38:21,736:INFO:Declaring metric variables
2026-06-20 02:38:21,739:INFO:Importing untrained model
2026-06-20 02:38:21,741:INFO:Logistic Regression Imported successfully
2026-06-20 02:38:21,745:INFO:Starting cross validation
2026-06-20 02:38:21,746:INFO:Cross validating with StratifiedKFold(n_splits=10, random_state=None, shuffle=False), n_jobs=-1
2026-06-20 02:39:11,165:INFO:Calculating mean and std
2026-06-20 02:39:11,166:INFO:Creating metrics dataframe
2026-06-20 02:39:11,167:INFO:Uploading results into container
2026-06-20 02:39:11,168:INFO:Uploading model into container now
2026-06-20 02:39:11,168:INFO:_master_model_container: 15
2026-06-20 02:39:11,168:INFO:_display_container: 3
2026-06-20 02:39:11,169:INFO:LogisticRegression(C=1.0, class_weight=None, dual=False, fit_intercept=True,
                   intercept_scaling=1, l1_ratio=None, max_iter=1000,
                   multi_class='auto', n_jobs=None, penalty='l2',
                   random_state=42, solver='lbfgs', tol=0.0001, verbose=0,
                   warm_start=False)
2026-06-20 02:39:11,169:INFO:create_model() successfully completed......................................
2026-06-20 02:39:11,500:INFO:SubProcess create_model() end ==================================
2026-06-20 02:39:11,500:INFO:Creating metrics dataframe
2026-06-20 02:39:11,508:INFO:Initializing K Neighbors Classifier
2026-06-20 02:39:11,508:INFO:Total runtime is 0.8334333618481954 minutes
2026-06-20 02:39:11,511:INFO:SubProcess create_model() called ==================================
2026-06-20 02:39:11,511:INFO:Initializing create_model()
2026-06-20 02:39:11,511:INFO:create_model(self=<pycaret.classification.oop.ClassificationExperiment object at 0x000001E96175C850>, estimator=knn, fold=StratifiedKFold(n_splits=10, random_state=None, shuffle=False), round=4, cross_validation=True, predict=True, fit_kwargs={}, groups=None, refit=False, probability_threshold=None, experiment_custom_tags=None, verbose=False, system=False, add_to_model_list=True, metrics=None, display=<pycaret.internal.display.display.CommonDisplay object at 0x000001E95CA73010>, model_only=True, return_train_score=False, error_score=0.0, kwargs={})
2026-06-20 02:39:11,511:INFO:Checking exceptions
2026-06-20 02:39:11,511:INFO:Importing libraries
2026-06-20 02:39:11,512:INFO:Copying training dataset
2026-06-20 02:39:11,770:INFO:Defining folds
2026-06-20 02:39:11,770:INFO:Declaring metric variables
2026-06-20 02:39:11,773:INFO:Importing untrained model
2026-06-20 02:39:11,776:INFO:K Neighbors Classifier Imported successfully
2026-06-20 02:39:11,780:INFO:Starting cross validation
2026-06-20 02:39:11,781:INFO:Cross validating with StratifiedKFold(n_splits=10, random_state=None, shuffle=False), n_jobs=-1
2026-06-20 02:39:28,232:INFO:Calculating mean and std
2026-06-20 02:39:28,233:INFO:Creating metrics dataframe
2026-06-20 02:39:28,235:INFO:Uploading results into container
2026-06-20 02:39:28,235:INFO:Uploading model into container now
2026-06-20 02:39:28,236:INFO:_master_model_container: 16
2026-06-20 02:39:28,236:INFO:_display_container: 3
2026-06-20 02:39:28,237:INFO:KNeighborsClassifier(algorithm='auto', leaf_size=30, metric='minkowski',
                     metric_params=None, n_jobs=-1, n_neighbors=5, p=2,
                     weights='uniform')
2026-06-20 02:39:28,237:INFO:create_model() successfully completed......................................
2026-06-20 02:39:28,596:INFO:SubProcess create_model() end ==================================
2026-06-20 02:39:28,596:INFO:Creating metrics dataframe
2026-06-20 02:39:28,602:INFO:Initializing Naive Bayes
2026-06-20 02:39:28,602:INFO:Total runtime is 1.1183416763941447 minutes
2026-06-20 02:39:28,606:INFO:SubProcess create_model() called ==================================
2026-06-20 02:39:28,606:INFO:Initializing create_model()
2026-06-20 02:39:28,606:INFO:create_model(self=<pycaret.classification.oop.ClassificationExperiment object at 0x000001E96175C850>, estimator=nb, fold=StratifiedKFold(n_splits=10, random_state=None, shuffle=False), round=4, cross_validation=True, predict=True, fit_kwargs={}, groups=None, refit=False, probability_threshold=None, experiment_custom_tags=None, verbose=False, system=False, add_to_model_list=True, metrics=None, display=<pycaret.internal.display.display.CommonDisplay object at 0x000001E95CA73010>, model_only=True, return_train_score=False, error_score=0.0, kwargs={})
2026-06-20 02:39:28,606:INFO:Checking exceptions
2026-06-20 02:39:28,606:INFO:Importing libraries
2026-06-20 02:39:28,606:INFO:Copying training dataset
2026-06-20 02:39:28,857:INFO:Defining folds
2026-06-20 02:39:28,857:INFO:Declaring metric variables
2026-06-20 02:39:28,860:INFO:Importing untrained model
2026-06-20 02:39:28,863:INFO:Naive Bayes Imported successfully
2026-06-20 02:39:28,867:INFO:Starting cross validation
2026-06-20 02:39:28,868:INFO:Cross validating with StratifiedKFold(n_splits=10, random_state=None, shuffle=False), n_jobs=-1
2026-06-20 02:39:31,700:INFO:Calculating mean and std
2026-06-20 02:39:31,701:INFO:Creating metrics dataframe
2026-06-20 02:39:31,702:INFO:Uploading results into container
2026-06-20 02:39:31,703:INFO:Uploading model into container now
2026-06-20 02:39:31,703:INFO:_master_model_container: 17
2026-06-20 02:39:31,704:INFO:_display_container: 3
2026-06-20 02:39:31,704:INFO:GaussianNB(priors=None, var_smoothing=1e-09)
2026-06-20 02:39:31,704:INFO:create_model() successfully completed......................................
2026-06-20 02:39:31,982:INFO:SubProcess create_model() end ==================================
2026-06-20 02:39:31,982:INFO:Creating metrics dataframe
2026-06-20 02:39:31,988:INFO:Initializing Decision Tree Classifier
2026-06-20 02:39:31,989:INFO:Total runtime is 1.1747750123341878 minutes
2026-06-20 02:39:31,990:INFO:SubProcess create_model() called ==================================
2026-06-20 02:39:31,991:INFO:Initializing create_model()
2026-06-20 02:39:31,991:INFO:create_model(self=<pycaret.classification.oop.ClassificationExperiment object at 0x000001E96175C850>, estimator=dt, fold=StratifiedKFold(n_splits=10, random_state=None, shuffle=False), round=4, cross_validation=True, predict=True, fit_kwargs={}, groups=None, refit=False, probability_threshold=None, experiment_custom_tags=None, verbose=False, system=False, add_to_model_list=True, metrics=None, display=<pycaret.internal.display.display.CommonDisplay object at 0x000001E95CA73010>, model_only=True, return_train_score=False, error_score=0.0, kwargs={})
2026-06-20 02:39:31,991:INFO:Checking exceptions
2026-06-20 02:39:31,991:INFO:Importing libraries
2026-06-20 02:39:31,991:INFO:Copying training dataset
2026-06-20 02:39:32,248:INFO:Defining folds
2026-06-20 02:39:32,248:INFO:Declaring metric variables
2026-06-20 02:39:32,250:INFO:Importing untrained model
2026-06-20 02:39:32,253:INFO:Decision Tree Classifier Imported successfully
2026-06-20 02:39:32,258:INFO:Starting cross validation
2026-06-20 02:39:32,259:INFO:Cross validating with StratifiedKFold(n_splits=10, random_state=None, shuffle=False), n_jobs=-1
2026-06-20 02:39:41,069:INFO:Calculating mean and std
2026-06-20 02:39:41,071:INFO:Creating metrics dataframe
2026-06-20 02:39:41,074:INFO:Uploading results into container
2026-06-20 02:39:41,074:INFO:Uploading model into container now
2026-06-20 02:39:41,075:INFO:_master_model_container: 18
2026-06-20 02:39:41,075:INFO:_display_container: 3
2026-06-20 02:39:41,075:INFO:DecisionTreeClassifier(ccp_alpha=0.0, class_weight=None, criterion='gini',
                       max_depth=None, max_features=None, max_leaf_nodes=None,
                       min_impurity_decrease=0.0, min_samples_leaf=1,
                       min_samples_split=2, min_weight_fraction_leaf=0.0,
                       monotonic_cst=None, random_state=42, splitter='best')
2026-06-20 02:39:41,075:INFO:create_model() successfully completed......................................
2026-06-20 02:39:41,366:INFO:SubProcess create_model() end ==================================
2026-06-20 02:39:41,366:INFO:Creating metrics dataframe
2026-06-20 02:39:41,371:INFO:Initializing SVM - Linear Kernel
2026-06-20 02:39:41,372:INFO:Total runtime is 1.3311666647593179 minutes
2026-06-20 02:39:41,374:INFO:SubProcess create_model() called ==================================
2026-06-20 02:39:41,374:INFO:Initializing create_model()
2026-06-20 02:39:41,374:INFO:create_model(self=<pycaret.classification.oop.ClassificationExperiment object at 0x000001E96175C850>, estimator=svm, fold=StratifiedKFold(n_splits=10, random_state=None, shuffle=False), round=4, cross_validation=True, predict=True, fit_kwargs={}, groups=None, refit=False, probability_threshold=None, experiment_custom_tags=None, verbose=False, system=False, add_to_model_list=True, metrics=None, display=<pycaret.internal.display.display.CommonDisplay object at 0x000001E95CA73010>, model_only=True, return_train_score=False, error_score=0.0, kwargs={})
2026-06-20 02:39:41,375:INFO:Checking exceptions
2026-06-20 02:39:41,375:INFO:Importing libraries
2026-06-20 02:39:41,375:INFO:Copying training dataset
2026-06-20 02:39:41,603:INFO:Defining folds
2026-06-20 02:39:41,603:INFO:Declaring metric variables
2026-06-20 02:39:41,606:INFO:Importing untrained model
2026-06-20 02:39:41,608:INFO:SVM - Linear Kernel Imported successfully
2026-06-20 02:39:41,613:INFO:Starting cross validation
2026-06-20 02:39:41,613:INFO:Cross validating with StratifiedKFold(n_splits=10, random_state=None, shuffle=False), n_jobs=-1
2026-06-20 02:39:44,405:WARNING:C:\Users\PC\AppData\Roaming\Python\Python311\site-packages\pycaret\internal\metrics.py:196: FitFailedWarning: Metric 'make_scorer(roc_auc_score, response_method='predict_proba', average=weighted, multi_class=ovr)' failed and error score 0.0 has been returned instead. If this is a custom metric, this usually means that the error is in the metric code. Full exception below:
Traceback (most recent call last):
  File "C:\Users\PC\AppData\Roaming\Python\Python311\site-packages\pycaret\internal\metrics.py", line 188, in _score
    return super()._score(
           ^^^^^^^^^^^^^^^
  File "C:\Users\PC\AppData\Roaming\Python\Python311\site-packages\sklearn\metrics\_scorer.py", line 344, in _score
    response_method = _check_response_method(estimator, self._response_method)
                      ^^^^^^^^^^^^^^^^^^^^^^^^^^^^^^^^^^^^^^^^^^^^^^^^^^^^^^^^
  File "C:\Users\PC\AppData\Roaming\Python\Python311\site-packages\sklearn\utils\validation.py", line 2106, in _check_response_method
    raise AttributeError(
AttributeError: Pipeline has none of the following attributes: predict_proba.

  warnings.warn(

2026-06-20 02:39:44,466:WARNING:C:\Users\PC\AppData\Roaming\Python\Python311\site-packages\pycaret\internal\metrics.py:196: FitFailedWarning: Metric 'make_scorer(roc_auc_score, response_method='predict_proba', average=weighted, multi_class=ovr)' failed and error score 0.0 has been returned instead. If this is a custom metric, this usually means that the error is in the metric code. Full exception below:
Traceback (most recent call last):
  File "C:\Users\PC\AppData\Roaming\Python\Python311\site-packages\pycaret\internal\metrics.py", line 188, in _score
    return super()._score(
           ^^^^^^^^^^^^^^^
  File "C:\Users\PC\AppData\Roaming\Python\Python311\site-packages\sklearn\metrics\_scorer.py", line 344, in _score
    response_method = _check_response_method(estimator, self._response_method)
                      ^^^^^^^^^^^^^^^^^^^^^^^^^^^^^^^^^^^^^^^^^^^^^^^^^^^^^^^^
  File "C:\Users\PC\AppData\Roaming\Python\Python311\site-packages\sklearn\utils\validation.py", line 2106, in _check_response_method
    raise AttributeError(
AttributeError: Pipeline has none of the following attributes: predict_proba.

  warnings.warn(

2026-06-20 02:39:45,948:WARNING:C:\Users\PC\AppData\Roaming\Python\Python311\site-packages\pycaret\internal\metrics.py:196: FitFailedWarning: Metric 'make_scorer(roc_auc_score, response_method='predict_proba', average=weighted, multi_class=ovr)' failed and error score 0.0 has been returned instead. If this is a custom metric, this usually means that the error is in the metric code. Full exception below:
Traceback (most recent call last):
  File "C:\Users\PC\AppData\Roaming\Python\Python311\site-packages\pycaret\internal\metrics.py", line 188, in _score
    return super()._score(
           ^^^^^^^^^^^^^^^
  File "C:\Users\PC\AppData\Roaming\Python\Python311\site-packages\sklearn\metrics\_scorer.py", line 344, in _score
    response_method = _check_response_method(estimator, self._response_method)
                      ^^^^^^^^^^^^^^^^^^^^^^^^^^^^^^^^^^^^^^^^^^^^^^^^^^^^^^^^
  File "C:\Users\PC\AppData\Roaming\Python\Python311\site-packages\sklearn\utils\validation.py", line 2106, in _check_response_method
    raise AttributeError(
AttributeError: Pipeline has none of the following attributes: predict_proba.

  warnings.warn(

2026-06-20 02:39:46,226:WARNING:C:\Users\PC\AppData\Roaming\Python\Python311\site-packages\pycaret\internal\metrics.py:196: FitFailedWarning: Metric 'make_scorer(roc_auc_score, response_method='predict_proba', average=weighted, multi_class=ovr)' failed and error score 0.0 has been returned instead. If this is a custom metric, this usually means that the error is in the metric code. Full exception below:
Traceback (most recent call last):
  File "C:\Users\PC\AppData\Roaming\Python\Python311\site-packages\pycaret\internal\metrics.py", line 188, in _score
    return super()._score(
           ^^^^^^^^^^^^^^^
  File "C:\Users\PC\AppData\Roaming\Python\Python311\site-packages\sklearn\metrics\_scorer.py", line 344, in _score
    response_method = _check_response_method(estimator, self._response_method)
                      ^^^^^^^^^^^^^^^^^^^^^^^^^^^^^^^^^^^^^^^^^^^^^^^^^^^^^^^^
  File "C:\Users\PC\AppData\Roaming\Python\Python311\site-packages\sklearn\utils\validation.py", line 2106, in _check_response_method
    raise AttributeError(
AttributeError: Pipeline has none of the following attributes: predict_proba.

  warnings.warn(

2026-06-20 02:39:46,401:WARNING:C:\Users\PC\AppData\Roaming\Python\Python311\site-packages\pycaret\internal\metrics.py:196: FitFailedWarning: Metric 'make_scorer(roc_auc_score, response_method='predict_proba', average=weighted, multi_class=ovr)' failed and error score 0.0 has been returned instead. If this is a custom metric, this usually means that the error is in the metric code. Full exception below:
Traceback (most recent call last):
  File "C:\Users\PC\AppData\Roaming\Python\Python311\site-packages\pycaret\internal\metrics.py", line 188, in _score
    return super()._score(
           ^^^^^^^^^^^^^^^
  File "C:\Users\PC\AppData\Roaming\Python\Python311\site-packages\sklearn\metrics\_scorer.py", line 344, in _score
    response_method = _check_response_method(estimator, self._response_method)
                      ^^^^^^^^^^^^^^^^^^^^^^^^^^^^^^^^^^^^^^^^^^^^^^^^^^^^^^^^
  File "C:\Users\PC\AppData\Roaming\Python\Python311\site-packages\sklearn\utils\validation.py", line 2106, in _check_response_method
    raise AttributeError(
AttributeError: Pipeline has none of the following attributes: predict_proba.

  warnings.warn(

2026-06-20 02:39:46,947:WARNING:C:\Users\PC\AppData\Roaming\Python\Python311\site-packages\pycaret\internal\metrics.py:196: FitFailedWarning: Metric 'make_scorer(roc_auc_score, response_method='predict_proba', average=weighted, multi_class=ovr)' failed and error score 0.0 has been returned instead. If this is a custom metric, this usually means that the error is in the metric code. Full exception below:
Traceback (most recent call last):
  File "C:\Users\PC\AppData\Roaming\Python\Python311\site-packages\pycaret\internal\metrics.py", line 188, in _score
    return super()._score(
           ^^^^^^^^^^^^^^^
  File "C:\Users\PC\AppData\Roaming\Python\Python311\site-packages\sklearn\metrics\_scorer.py", line 344, in _score
    response_method = _check_response_method(estimator, self._response_method)
                      ^^^^^^^^^^^^^^^^^^^^^^^^^^^^^^^^^^^^^^^^^^^^^^^^^^^^^^^^
  File "C:\Users\PC\AppData\Roaming\Python\Python311\site-packages\sklearn\utils\validation.py", line 2106, in _check_response_method
    raise AttributeError(
AttributeError: Pipeline has none of the following attributes: predict_proba.

  warnings.warn(

2026-06-20 02:39:47,195:WARNING:C:\Users\PC\AppData\Roaming\Python\Python311\site-packages\pycaret\internal\metrics.py:196: FitFailedWarning: Metric 'make_scorer(roc_auc_score, response_method='predict_proba', average=weighted, multi_class=ovr)' failed and error score 0.0 has been returned instead. If this is a custom metric, this usually means that the error is in the metric code. Full exception below:
Traceback (most recent call last):
  File "C:\Users\PC\AppData\Roaming\Python\Python311\site-packages\pycaret\internal\metrics.py", line 188, in _score
    return super()._score(
           ^^^^^^^^^^^^^^^
  File "C:\Users\PC\AppData\Roaming\Python\Python311\site-packages\sklearn\metrics\_scorer.py", line 344, in _score
    response_method = _check_response_method(estimator, self._response_method)
                      ^^^^^^^^^^^^^^^^^^^^^^^^^^^^^^^^^^^^^^^^^^^^^^^^^^^^^^^^
  File "C:\Users\PC\AppData\Roaming\Python\Python311\site-packages\sklearn\utils\validation.py", line 2106, in _check_response_method
    raise AttributeError(
AttributeError: Pipeline has none of the following attributes: predict_proba.

  warnings.warn(

2026-06-20 02:39:47,213:WARNING:C:\Users\PC\AppData\Roaming\Python\Python311\site-packages\pycaret\internal\metrics.py:196: FitFailedWarning: Metric 'make_scorer(roc_auc_score, response_method='predict_proba', average=weighted, multi_class=ovr)' failed and error score 0.0 has been returned instead. If this is a custom metric, this usually means that the error is in the metric code. Full exception below:
Traceback (most recent call last):
  File "C:\Users\PC\AppData\Roaming\Python\Python311\site-packages\pycaret\internal\metrics.py", line 188, in _score
    return super()._score(
           ^^^^^^^^^^^^^^^
  File "C:\Users\PC\AppData\Roaming\Python\Python311\site-packages\sklearn\metrics\_scorer.py", line 344, in _score
    response_method = _check_response_method(estimator, self._response_method)
                      ^^^^^^^^^^^^^^^^^^^^^^^^^^^^^^^^^^^^^^^^^^^^^^^^^^^^^^^^
  File "C:\Users\PC\AppData\Roaming\Python\Python311\site-packages\sklearn\utils\validation.py", line 2106, in _check_response_method
    raise AttributeError(
AttributeError: Pipeline has none of the following attributes: predict_proba.

  warnings.warn(

2026-06-20 02:39:47,333:WARNING:C:\Users\PC\AppData\Roaming\Python\Python311\site-packages\pycaret\internal\metrics.py:196: FitFailedWarning: Metric 'make_scorer(roc_auc_score, response_method='predict_proba', average=weighted, multi_class=ovr)' failed and error score 0.0 has been returned instead. If this is a custom metric, this usually means that the error is in the metric code. Full exception below:
Traceback (most recent call last):
  File "C:\Users\PC\AppData\Roaming\Python\Python311\site-packages\pycaret\internal\metrics.py", line 188, in _score
    return super()._score(
           ^^^^^^^^^^^^^^^
  File "C:\Users\PC\AppData\Roaming\Python\Python311\site-packages\sklearn\metrics\_scorer.py", line 344, in _score
    response_method = _check_response_method(estimator, self._response_method)
                      ^^^^^^^^^^^^^^^^^^^^^^^^^^^^^^^^^^^^^^^^^^^^^^^^^^^^^^^^
  File "C:\Users\PC\AppData\Roaming\Python\Python311\site-packages\sklearn\utils\validation.py", line 2106, in _check_response_method
    raise AttributeError(
AttributeError: Pipeline has none of the following attributes: predict_proba.

  warnings.warn(

2026-06-20 02:39:47,772:WARNING:C:\Users\PC\AppData\Roaming\Python\Python311\site-packages\pycaret\internal\metrics.py:196: FitFailedWarning: Metric 'make_scorer(roc_auc_score, response_method='predict_proba', average=weighted, multi_class=ovr)' failed and error score 0.0 has been returned instead. If this is a custom metric, this usually means that the error is in the metric code. Full exception below:
Traceback (most recent call last):
  File "C:\Users\PC\AppData\Roaming\Python\Python311\site-packages\pycaret\internal\metrics.py", line 188, in _score
    return super()._score(
           ^^^^^^^^^^^^^^^
  File "C:\Users\PC\AppData\Roaming\Python\Python311\site-packages\sklearn\metrics\_scorer.py", line 344, in _score
    response_method = _check_response_method(estimator, self._response_method)
                      ^^^^^^^^^^^^^^^^^^^^^^^^^^^^^^^^^^^^^^^^^^^^^^^^^^^^^^^^
  File "C:\Users\PC\AppData\Roaming\Python\Python311\site-packages\sklearn\utils\validation.py", line 2106, in _check_response_method
    raise AttributeError(
AttributeError: Pipeline has none of the following attributes: predict_proba.

  warnings.warn(

2026-06-20 02:39:47,794:INFO:Calculating mean and std
2026-06-20 02:39:47,795:INFO:Creating metrics dataframe
2026-06-20 02:39:47,797:INFO:Uploading results into container
2026-06-20 02:39:47,797:INFO:Uploading model into container now
2026-06-20 02:39:47,798:INFO:_master_model_container: 19
2026-06-20 02:39:47,798:INFO:_display_container: 3
2026-06-20 02:39:47,798:INFO:SGDClassifier(alpha=0.0001, average=False, class_weight=None,
              early_stopping=False, epsilon=0.1, eta0=0.001, fit_intercept=True,
              l1_ratio=0.15, learning_rate='optimal', loss='hinge',
              max_iter=1000, n_iter_no_change=5, n_jobs=-1, penalty='l2',
              power_t=0.5, random_state=42, shuffle=True, tol=0.001,
              validation_fraction=0.1, verbose=0, warm_start=False)
2026-06-20 02:39:47,798:INFO:create_model() successfully completed......................................
2026-06-20 02:39:48,101:INFO:SubProcess create_model() end ==================================
2026-06-20 02:39:48,102:INFO:Creating metrics dataframe
2026-06-20 02:39:48,107:INFO:Initializing Ridge Classifier
2026-06-20 02:39:48,107:INFO:Total runtime is 1.4434249718983967 minutes
2026-06-20 02:39:48,109:INFO:SubProcess create_model() called ==================================
2026-06-20 02:39:48,110:INFO:Initializing create_model()
2026-06-20 02:39:48,110:INFO:create_model(self=<pycaret.classification.oop.ClassificationExperiment object at 0x000001E96175C850>, estimator=ridge, fold=StratifiedKFold(n_splits=10, random_state=None, shuffle=False), round=4, cross_validation=True, predict=True, fit_kwargs={}, groups=None, refit=False, probability_threshold=None, experiment_custom_tags=None, verbose=False, system=False, add_to_model_list=True, metrics=None, display=<pycaret.internal.display.display.CommonDisplay object at 0x000001E95CA73010>, model_only=True, return_train_score=False, error_score=0.0, kwargs={})
2026-06-20 02:39:48,110:INFO:Checking exceptions
2026-06-20 02:39:48,110:INFO:Importing libraries
2026-06-20 02:39:48,110:INFO:Copying training dataset
2026-06-20 02:39:48,351:INFO:Defining folds
2026-06-20 02:39:48,351:INFO:Declaring metric variables
2026-06-20 02:39:48,353:INFO:Importing untrained model
2026-06-20 02:39:48,357:INFO:Ridge Classifier Imported successfully
2026-06-20 02:39:48,361:INFO:Starting cross validation
2026-06-20 02:39:48,361:INFO:Cross validating with StratifiedKFold(n_splits=10, random_state=None, shuffle=False), n_jobs=-1
2026-06-20 02:39:48,750:WARNING:C:\Users\PC\AppData\Roaming\Python\Python311\site-packages\pycaret\internal\metrics.py:196: FitFailedWarning: Metric 'make_scorer(roc_auc_score, response_method='predict_proba', average=weighted, multi_class=ovr)' failed and error score 0.0 has been returned instead. If this is a custom metric, this usually means that the error is in the metric code. Full exception below:
Traceback (most recent call last):
  File "C:\Users\PC\AppData\Roaming\Python\Python311\site-packages\pycaret\internal\metrics.py", line 188, in _score
    return super()._score(
           ^^^^^^^^^^^^^^^
  File "C:\Users\PC\AppData\Roaming\Python\Python311\site-packages\sklearn\metrics\_scorer.py", line 344, in _score
    response_method = _check_response_method(estimator, self._response_method)
                      ^^^^^^^^^^^^^^^^^^^^^^^^^^^^^^^^^^^^^^^^^^^^^^^^^^^^^^^^
  File "C:\Users\PC\AppData\Roaming\Python\Python311\site-packages\sklearn\utils\validation.py", line 2106, in _check_response_method
    raise AttributeError(
AttributeError: Pipeline has none of the following attributes: predict_proba.

  warnings.warn(

2026-06-20 02:39:48,903:WARNING:C:\Users\PC\AppData\Roaming\Python\Python311\site-packages\pycaret\internal\metrics.py:196: FitFailedWarning: Metric 'make_scorer(roc_auc_score, response_method='predict_proba', average=weighted, multi_class=ovr)' failed and error score 0.0 has been returned instead. If this is a custom metric, this usually means that the error is in the metric code. Full exception below:
Traceback (most recent call last):
  File "C:\Users\PC\AppData\Roaming\Python\Python311\site-packages\pycaret\internal\metrics.py", line 188, in _score
    return super()._score(
           ^^^^^^^^^^^^^^^
  File "C:\Users\PC\AppData\Roaming\Python\Python311\site-packages\sklearn\metrics\_scorer.py", line 344, in _score
    response_method = _check_response_method(estimator, self._response_method)
                      ^^^^^^^^^^^^^^^^^^^^^^^^^^^^^^^^^^^^^^^^^^^^^^^^^^^^^^^^
  File "C:\Users\PC\AppData\Roaming\Python\Python311\site-packages\sklearn\utils\validation.py", line 2106, in _check_response_method
    raise AttributeError(
AttributeError: Pipeline has none of the following attributes: predict_proba.

  warnings.warn(

2026-06-20 02:39:49,089:WARNING:C:\Users\PC\AppData\Roaming\Python\Python311\site-packages\pycaret\internal\metrics.py:196: FitFailedWarning: Metric 'make_scorer(roc_auc_score, response_method='predict_proba', average=weighted, multi_class=ovr)' failed and error score 0.0 has been returned instead. If this is a custom metric, this usually means that the error is in the metric code. Full exception below:
Traceback (most recent call last):
  File "C:\Users\PC\AppData\Roaming\Python\Python311\site-packages\pycaret\internal\metrics.py", line 188, in _score
    return super()._score(
           ^^^^^^^^^^^^^^^
  File "C:\Users\PC\AppData\Roaming\Python\Python311\site-packages\sklearn\metrics\_scorer.py", line 344, in _score
    response_method = _check_response_method(estimator, self._response_method)
                      ^^^^^^^^^^^^^^^^^^^^^^^^^^^^^^^^^^^^^^^^^^^^^^^^^^^^^^^^
  File "C:\Users\PC\AppData\Roaming\Python\Python311\site-packages\sklearn\utils\validation.py", line 2106, in _check_response_method
    raise AttributeError(
AttributeError: Pipeline has none of the following attributes: predict_proba.

  warnings.warn(

2026-06-20 02:39:49,268:WARNING:C:\Users\PC\AppData\Roaming\Python\Python311\site-packages\pycaret\internal\metrics.py:196: FitFailedWarning: Metric 'make_scorer(roc_auc_score, response_method='predict_proba', average=weighted, multi_class=ovr)' failed and error score 0.0 has been returned instead. If this is a custom metric, this usually means that the error is in the metric code. Full exception below:
Traceback (most recent call last):
  File "C:\Users\PC\AppData\Roaming\Python\Python311\site-packages\pycaret\internal\metrics.py", line 188, in _score
    return super()._score(
           ^^^^^^^^^^^^^^^
  File "C:\Users\PC\AppData\Roaming\Python\Python311\site-packages\sklearn\metrics\_scorer.py", line 344, in _score
    response_method = _check_response_method(estimator, self._response_method)
                      ^^^^^^^^^^^^^^^^^^^^^^^^^^^^^^^^^^^^^^^^^^^^^^^^^^^^^^^^
  File "C:\Users\PC\AppData\Roaming\Python\Python311\site-packages\sklearn\utils\validation.py", line 2106, in _check_response_method
    raise AttributeError(
AttributeError: Pipeline has none of the following attributes: predict_proba.

  warnings.warn(

2026-06-20 02:39:49,502:WARNING:C:\Users\PC\AppData\Roaming\Python\Python311\site-packages\pycaret\internal\metrics.py:196: FitFailedWarning: Metric 'make_scorer(roc_auc_score, response_method='predict_proba', average=weighted, multi_class=ovr)' failed and error score 0.0 has been returned instead. If this is a custom metric, this usually means that the error is in the metric code. Full exception below:
Traceback (most recent call last):
  File "C:\Users\PC\AppData\Roaming\Python\Python311\site-packages\pycaret\internal\metrics.py", line 188, in _score
    return super()._score(
           ^^^^^^^^^^^^^^^
  File "C:\Users\PC\AppData\Roaming\Python\Python311\site-packages\sklearn\metrics\_scorer.py", line 344, in _score
    response_method = _check_response_method(estimator, self._response_method)
                      ^^^^^^^^^^^^^^^^^^^^^^^^^^^^^^^^^^^^^^^^^^^^^^^^^^^^^^^^
  File "C:\Users\PC\AppData\Roaming\Python\Python311\site-packages\sklearn\utils\validation.py", line 2106, in _check_response_method
    raise AttributeError(
AttributeError: Pipeline has none of the following attributes: predict_proba.

  warnings.warn(

2026-06-20 02:39:49,734:WARNING:C:\Users\PC\AppData\Roaming\Python\Python311\site-packages\pycaret\internal\metrics.py:196: FitFailedWarning: Metric 'make_scorer(roc_auc_score, response_method='predict_proba', average=weighted, multi_class=ovr)' failed and error score 0.0 has been returned instead. If this is a custom metric, this usually means that the error is in the metric code. Full exception below:
Traceback (most recent call last):
  File "C:\Users\PC\AppData\Roaming\Python\Python311\site-packages\pycaret\internal\metrics.py", line 188, in _score
    return super()._score(
           ^^^^^^^^^^^^^^^
  File "C:\Users\PC\AppData\Roaming\Python\Python311\site-packages\sklearn\metrics\_scorer.py", line 344, in _score
    response_method = _check_response_method(estimator, self._response_method)
                      ^^^^^^^^^^^^^^^^^^^^^^^^^^^^^^^^^^^^^^^^^^^^^^^^^^^^^^^^
  File "C:\Users\PC\AppData\Roaming\Python\Python311\site-packages\sklearn\utils\validation.py", line 2106, in _check_response_method
    raise AttributeError(
AttributeError: Pipeline has none of the following attributes: predict_proba.

  warnings.warn(

2026-06-20 02:39:49,940:WARNING:C:\Users\PC\AppData\Roaming\Python\Python311\site-packages\pycaret\internal\metrics.py:196: FitFailedWarning: Metric 'make_scorer(roc_auc_score, response_method='predict_proba', average=weighted, multi_class=ovr)' failed and error score 0.0 has been returned instead. If this is a custom metric, this usually means that the error is in the metric code. Full exception below:
Traceback (most recent call last):
  File "C:\Users\PC\AppData\Roaming\Python\Python311\site-packages\pycaret\internal\metrics.py", line 188, in _score
    return super()._score(
           ^^^^^^^^^^^^^^^
  File "C:\Users\PC\AppData\Roaming\Python\Python311\site-packages\sklearn\metrics\_scorer.py", line 344, in _score
    response_method = _check_response_method(estimator, self._response_method)
                      ^^^^^^^^^^^^^^^^^^^^^^^^^^^^^^^^^^^^^^^^^^^^^^^^^^^^^^^^
  File "C:\Users\PC\AppData\Roaming\Python\Python311\site-packages\sklearn\utils\validation.py", line 2106, in _check_response_method
    raise AttributeError(
AttributeError: Pipeline has none of the following attributes: predict_proba.

  warnings.warn(

2026-06-20 02:39:50,150:WARNING:C:\Users\PC\AppData\Roaming\Python\Python311\site-packages\pycaret\internal\metrics.py:196: FitFailedWarning: Metric 'make_scorer(roc_auc_score, response_method='predict_proba', average=weighted, multi_class=ovr)' failed and error score 0.0 has been returned instead. If this is a custom metric, this usually means that the error is in the metric code. Full exception below:
Traceback (most recent call last):
  File "C:\Users\PC\AppData\Roaming\Python\Python311\site-packages\pycaret\internal\metrics.py", line 188, in _score
    return super()._score(
           ^^^^^^^^^^^^^^^
  File "C:\Users\PC\AppData\Roaming\Python\Python311\site-packages\sklearn\metrics\_scorer.py", line 344, in _score
    response_method = _check_response_method(estimator, self._response_method)
                      ^^^^^^^^^^^^^^^^^^^^^^^^^^^^^^^^^^^^^^^^^^^^^^^^^^^^^^^^
  File "C:\Users\PC\AppData\Roaming\Python\Python311\site-packages\sklearn\utils\validation.py", line 2106, in _check_response_method
    raise AttributeError(
AttributeError: Pipeline has none of the following attributes: predict_proba.

  warnings.warn(

2026-06-20 02:39:50,359:WARNING:C:\Users\PC\AppData\Roaming\Python\Python311\site-packages\pycaret\internal\metrics.py:196: FitFailedWarning: Metric 'make_scorer(roc_auc_score, response_method='predict_proba', average=weighted, multi_class=ovr)' failed and error score 0.0 has been returned instead. If this is a custom metric, this usually means that the error is in the metric code. Full exception below:
Traceback (most recent call last):
  File "C:\Users\PC\AppData\Roaming\Python\Python311\site-packages\pycaret\internal\metrics.py", line 188, in _score
    return super()._score(
           ^^^^^^^^^^^^^^^
  File "C:\Users\PC\AppData\Roaming\Python\Python311\site-packages\sklearn\metrics\_scorer.py", line 344, in _score
    response_method = _check_response_method(estimator, self._response_method)
                      ^^^^^^^^^^^^^^^^^^^^^^^^^^^^^^^^^^^^^^^^^^^^^^^^^^^^^^^^
  File "C:\Users\PC\AppData\Roaming\Python\Python311\site-packages\sklearn\utils\validation.py", line 2106, in _check_response_method
    raise AttributeError(
AttributeError: Pipeline has none of the following attributes: predict_proba.

  warnings.warn(

2026-06-20 02:39:50,527:WARNING:C:\Users\PC\AppData\Roaming\Python\Python311\site-packages\pycaret\internal\metrics.py:196: FitFailedWarning: Metric 'make_scorer(roc_auc_score, response_method='predict_proba', average=weighted, multi_class=ovr)' failed and error score 0.0 has been returned instead. If this is a custom metric, this usually means that the error is in the metric code. Full exception below:
Traceback (most recent call last):
  File "C:\Users\PC\AppData\Roaming\Python\Python311\site-packages\pycaret\internal\metrics.py", line 188, in _score
    return super()._score(
           ^^^^^^^^^^^^^^^
  File "C:\Users\PC\AppData\Roaming\Python\Python311\site-packages\sklearn\metrics\_scorer.py", line 344, in _score
    response_method = _check_response_method(estimator, self._response_method)
                      ^^^^^^^^^^^^^^^^^^^^^^^^^^^^^^^^^^^^^^^^^^^^^^^^^^^^^^^^
  File "C:\Users\PC\AppData\Roaming\Python\Python311\site-packages\sklearn\utils\validation.py", line 2106, in _check_response_method
    raise AttributeError(
AttributeError: Pipeline has none of the following attributes: predict_proba.

  warnings.warn(

2026-06-20 02:39:50,551:INFO:Calculating mean and std
2026-06-20 02:39:50,552:INFO:Creating metrics dataframe
2026-06-20 02:39:50,554:INFO:Uploading results into container
2026-06-20 02:39:50,555:INFO:Uploading model into container now
2026-06-20 02:39:50,555:INFO:_master_model_container: 20
2026-06-20 02:39:50,555:INFO:_display_container: 3
2026-06-20 02:39:50,556:INFO:RidgeClassifier(alpha=1.0, class_weight=None, copy_X=True, fit_intercept=True,
                max_iter=None, positive=False, random_state=42, solver='auto',
                tol=0.0001)
2026-06-20 02:39:50,556:INFO:create_model() successfully completed......................................
2026-06-20 02:39:50,830:INFO:SubProcess create_model() end ==================================
2026-06-20 02:39:50,830:INFO:Creating metrics dataframe
2026-06-20 02:39:50,836:INFO:Initializing Random Forest Classifier
2026-06-20 02:39:50,836:INFO:Total runtime is 1.488908318678538 minutes
2026-06-20 02:39:50,839:INFO:SubProcess create_model() called ==================================
2026-06-20 02:39:50,839:INFO:Initializing create_model()
2026-06-20 02:39:50,839:INFO:create_model(self=<pycaret.classification.oop.ClassificationExperiment object at 0x000001E96175C850>, estimator=rf, fold=StratifiedKFold(n_splits=10, random_state=None, shuffle=False), round=4, cross_validation=True, predict=True, fit_kwargs={}, groups=None, refit=False, probability_threshold=None, experiment_custom_tags=None, verbose=False, system=False, add_to_model_list=True, metrics=None, display=<pycaret.internal.display.display.CommonDisplay object at 0x000001E95CA73010>, model_only=True, return_train_score=False, error_score=0.0, kwargs={})
2026-06-20 02:39:50,839:INFO:Checking exceptions
2026-06-20 02:39:50,839:INFO:Importing libraries
2026-06-20 02:39:50,839:INFO:Copying training dataset
2026-06-20 02:39:51,066:INFO:Defining folds
2026-06-20 02:39:51,068:INFO:Declaring metric variables
2026-06-20 02:39:51,070:INFO:Importing untrained model
2026-06-20 02:39:51,073:INFO:Random Forest Classifier Imported successfully
2026-06-20 02:39:51,077:INFO:Starting cross validation
2026-06-20 02:39:51,078:INFO:Cross validating with StratifiedKFold(n_splits=10, random_state=None, shuffle=False), n_jobs=-1
2026-06-20 02:40:40,508:INFO:Calculating mean and std
2026-06-20 02:40:40,510:INFO:Creating metrics dataframe
2026-06-20 02:40:40,511:INFO:Uploading results into container
2026-06-20 02:40:40,512:INFO:Uploading model into container now
2026-06-20 02:40:40,512:INFO:_master_model_container: 21
2026-06-20 02:40:40,512:INFO:_display_container: 3
2026-06-20 02:40:40,513:INFO:RandomForestClassifier(bootstrap=True, ccp_alpha=0.0, class_weight=None,
                       criterion='gini', max_depth=None, max_features='sqrt',
                       max_leaf_nodes=None, max_samples=None,
                       min_impurity_decrease=0.0, min_samples_leaf=1,
                       min_samples_split=2, min_weight_fraction_leaf=0.0,
                       monotonic_cst=None, n_estimators=100, n_jobs=-1,
                       oob_score=False, random_state=42, verbose=0,
                       warm_start=False)
2026-06-20 02:40:40,513:INFO:create_model() successfully completed......................................
2026-06-20 02:40:40,887:INFO:SubProcess create_model() end ==================================
2026-06-20 02:40:40,887:INFO:Creating metrics dataframe
2026-06-20 02:40:40,895:INFO:Initializing Quadratic Discriminant Analysis
2026-06-20 02:40:40,895:INFO:Total runtime is 2.3232184807459513 minutes
2026-06-20 02:40:40,898:INFO:SubProcess create_model() called ==================================
2026-06-20 02:40:40,898:INFO:Initializing create_model()
2026-06-20 02:40:40,899:INFO:create_model(self=<pycaret.classification.oop.ClassificationExperiment object at 0x000001E96175C850>, estimator=qda, fold=StratifiedKFold(n_splits=10, random_state=None, shuffle=False), round=4, cross_validation=True, predict=True, fit_kwargs={}, groups=None, refit=False, probability_threshold=None, experiment_custom_tags=None, verbose=False, system=False, add_to_model_list=True, metrics=None, display=<pycaret.internal.display.display.CommonDisplay object at 0x000001E95CA73010>, model_only=True, return_train_score=False, error_score=0.0, kwargs={})
2026-06-20 02:40:40,899:INFO:Checking exceptions
2026-06-20 02:40:40,899:INFO:Importing libraries
2026-06-20 02:40:40,899:INFO:Copying training dataset
2026-06-20 02:40:41,157:INFO:Defining folds
2026-06-20 02:40:41,158:INFO:Declaring metric variables
2026-06-20 02:40:41,160:INFO:Importing untrained model
2026-06-20 02:40:41,163:INFO:Quadratic Discriminant Analysis Imported successfully
2026-06-20 02:40:41,167:INFO:Starting cross validation
2026-06-20 02:40:41,167:INFO:Cross validating with StratifiedKFold(n_splits=10, random_state=None, shuffle=False), n_jobs=-1
2026-06-20 02:41:02,896:INFO:Calculating mean and std
2026-06-20 02:41:02,897:INFO:Creating metrics dataframe
2026-06-20 02:41:02,899:INFO:Uploading results into container
2026-06-20 02:41:02,899:INFO:Uploading model into container now
2026-06-20 02:41:02,899:INFO:_master_model_container: 22
2026-06-20 02:41:02,900:INFO:_display_container: 3
2026-06-20 02:41:02,900:INFO:QuadraticDiscriminantAnalysis(priors=None, reg_param=0.0,
                              store_covariance=False, tol=0.0001)
2026-06-20 02:41:02,900:INFO:create_model() successfully completed......................................
2026-06-20 02:41:03,173:INFO:SubProcess create_model() end ==================================
2026-06-20 02:41:03,173:INFO:Creating metrics dataframe
2026-06-20 02:41:03,181:INFO:Initializing Ada Boost Classifier
2026-06-20 02:41:03,181:INFO:Total runtime is 2.694658513863881 minutes
2026-06-20 02:41:03,184:INFO:SubProcess create_model() called ==================================
2026-06-20 02:41:03,184:INFO:Initializing create_model()
2026-06-20 02:41:03,184:INFO:create_model(self=<pycaret.classification.oop.ClassificationExperiment object at 0x000001E96175C850>, estimator=ada, fold=StratifiedKFold(n_splits=10, random_state=None, shuffle=False), round=4, cross_validation=True, predict=True, fit_kwargs={}, groups=None, refit=False, probability_threshold=None, experiment_custom_tags=None, verbose=False, system=False, add_to_model_list=True, metrics=None, display=<pycaret.internal.display.display.CommonDisplay object at 0x000001E95CA73010>, model_only=True, return_train_score=False, error_score=0.0, kwargs={})
2026-06-20 02:41:03,185:INFO:Checking exceptions
2026-06-20 02:41:03,185:INFO:Importing libraries
2026-06-20 02:41:03,185:INFO:Copying training dataset
2026-06-20 02:41:03,432:INFO:Defining folds
2026-06-20 02:41:03,432:INFO:Declaring metric variables
2026-06-20 02:41:03,434:INFO:Importing untrained model
2026-06-20 02:41:03,438:INFO:Ada Boost Classifier Imported successfully
2026-06-20 02:41:03,443:INFO:Starting cross validation
2026-06-20 02:41:03,443:INFO:Cross validating with StratifiedKFold(n_splits=10, random_state=None, shuffle=False), n_jobs=-1
2026-06-20 02:41:03,692:WARNING:C:\Users\PC\AppData\Roaming\Python\Python311\site-packages\sklearn\ensemble\_weight_boosting.py:519: FutureWarning: The SAMME.R algorithm (the default) is deprecated and will be removed in 1.6. Use the SAMME algorithm to circumvent this warning.
  warnings.warn(

2026-06-20 02:41:03,852:WARNING:C:\Users\PC\AppData\Roaming\Python\Python311\site-packages\sklearn\ensemble\_weight_boosting.py:519: FutureWarning: The SAMME.R algorithm (the default) is deprecated and will be removed in 1.6. Use the SAMME algorithm to circumvent this warning.
  warnings.warn(

2026-06-20 02:41:04,028:WARNING:C:\Users\PC\AppData\Roaming\Python\Python311\site-packages\sklearn\ensemble\_weight_boosting.py:519: FutureWarning: The SAMME.R algorithm (the default) is deprecated and will be removed in 1.6. Use the SAMME algorithm to circumvent this warning.
  warnings.warn(

2026-06-20 02:41:04,219:WARNING:C:\Users\PC\AppData\Roaming\Python\Python311\site-packages\sklearn\ensemble\_weight_boosting.py:519: FutureWarning: The SAMME.R algorithm (the default) is deprecated and will be removed in 1.6. Use the SAMME algorithm to circumvent this warning.
  warnings.warn(

2026-06-20 02:41:04,471:WARNING:C:\Users\PC\AppData\Roaming\Python\Python311\site-packages\sklearn\ensemble\_weight_boosting.py:519: FutureWarning: The SAMME.R algorithm (the default) is deprecated and will be removed in 1.6. Use the SAMME algorithm to circumvent this warning.
  warnings.warn(

2026-06-20 02:41:04,842:WARNING:C:\Users\PC\AppData\Roaming\Python\Python311\site-packages\sklearn\ensemble\_weight_boosting.py:519: FutureWarning: The SAMME.R algorithm (the default) is deprecated and will be removed in 1.6. Use the SAMME algorithm to circumvent this warning.
  warnings.warn(

2026-06-20 02:41:05,168:WARNING:C:\Users\PC\AppData\Roaming\Python\Python311\site-packages\sklearn\ensemble\_weight_boosting.py:519: FutureWarning: The SAMME.R algorithm (the default) is deprecated and will be removed in 1.6. Use the SAMME algorithm to circumvent this warning.
  warnings.warn(

2026-06-20 02:41:05,546:WARNING:C:\Users\PC\AppData\Roaming\Python\Python311\site-packages\sklearn\ensemble\_weight_boosting.py:519: FutureWarning: The SAMME.R algorithm (the default) is deprecated and will be removed in 1.6. Use the SAMME algorithm to circumvent this warning.
  warnings.warn(

2026-06-20 02:41:05,947:WARNING:C:\Users\PC\AppData\Roaming\Python\Python311\site-packages\sklearn\ensemble\_weight_boosting.py:519: FutureWarning: The SAMME.R algorithm (the default) is deprecated and will be removed in 1.6. Use the SAMME algorithm to circumvent this warning.
  warnings.warn(

2026-06-20 02:41:06,320:WARNING:C:\Users\PC\AppData\Roaming\Python\Python311\site-packages\sklearn\ensemble\_weight_boosting.py:519: FutureWarning: The SAMME.R algorithm (the default) is deprecated and will be removed in 1.6. Use the SAMME algorithm to circumvent this warning.
  warnings.warn(

2026-06-20 02:41:17,006:INFO:Calculating mean and std
2026-06-20 02:41:17,007:INFO:Creating metrics dataframe
2026-06-20 02:41:17,009:INFO:Uploading results into container
2026-06-20 02:41:17,009:INFO:Uploading model into container now
2026-06-20 02:41:17,010:INFO:_master_model_container: 23
2026-06-20 02:41:17,010:INFO:_display_container: 3
2026-06-20 02:41:17,010:INFO:AdaBoostClassifier(algorithm='SAMME.R', estimator=None, learning_rate=1.0,
                   n_estimators=50, random_state=42)
2026-06-20 02:41:17,010:INFO:create_model() successfully completed......................................
2026-06-20 02:41:17,369:INFO:SubProcess create_model() end ==================================
2026-06-20 02:41:17,369:INFO:Creating metrics dataframe
2026-06-20 02:41:17,378:INFO:Initializing Gradient Boosting Classifier
2026-06-20 02:41:17,378:INFO:Total runtime is 2.9312752882639566 minutes
2026-06-20 02:41:17,382:INFO:SubProcess create_model() called ==================================
2026-06-20 02:41:17,382:INFO:Initializing create_model()
2026-06-20 02:41:17,382:INFO:create_model(self=<pycaret.classification.oop.ClassificationExperiment object at 0x000001E96175C850>, estimator=gbc, fold=StratifiedKFold(n_splits=10, random_state=None, shuffle=False), round=4, cross_validation=True, predict=True, fit_kwargs={}, groups=None, refit=False, probability_threshold=None, experiment_custom_tags=None, verbose=False, system=False, add_to_model_list=True, metrics=None, display=<pycaret.internal.display.display.CommonDisplay object at 0x000001E95CA73010>, model_only=True, return_train_score=False, error_score=0.0, kwargs={})
2026-06-20 02:41:17,382:INFO:Checking exceptions
2026-06-20 02:41:17,382:INFO:Importing libraries
2026-06-20 02:41:17,383:INFO:Copying training dataset
2026-06-20 02:41:17,651:INFO:Defining folds
2026-06-20 02:41:17,651:INFO:Declaring metric variables
2026-06-20 02:41:17,653:INFO:Importing untrained model
2026-06-20 02:41:17,656:INFO:Gradient Boosting Classifier Imported successfully
2026-06-20 02:41:17,662:INFO:Starting cross validation
2026-06-20 02:41:17,663:INFO:Cross validating with StratifiedKFold(n_splits=10, random_state=None, shuffle=False), n_jobs=-1
2026-06-20 02:42:30,050:INFO:Calculating mean and std
2026-06-20 02:42:30,053:INFO:Creating metrics dataframe
2026-06-20 02:42:30,054:INFO:Uploading results into container
2026-06-20 02:42:30,055:INFO:Uploading model into container now
2026-06-20 02:42:30,055:INFO:_master_model_container: 24
2026-06-20 02:42:30,055:INFO:_display_container: 3
2026-06-20 02:42:30,055:INFO:GradientBoostingClassifier(ccp_alpha=0.0, criterion='friedman_mse', init=None,
                           learning_rate=0.1, loss='log_loss', max_depth=3,
                           max_features=None, max_leaf_nodes=None,
                           min_impurity_decrease=0.0, min_samples_leaf=1,
                           min_samples_split=2, min_weight_fraction_leaf=0.0,
                           n_estimators=100, n_iter_no_change=None,
                           random_state=42, subsample=1.0, tol=0.0001,
                           validation_fraction=0.1, verbose=0,
                           warm_start=False)
2026-06-20 02:42:30,055:INFO:create_model() successfully completed......................................
2026-06-20 02:42:30,371:INFO:SubProcess create_model() end ==================================
2026-06-20 02:42:30,372:INFO:Creating metrics dataframe
2026-06-20 02:42:30,378:INFO:Initializing Linear Discriminant Analysis
2026-06-20 02:42:30,378:INFO:Total runtime is 4.1479333122571305 minutes
2026-06-20 02:42:30,381:INFO:SubProcess create_model() called ==================================
2026-06-20 02:42:30,383:INFO:Initializing create_model()
2026-06-20 02:42:30,383:INFO:create_model(self=<pycaret.classification.oop.ClassificationExperiment object at 0x000001E96175C850>, estimator=lda, fold=StratifiedKFold(n_splits=10, random_state=None, shuffle=False), round=4, cross_validation=True, predict=True, fit_kwargs={}, groups=None, refit=False, probability_threshold=None, experiment_custom_tags=None, verbose=False, system=False, add_to_model_list=True, metrics=None, display=<pycaret.internal.display.display.CommonDisplay object at 0x000001E95CA73010>, model_only=True, return_train_score=False, error_score=0.0, kwargs={})
2026-06-20 02:42:30,383:INFO:Checking exceptions
2026-06-20 02:42:30,383:INFO:Importing libraries
2026-06-20 02:42:30,383:INFO:Copying training dataset
2026-06-20 02:42:30,629:INFO:Defining folds
2026-06-20 02:42:30,629:INFO:Declaring metric variables
2026-06-20 02:42:30,633:INFO:Importing untrained model
2026-06-20 02:42:30,636:INFO:Linear Discriminant Analysis Imported successfully
2026-06-20 02:42:30,641:INFO:Starting cross validation
2026-06-20 02:42:30,641:INFO:Cross validating with StratifiedKFold(n_splits=10, random_state=None, shuffle=False), n_jobs=-1
2026-06-20 02:42:44,251:INFO:Calculating mean and std
2026-06-20 02:42:44,252:INFO:Creating metrics dataframe
2026-06-20 02:42:44,254:INFO:Uploading results into container
2026-06-20 02:42:44,254:INFO:Uploading model into container now
2026-06-20 02:42:44,254:INFO:_master_model_container: 25
2026-06-20 02:42:44,254:INFO:_display_container: 3
2026-06-20 02:42:44,255:INFO:LinearDiscriminantAnalysis(covariance_estimator=None, n_components=None,
                           priors=None, shrinkage=None, solver='svd',
                           store_covariance=False, tol=0.0001)
2026-06-20 02:42:44,255:INFO:create_model() successfully completed......................................
2026-06-20 02:42:44,593:INFO:SubProcess create_model() end ==================================
2026-06-20 02:42:44,593:INFO:Creating metrics dataframe
2026-06-20 02:42:44,600:INFO:Initializing Extra Trees Classifier
2026-06-20 02:42:44,601:INFO:Total runtime is 4.384983531634012 minutes
2026-06-20 02:42:44,603:INFO:SubProcess create_model() called ==================================
2026-06-20 02:42:44,603:INFO:Initializing create_model()
2026-06-20 02:42:44,603:INFO:create_model(self=<pycaret.classification.oop.ClassificationExperiment object at 0x000001E96175C850>, estimator=et, fold=StratifiedKFold(n_splits=10, random_state=None, shuffle=False), round=4, cross_validation=True, predict=True, fit_kwargs={}, groups=None, refit=False, probability_threshold=None, experiment_custom_tags=None, verbose=False, system=False, add_to_model_list=True, metrics=None, display=<pycaret.internal.display.display.CommonDisplay object at 0x000001E95CA73010>, model_only=True, return_train_score=False, error_score=0.0, kwargs={})
2026-06-20 02:42:44,603:INFO:Checking exceptions
2026-06-20 02:42:44,603:INFO:Importing libraries
2026-06-20 02:42:44,603:INFO:Copying training dataset
2026-06-20 02:42:44,844:INFO:Defining folds
2026-06-20 02:42:44,844:INFO:Declaring metric variables
2026-06-20 02:42:44,846:INFO:Importing untrained model
2026-06-20 02:42:44,852:INFO:Extra Trees Classifier Imported successfully
2026-06-20 02:42:44,857:INFO:Starting cross validation
2026-06-20 02:42:44,858:INFO:Cross validating with StratifiedKFold(n_splits=10, random_state=None, shuffle=False), n_jobs=-1
2026-06-20 02:44:05,109:INFO:Calculating mean and std
2026-06-20 02:44:05,110:INFO:Creating metrics dataframe
2026-06-20 02:44:05,112:INFO:Uploading results into container
2026-06-20 02:44:05,113:INFO:Uploading model into container now
2026-06-20 02:44:05,113:INFO:_master_model_container: 26
2026-06-20 02:44:05,113:INFO:_display_container: 3
2026-06-20 02:44:05,114:INFO:ExtraTreesClassifier(bootstrap=False, ccp_alpha=0.0, class_weight=None,
                     criterion='gini', max_depth=None, max_features='sqrt',
                     max_leaf_nodes=None, max_samples=None,
                     min_impurity_decrease=0.0, min_samples_leaf=1,
                     min_samples_split=2, min_weight_fraction_leaf=0.0,
                     monotonic_cst=None, n_estimators=100, n_jobs=-1,
                     oob_score=False, random_state=42, verbose=0,
                     warm_start=False)
2026-06-20 02:44:05,114:INFO:create_model() successfully completed......................................
2026-06-20 02:44:05,531:INFO:SubProcess create_model() end ==================================
2026-06-20 02:44:05,531:INFO:Creating metrics dataframe
2026-06-20 02:44:05,540:INFO:Initializing Light Gradient Boosting Machine
2026-06-20 02:44:05,540:INFO:Total runtime is 5.733974981307983 minutes
2026-06-20 02:44:05,543:INFO:SubProcess create_model() called ==================================
2026-06-20 02:44:05,543:INFO:Initializing create_model()
2026-06-20 02:44:05,544:INFO:create_model(self=<pycaret.classification.oop.ClassificationExperiment object at 0x000001E96175C850>, estimator=lightgbm, fold=StratifiedKFold(n_splits=10, random_state=None, shuffle=False), round=4, cross_validation=True, predict=True, fit_kwargs={}, groups=None, refit=False, probability_threshold=None, experiment_custom_tags=None, verbose=False, system=False, add_to_model_list=True, metrics=None, display=<pycaret.internal.display.display.CommonDisplay object at 0x000001E95CA73010>, model_only=True, return_train_score=False, error_score=0.0, kwargs={})
2026-06-20 02:44:05,544:INFO:Checking exceptions
2026-06-20 02:44:05,544:INFO:Importing libraries
2026-06-20 02:44:05,544:INFO:Copying training dataset
2026-06-20 02:44:05,805:INFO:Defining folds
2026-06-20 02:44:05,805:INFO:Declaring metric variables
2026-06-20 02:44:05,808:INFO:Importing untrained model
2026-06-20 02:44:05,812:INFO:Light Gradient Boosting Machine Imported successfully
2026-06-20 02:44:05,817:INFO:Starting cross validation
2026-06-20 02:44:05,818:INFO:Cross validating with StratifiedKFold(n_splits=10, random_state=None, shuffle=False), n_jobs=-1
2026-06-20 02:44:10,568:INFO:Calculating mean and std
2026-06-20 02:44:10,570:INFO:Creating metrics dataframe
2026-06-20 02:44:10,572:INFO:Uploading results into container
2026-06-20 02:44:10,573:INFO:Uploading model into container now
2026-06-20 02:44:10,573:INFO:_master_model_container: 27
2026-06-20 02:44:10,573:INFO:_display_container: 3
2026-06-20 02:44:10,574:INFO:LGBMClassifier(boosting_type='gbdt', class_weight=None, colsample_bytree=1.0,
               importance_type='split', learning_rate=0.1, max_depth=-1,
               min_child_samples=20, min_child_weight=0.001, min_split_gain=0.0,
               n_estimators=100, n_jobs=-1, num_leaves=31, objective=None,
               random_state=42, reg_alpha=0.0, reg_lambda=0.0, subsample=1.0,
               subsample_for_bin=200000, subsample_freq=0)
2026-06-20 02:44:10,574:INFO:create_model() successfully completed......................................
2026-06-20 02:44:10,981:INFO:SubProcess create_model() end ==================================
2026-06-20 02:44:10,981:INFO:Creating metrics dataframe
2026-06-20 02:44:10,988:INFO:Initializing Dummy Classifier
2026-06-20 02:44:10,989:INFO:Total runtime is 5.82478332122167 minutes
2026-06-20 02:44:10,991:INFO:SubProcess create_model() called ==================================
2026-06-20 02:44:10,992:INFO:Initializing create_model()
2026-06-20 02:44:10,992:INFO:create_model(self=<pycaret.classification.oop.ClassificationExperiment object at 0x000001E96175C850>, estimator=dummy, fold=StratifiedKFold(n_splits=10, random_state=None, shuffle=False), round=4, cross_validation=True, predict=True, fit_kwargs={}, groups=None, refit=False, probability_threshold=None, experiment_custom_tags=None, verbose=False, system=False, add_to_model_list=True, metrics=None, display=<pycaret.internal.display.display.CommonDisplay object at 0x000001E95CA73010>, model_only=True, return_train_score=False, error_score=0.0, kwargs={})
2026-06-20 02:44:10,992:INFO:Checking exceptions
2026-06-20 02:44:10,992:INFO:Importing libraries
2026-06-20 02:44:10,992:INFO:Copying training dataset
2026-06-20 02:44:11,236:INFO:Defining folds
2026-06-20 02:44:11,237:INFO:Declaring metric variables
2026-06-20 02:44:11,240:INFO:Importing untrained model
2026-06-20 02:44:11,243:INFO:Dummy Classifier Imported successfully
2026-06-20 02:44:11,247:INFO:Starting cross validation
2026-06-20 02:44:11,248:INFO:Cross validating with StratifiedKFold(n_splits=10, random_state=None, shuffle=False), n_jobs=-1
2026-06-20 02:44:11,563:WARNING:C:\Users\PC\AppData\Roaming\Python\Python311\site-packages\sklearn\metrics\_classification.py:1509: UndefinedMetricWarning: Precision is ill-defined and being set to 0.0 due to no predicted samples. Use `zero_division` parameter to control this behavior.
  _warn_prf(average, modifier, f"{metric.capitalize()} is", len(result))

2026-06-20 02:44:11,725:WARNING:C:\Users\PC\AppData\Roaming\Python\Python311\site-packages\sklearn\metrics\_classification.py:1509: UndefinedMetricWarning: Precision is ill-defined and being set to 0.0 due to no predicted samples. Use `zero_division` parameter to control this behavior.
  _warn_prf(average, modifier, f"{metric.capitalize()} is", len(result))

2026-06-20 02:44:11,880:WARNING:C:\Users\PC\AppData\Roaming\Python\Python311\site-packages\sklearn\metrics\_classification.py:1509: UndefinedMetricWarning: Precision is ill-defined and being set to 0.0 due to no predicted samples. Use `zero_division` parameter to control this behavior.
  _warn_prf(average, modifier, f"{metric.capitalize()} is", len(result))

2026-06-20 02:44:12,024:WARNING:C:\Users\PC\AppData\Roaming\Python\Python311\site-packages\sklearn\metrics\_classification.py:1509: UndefinedMetricWarning: Precision is ill-defined and being set to 0.0 due to no predicted samples. Use `zero_division` parameter to control this behavior.
  _warn_prf(average, modifier, f"{metric.capitalize()} is", len(result))

2026-06-20 02:44:12,155:WARNING:C:\Users\PC\AppData\Roaming\Python\Python311\site-packages\sklearn\metrics\_classification.py:1509: UndefinedMetricWarning: Precision is ill-defined and being set to 0.0 due to no predicted samples. Use `zero_division` parameter to control this behavior.
  _warn_prf(average, modifier, f"{metric.capitalize()} is", len(result))

2026-06-20 02:44:12,297:WARNING:C:\Users\PC\AppData\Roaming\Python\Python311\site-packages\sklearn\metrics\_classification.py:1509: UndefinedMetricWarning: Precision is ill-defined and being set to 0.0 due to no predicted samples. Use `zero_division` parameter to control this behavior.
  _warn_prf(average, modifier, f"{metric.capitalize()} is", len(result))

2026-06-20 02:44:12,441:WARNING:C:\Users\PC\AppData\Roaming\Python\Python311\site-packages\sklearn\metrics\_classification.py:1509: UndefinedMetricWarning: Precision is ill-defined and being set to 0.0 due to no predicted samples. Use `zero_division` parameter to control this behavior.
  _warn_prf(average, modifier, f"{metric.capitalize()} is", len(result))

2026-06-20 02:44:12,584:WARNING:C:\Users\PC\AppData\Roaming\Python\Python311\site-packages\sklearn\metrics\_classification.py:1509: UndefinedMetricWarning: Precision is ill-defined and being set to 0.0 due to no predicted samples. Use `zero_division` parameter to control this behavior.
  _warn_prf(average, modifier, f"{metric.capitalize()} is", len(result))

2026-06-20 02:44:12,744:WARNING:C:\Users\PC\AppData\Roaming\Python\Python311\site-packages\sklearn\metrics\_classification.py:1509: UndefinedMetricWarning: Precision is ill-defined and being set to 0.0 due to no predicted samples. Use `zero_division` parameter to control this behavior.
  _warn_prf(average, modifier, f"{metric.capitalize()} is", len(result))

2026-06-20 02:44:12,884:WARNING:C:\Users\PC\AppData\Roaming\Python\Python311\site-packages\sklearn\metrics\_classification.py:1509: UndefinedMetricWarning: Precision is ill-defined and being set to 0.0 due to no predicted samples. Use `zero_division` parameter to control this behavior.
  _warn_prf(average, modifier, f"{metric.capitalize()} is", len(result))

2026-06-20 02:44:12,898:INFO:Calculating mean and std
2026-06-20 02:44:12,899:INFO:Creating metrics dataframe
2026-06-20 02:44:12,900:INFO:Uploading results into container
2026-06-20 02:44:12,901:INFO:Uploading model into container now
2026-06-20 02:44:12,901:INFO:_master_model_container: 28
2026-06-20 02:44:12,901:INFO:_display_container: 3
2026-06-20 02:44:12,901:INFO:DummyClassifier(constant=None, random_state=42, strategy='prior')
2026-06-20 02:44:12,902:INFO:create_model() successfully completed......................................
2026-06-20 02:44:13,158:INFO:SubProcess create_model() end ==================================
2026-06-20 02:44:13,158:INFO:Creating metrics dataframe
2026-06-20 02:44:13,172:INFO:Initializing create_model()
2026-06-20 02:44:13,172:INFO:create_model(self=<pycaret.classification.oop.ClassificationExperiment object at 0x000001E96175C850>, estimator=LGBMClassifier(boosting_type='gbdt', class_weight=None, colsample_bytree=1.0,
               importance_type='split', learning_rate=0.1, max_depth=-1,
               min_child_samples=20, min_child_weight=0.001, min_split_gain=0.0,
               n_estimators=100, n_jobs=-1, num_leaves=31, objective=None,
               random_state=42, reg_alpha=0.0, reg_lambda=0.0, subsample=1.0,
               subsample_for_bin=200000, subsample_freq=0), fold=StratifiedKFold(n_splits=10, random_state=None, shuffle=False), round=4, cross_validation=False, predict=False, fit_kwargs={}, groups=None, refit=True, probability_threshold=None, experiment_custom_tags=None, verbose=False, system=False, add_to_model_list=True, metrics=None, display=None, model_only=True, return_train_score=False, error_score=0.0, kwargs={})
2026-06-20 02:44:13,172:INFO:Checking exceptions
2026-06-20 02:44:13,174:INFO:Importing libraries
2026-06-20 02:44:13,174:INFO:Copying training dataset
2026-06-20 02:44:13,426:INFO:Defining folds
2026-06-20 02:44:13,426:INFO:Declaring metric variables
2026-06-20 02:44:13,426:INFO:Importing untrained model
2026-06-20 02:44:13,426:INFO:Declaring custom model
2026-06-20 02:44:13,427:INFO:Light Gradient Boosting Machine Imported successfully
2026-06-20 02:44:13,427:INFO:Cross validation set to False
2026-06-20 02:44:13,427:INFO:Fitting Model
2026-06-20 02:44:13,672:INFO:[LightGBM] [Info] Number of positive: 17849, number of negative: 61756
2026-06-20 02:44:13,678:INFO:[LightGBM] [Info] Auto-choosing col-wise multi-threading, the overhead of testing was 0.004096 seconds.
2026-06-20 02:44:13,678:INFO:You can set `force_col_wise=true` to remove the overhead.
2026-06-20 02:44:13,679:INFO:[LightGBM] [Info] Total Bins 5274
2026-06-20 02:44:13,680:INFO:[LightGBM] [Info] Number of data points in the train set: 79605, number of used features: 115
2026-06-20 02:44:13,681:INFO:[LightGBM] [Info] [binary:BoostFromScore]: pavg=0.224220 -> initscore=-1.241244
2026-06-20 02:44:13,681:INFO:[LightGBM] [Info] Start training from score -1.241244
2026-06-20 02:44:13,973:INFO:LGBMClassifier(boosting_type='gbdt', class_weight=None, colsample_bytree=1.0,
               importance_type='split', learning_rate=0.1, max_depth=-1,
               min_child_samples=20, min_child_weight=0.001, min_split_gain=0.0,
               n_estimators=100, n_jobs=-1, num_leaves=31, objective=None,
               random_state=42, reg_alpha=0.0, reg_lambda=0.0, subsample=1.0,
               subsample_for_bin=200000, subsample_freq=0)
2026-06-20 02:44:13,973:INFO:create_model() successfully completed......................................
2026-06-20 02:44:14,296:INFO:_master_model_container: 28
2026-06-20 02:44:14,297:INFO:_display_container: 3
2026-06-20 02:44:14,298:INFO:LGBMClassifier(boosting_type='gbdt', class_weight=None, colsample_bytree=1.0,
               importance_type='split', learning_rate=0.1, max_depth=-1,
               min_child_samples=20, min_child_weight=0.001, min_split_gain=0.0,
               n_estimators=100, n_jobs=-1, num_leaves=31, objective=None,
               random_state=42, reg_alpha=0.0, reg_lambda=0.0, subsample=1.0,
               subsample_for_bin=200000, subsample_freq=0)
2026-06-20 02:44:14,298:INFO:compare_models() successfully completed......................................
2026-06-20 02:49:34,321:WARNING:C:\Users\PC\AppData\Roaming\Python\Python311\site-packages\shap\explainers\_deep\deep_tf.py:94: UserWarning: Your TensorFlow version is newer than 2.4.0 and so graph support has been removed in eager mode and some static graphs may not be supported. See PR #1483 for discussion.
  warnings.warn(

2026-06-20 02:49:34,321:WARNING:C:\Users\PC\AppData\Roaming\Python\Python311\site-packages\shap\explainers\_deep\deep_tf.py:153: UserWarning: You have provided over 5k background samples! For better performance consider using smaller random sample.
  warnings.warn(

2026-06-20 02:49:34,354:WARNING:C:\Users\PC\AppData\Roaming\Python\Python311\site-packages\keras\src\backend.py:452: UserWarning: `tf.keras.backend.set_learning_phase` is deprecated and will be removed after 2020-10-11. To update it, simply pass a True/False value to the `training` argument of the `__call__` method of your layer or model.
  warnings.warn(

